존,번호,곡,근거,등급
D10,10,트리튬,사용자 확인(대부분 8/14 영상 눈판독) — D10 의 10·11 번이 맞았다. 번호는 단조라 그 점이 맞으면 못 본 구간 10~11 전체의 밀림이 없다,구간확정(미검증)
D10,11,패싱 라이더,사용자 확인(대부분 8/14 영상 눈판독) — D10 의 10·11 번이 맞았다. 번호는 단조라 그 점이 맞으면 못 본 구간 10~11 전체의 밀림이 없다,구간확정(미검증)
D10,18,엘리시움,사용자 확인(대부분 8/14 영상 눈판독) — D10 의 18·19 번이 맞았다. 번호는 단조라 그 점이 맞으면 못 본 구간 18~19 전체의 밀림이 없다,구간확정(미검증)
D10,19,레퀴엠,사용자 확인(대부분 8/14 영상 눈판독) — D10 의 18·19 번이 맞았다. 번호는 단조라 그 점이 맞으면 못 본 구간 18~19 전체의 밀림이 없다,구간확정(미검증)
D10,27,아마이 유우와쿠 데인저러스,사용자 확인(대부분 8/14 영상 눈판독) — D10 의 27 번이 맞았다. 번호는 단조라 그 점이 맞으면 못 본 구간 27~27 전체의 밀림이 없다,구간확정(미검증)
D11,9,아이올라이트 스카이,사용자 확인(대부분 8/14 영상 눈판독) — D11 의 9·10 번이 맞았다. 번호는 단조라 그 점이 맞으면 못 본 구간 9~10 전체의 밀림이 없다,구간확정(미검증)
D11,10,스타드림 (feat. Romelon),사용자 확인(대부분 8/14 영상 눈판독) — D11 의 9·10 번이 맞았다. 번호는 단조라 그 점이 맞으면 못 본 구간 9~10 전체의 밀림이 없다,구간확정(미검증)
D11,17,설탕음모론,사용자 확인(대부분 8/14 영상 눈판독) — D11 의 17·18 번이 맞았다. 번호는 단조라 그 점이 맞으면 못 본 구간 17~18 전체의 밀림이 없다,구간확정(미검증)
D11,18,포인트 제로 원,사용자 확인(대부분 8/14 영상 눈판독) — D11 의 17·18 번이 맞았다. 번호는 단조라 그 점이 맞으면 못 본 구간 17~18 전체의 밀림이 없다,구간확정(미검증)
D11,25,테프리스,사용자 확인(대부분 8/14 영상 눈판독) — D11 의 25·26·27 번이 맞았다. 번호는 단조라 그 점이 맞으면 못 본 구간 25~27 전체의 밀림이 없다,구간확정(미검증)
D11,26,블레이즈 이모션,사용자 확인(대부분 8/14 영상 눈판독) — D11 의 25·26·27 번이 맞았다. 번호는 단조라 그 점이 맞으면 못 본 구간 25~27 전체의 밀림이 없다,구간확정(미검증)
D11,27,카프리스 오브 오타다,사용자 확인(대부분 8/14 영상 눈판독) — D11 의 25·26·27 번이 맞았다. 번호는 단조라 그 점이 맞으면 못 본 구간 25~27 전체의 밀림이 없다,구간확정(미검증)
D11,34,라이프 이즈 피아노,사용자 확인(대부분 8/14 영상 눈판독) — D11 의 34 번이 맞았다. 번호는 단조라 그 점이 맞으면 못 본 구간 34~34 전체의 밀림이 없다,구간확정(미검증)
D12,9,아이스 오브 데스,사용자 확인(대부분 8/14 영상 눈판독) — D12 의 9·10·11·12·13·14 외 5 번이 맞았다. 번호는 단조라 그 점이 맞으면 못 본 구간 9~19 전체의 밀림이 없다,구간확정(미검증)
D12,10,아드레날린 블래스터,사용자 확인(대부분 8/14 영상 눈판독) — D12 의 9·10·11·12·13·14 외 5 번이 맞았다. 번호는 단조라 그 점이 맞으면 못 본 구간 9~19 전체의 밀림이 없다,구간확정(미검증)
D12,11,위키드 레전드,사용자 확인(대부분 8/14 영상 눈판독) — D12 의 9·10·11·12·13·14 외 5 번이 맞았다. 번호는 단조라 그 점이 맞으면 못 본 구간 9~19 전체의 밀림이 없다,구간확정(미검증)
D12,12,캉-캉 ~Orpheus in The Party Mix~,사용자 확인(대부분 8/14 영상 눈판독) — D12 의 9·10·11·12·13·14 외 5 번이 맞았다. 번호는 단조라 그 점이 맞으면 못 본 구간 9~19 전체의 밀림이 없다,구간확정(미검증)
D12,13,슈퍼 카프리시오,사용자 확인(대부분 8/14 영상 눈판독) — D12 의 9·10·11·12·13·14 외 5 번이 맞았다. 번호는 단조라 그 점이 맞으면 못 본 구간 9~19 전체의 밀림이 없다,구간확정(미검증)
D12,14,가장신자,사용자 확인(대부분 8/14 영상 눈판독) — D12 의 9·10·11·12·13·14 외 5 번이 맞았다. 번호는 단조라 그 점이 맞으면 못 본 구간 9~19 전체의 밀림이 없다,구간확정(미검증)
D12,15,왈츠 오브 도지,사용자 확인(대부분 8/14 영상 눈판독) — D12 의 9·10·11·12·13·14 외 5 번이 맞았다. 번호는 단조라 그 점이 맞으면 못 본 구간 9~19 전체의 밀림이 없다,구간확정(미검증)
D12,16,네메시스,사용자 확인(대부분 8/14 영상 눈판독) — D12 의 9·10·11·12·13·14 외 5 번이 맞았다. 번호는 단조라 그 점이 맞으면 못 본 구간 9~19 전체의 밀림이 없다,구간확정(미검증)
D12,17,캇코이,사용자 확인(대부분 8/14 영상 눈판독) — D12 의 9·10·11·12·13·14 외 5 번이 맞았다. 번호는 단조라 그 점이 맞으면 못 본 구간 9~19 전체의 밀림이 없다,구간확정(미검증)
D12,18,차이니즈 레스토랑,사용자 확인(대부분 8/14 영상 눈판독) — D12 의 9·10·11·12·13·14 외 5 번이 맞았다. 번호는 단조라 그 점이 맞으면 못 본 구간 9~19 전체의 밀림이 없다,구간확정(미검증)
D12,19,헤스티아,사용자 확인(대부분 8/14 영상 눈판독) — D12 의 9·10·11·12·13·14 외 5 번이 맞았다. 번호는 단조라 그 점이 맞으면 못 본 구간 9~19 전체의 밀림이 없다,구간확정(미검증)
D12,26,유니크,사용자 확인(대부분 8/14 영상 눈판독) — D12 의 26·27·28·29·30·31 외 4 번이 맞았다. 번호는 단조라 그 점이 맞으면 못 본 구간 26~35 전체의 밀림이 없다,구간확정(미검증)
D12,27,로그인,사용자 확인(대부분 8/14 영상 눈판독) — D12 의 26·27·28·29·30·31 외 4 번이 맞았다. 번호는 단조라 그 점이 맞으면 못 본 구간 26~35 전체의 밀림이 없다,구간확정(미검증)
D12,28,오버블로우,사용자 확인(대부분 8/14 영상 눈판독) — D12 의 26·27·28·29·30·31 외 4 번이 맞았다. 번호는 단조라 그 점이 맞으면 못 본 구간 26~35 전체의 밀림이 없다,구간확정(미검증)
D12,29,안녕 윌리엄,사용자 확인(대부분 8/14 영상 눈판독) — D12 의 26·27·28·29·30·31 외 4 번이 맞았다. 번호는 단조라 그 점이 맞으면 못 본 구간 26~35 전체의 밀림이 없다,구간확정(미검증)
D12,30,겟 업 (앤 고),사용자 확인(대부분 8/14 영상 눈판독) — D12 의 26·27·28·29·30·31 외 4 번이 맞았다. 번호는 단조라 그 점이 맞으면 못 본 구간 26~35 전체의 밀림이 없다,구간확정(미검증)
D12,31,투우사의 노래,사용자 확인(대부분 8/14 영상 눈판독) — D12 의 26·27·28·29·30·31 외 4 번이 맞았다. 번호는 단조라 그 점이 맞으면 못 본 구간 26~35 전체의 밀림이 없다,구간확정(미검증)
D12,32,파이널 오디션 에피소드 2-1,사용자 확인(대부분 8/14 영상 눈판독) — D12 의 26·27·28·29·30·31 외 4 번이 맞았다. 번호는 단조라 그 점이 맞으면 못 본 구간 26~35 전체의 밀림이 없다,구간확정(미검증)
D12,33,월광,사용자 확인(대부분 8/14 영상 눈판독) — D12 의 26·27·28·29·30·31 외 4 번이 맞았다. 번호는 단조라 그 점이 맞으면 못 본 구간 26~35 전체의 밀림이 없다,구간확정(미검증)
D12,34,캐논 디,사용자 확인(대부분 8/14 영상 눈판독) — D12 의 26·27·28·29·30·31 외 4 번이 맞았다. 번호는 단조라 그 점이 맞으면 못 본 구간 26~35 전체의 밀림이 없다,구간확정(미검증)
D12,35,우편마차,사용자 확인(대부분 8/14 영상 눈판독) — D12 의 26·27·28·29·30·31 외 4 번이 맞았다. 번호는 단조라 그 점이 맞으면 못 본 구간 26~35 전체의 밀림이 없다,구간확정(미검증)
D12,42,할시온,사용자 확인(대부분 8/14 영상 눈판독) — D12 의 42·43·44·45·46·47 외 1 번이 맞았다. 번호는 단조라 그 점이 맞으면 못 본 구간 42~52 전체의 밀림이 없다,구간확정(미검증)
D12,43,비코즈 오브 유,사용자 확인(대부분 8/14 영상 눈판독) — D12 의 42·43·44·45·46·47 외 1 번이 맞았다. 번호는 단조라 그 점이 맞으면 못 본 구간 42~52 전체의 밀림이 없다,구간확정(미검증)
D12,44,호랑풍류가,사용자 확인(대부분 8/14 영상 눈판독) — D12 의 42·43·44·45·46·47 외 1 번이 맞았다. 번호는 단조라 그 점이 맞으면 못 본 구간 42~52 전체의 밀림이 없다,구간확정(미검증)
D12,45,클럽 나이트,사용자 확인(대부분 8/14 영상 눈판독) — D12 의 42·43·44·45·46·47 외 1 번이 맞았다. 번호는 단조라 그 점이 맞으면 못 본 구간 42~52 전체의 밀림이 없다,구간확정(미검증)
D12,46,프렌드,사용자 확인(대부분 8/14 영상 눈판독) — D12 의 42·43·44·45·46·47 외 1 번이 맞았다. 번호는 단조라 그 점이 맞으면 못 본 구간 42~52 전체의 밀림이 없다,구간확정(미검증)
D12,47,스텝,사용자 확인(대부분 8/14 영상 눈판독) — D12 의 42·43·44·45·46·47 외 1 번이 맞았다. 번호는 단조라 그 점이 맞으면 못 본 구간 42~52 전체의 밀림이 없다,구간확정(미검증)
D12,48,더 레볼루션,사용자 확인(대부분 8/14 영상 눈판독) — D12 의 42·43·44·45·46·47 외 1 번이 맞았다. 번호는 단조라 그 점이 맞으면 못 본 구간 42~52 전체의 밀림이 없다,구간확정(미검증)
D12,49,셀피쉬니스,사용자 확인(대부분 8/14 영상 눈판독) — D12 의 42·43·44·45·46·47 외 1 번이 맞았다. 번호는 단조라 그 점이 맞으면 못 본 구간 42~52 전체의 밀림이 없다,구간확정(미검증)
D12,50,미토츠다이라,사용자 확인(대부분 8/14 영상 눈판독) — D12 의 42·43·44·45·46·47 외 1 번이 맞았다. 번호는 단조라 그 점이 맞으면 못 본 구간 42~52 전체의 밀림이 없다,구간확정(미검증)
D12,51,슈샤,사용자 확인(대부분 8/14 영상 눈판독) — D12 의 42·43·44·45·46·47 외 1 번이 맞았다. 번호는 단조라 그 점이 맞으면 못 본 구간 42~52 전체의 밀림이 없다,구간확정(미검증)
D12,52,스멜스 라이크 어 초콜릿,사용자 확인(대부분 8/14 영상 눈판독) — D12 의 42·43·44·45·46·47 외 1 번이 맞았다. 번호는 단조라 그 점이 맞으면 못 본 구간 42~52 전체의 밀림이 없다,구간확정(미검증)
D12,58,헬릭스,사용자 확인(대부분 8/14 영상 눈판독) — D12 의 58 번이 맞았다. 번호는 단조라 그 점이 맞으면 못 본 구간 58~58 전체의 밀림이 없다,구간확정(미검증)
D13,4,얼티밋 아이즈,사용자 확인(대부분 8/14 영상 눈판독) — D13 의 4·5·6·7·8·9 외 1 번이 맞았다. 번호는 단조라 그 점이 맞으면 못 본 구간 4~10 전체의 밀림이 없다,구간확정
D13,5,베르사이유,사용자 확인(대부분 8/14 영상 눈판독) — D13 의 4·5·6·7·8·9 외 1 번이 맞았다. 번호는 단조라 그 점이 맞으면 못 본 구간 4~10 전체의 밀림이 없다,구간확정
D13,6,더 아포칼립스,사용자 확인(대부분 8/14 영상 눈판독) — D13 의 4·5·6·7·8·9 외 1 번이 맞았다. 번호는 단조라 그 점이 맞으면 못 본 구간 4~10 전체의 밀림이 없다,구간확정
D13,7,붐!!,사용자 확인(대부분 8/14 영상 눈판독) — D13 의 4·5·6·7·8·9 외 1 번이 맞았다. 번호는 단조라 그 점이 맞으면 못 본 구간 4~10 전체의 밀림이 없다,구간확정
D13,8,할로윈 파티 ~Multiverse~,사용자 확인(대부분 8/14 영상 눈판독) — D13 의 4·5·6·7·8·9 외 1 번이 맞았다. 번호는 단조라 그 점이 맞으면 못 본 구간 4~10 전체의 밀림이 없다,구간확정
D13,9,시,사용자 확인(대부분 8/14 영상 눈판독) — D13 의 4·5·6·7·8·9 외 1 번이 맞았다. 번호는 단조라 그 점이 맞으면 못 본 구간 4~10 전체의 밀림이 없다,구간확정
D13,10,추격,사용자 확인(대부분 8/14 영상 눈판독) — D13 의 4·5·6·7·8·9 외 1 번이 맞았다. 번호는 단조라 그 점이 맞으면 못 본 구간 4~10 전체의 밀림이 없다,구간확정
D13,18,하트 래빗 코스터,사용자 확인(대부분 8/14 영상 눈판독) — D13 의 18·19·20·21·26 번이 맞았다. 번호는 단조라 그 점이 맞으면 못 본 구간 18~26 전체의 밀림이 없다,구간확정
D13,19,퍼센트 엑스,사용자 확인(대부분 8/14 영상 눈판독) — D13 의 18·19·20·21·26 번이 맞았다. 번호는 단조라 그 점이 맞으면 못 본 구간 18~26 전체의 밀림이 없다,구간확정
D13,20,금혼식,사용자 확인(대부분 8/14 영상 눈판독) — D13 의 18·19·20·21·26 번이 맞았다. 번호는 단조라 그 점이 맞으면 못 본 구간 18~26 전체의 밀림이 없다,구간확정
D13,21,까르멘 버스,사용자 확인(대부분 8/14 영상 눈판독) — D13 의 18·19·20·21·26 번이 맞았다. 번호는 단조라 그 점이 맞으면 못 본 구간 18~26 전체의 밀림이 없다,구간확정
D13,22,마카롱 데이,사용자 확인(대부분 8/14 영상 눈판독) — D13 의 18·19·20·21·26 번이 맞았다. 번호는 단조라 그 점이 맞으면 못 본 구간 18~26 전체의 밀림이 없다,구간확정
D13,23,배니쉬,사용자 확인(대부분 8/14 영상 눈판독) — D13 의 18·19·20·21·26 번이 맞았다. 번호는 단조라 그 점이 맞으면 못 본 구간 18~26 전체의 밀림이 없다,구간확정
D13,24,클레마티스 랩소디아,사용자 확인(대부분 8/14 영상 눈판독) — D13 의 18·19·20·21·26 번이 맞았다. 번호는 단조라 그 점이 맞으면 못 본 구간 18~26 전체의 밀림이 없다,구간확정
D13,25,탄탄멘,사용자 확인(대부분 8/14 영상 눈판독) — D13 의 18·19·20·21·26 번이 맞았다. 번호는 단조라 그 점이 맞으면 못 본 구간 18~26 전체의 밀림이 없다,구간확정
D13,26,아마겟돈,사용자 확인(대부분 8/14 영상 눈판독) — D13 의 18·19·20·21·26 번이 맞았다. 번호는 단조라 그 점이 맞으면 못 본 구간 18~26 전체의 밀림이 없다,구간확정
D13,34,어웨이크닝,사용자 확인(대부분 8/14 영상 눈판독) — D13 의 34·35·36·37 번이 맞았다. 번호는 단조라 그 점이 맞으면 못 본 구간 34~37 전체의 밀림이 없다,구간확정
D13,35,라티노 바이러스,사용자 확인(대부분 8/14 영상 눈판독) — D13 의 34·35·36·37 번이 맞았다. 번호는 단조라 그 점이 맞으면 못 본 구간 34~37 전체의 밀림이 없다,구간확정
D13,36,실루엣 이펙트,사용자 확인(대부분 8/14 영상 눈판독) — D13 의 34·35·36·37 번이 맞았다. 번호는 단조라 그 점이 맞으면 못 본 구간 34~37 전체의 밀림이 없다,구간확정
D13,37,아발란치,사용자 확인(대부분 8/14 영상 눈판독) — D13 의 34·35·36·37 번이 맞았다. 번호는 단조라 그 점이 맞으면 못 본 구간 34~37 전체의 밀림이 없다,구간확정
D13,43,라이크 미,사용자 확인(대부분 8/14 영상 눈판독) — D13 의 43·44·45·46·47·48 외 4 번이 맞았다. 번호는 단조라 그 점이 맞으면 못 본 구간 43~58 전체의 밀림이 없다,구간확정
D13,44,엑시던트,사용자 확인(대부분 8/14 영상 눈판독) — D13 의 43·44·45·46·47·48 외 4 번이 맞았다. 번호는 단조라 그 점이 맞으면 못 본 구간 43~58 전체의 밀림이 없다,구간확정
D13,45,테이크 아웃,사용자 확인(대부분 8/14 영상 눈판독) — D13 의 43·44·45·46·47·48 외 4 번이 맞았다. 번호는 단조라 그 점이 맞으면 못 본 구간 43~58 전체의 밀림이 없다,구간확정
D13,46,조나단의 꿈,사용자 확인(대부분 8/14 영상 눈판독) — D13 의 43·44·45·46·47·48 외 4 번이 맞았다. 번호는 단조라 그 점이 맞으면 못 본 구간 43~58 전체의 밀림이 없다,구간확정
D13,47,소서리스 엘리제,사용자 확인(대부분 8/14 영상 눈판독) — D13 의 43·44·45·46·47·48 외 4 번이 맞았다. 번호는 단조라 그 점이 맞으면 못 본 구간 43~58 전체의 밀림이 없다,구간확정
D13,48,터키 행진곡 -미니멀튠즈-,사용자 확인(대부분 8/14 영상 눈판독) — D13 의 43·44·45·46·47·48 외 4 번이 맞았다. 번호는 단조라 그 점이 맞으면 못 본 구간 43~58 전체의 밀림이 없다,구간확정
D13,49,오이 오이 오이,사용자 확인(대부분 8/14 영상 눈판독) — D13 의 43·44·45·46·47·48 외 4 번이 맞았다. 번호는 단조라 그 점이 맞으면 못 본 구간 43~58 전체의 밀림이 없다,구간확정
D13,50,롤링 크리스마스,사용자 확인(대부분 8/14 영상 눈판독) — D13 의 43·44·45·46·47·48 외 4 번이 맞았다. 번호는 단조라 그 점이 맞으면 못 본 구간 43~58 전체의 밀림이 없다,구간확정
D13,51,베토벤 바이러스,사용자 확인(대부분 8/14 영상 눈판독) — D13 의 43·44·45·46·47·48 외 4 번이 맞았다. 번호는 단조라 그 점이 맞으면 못 본 구간 43~58 전체의 밀림이 없다,구간확정
D13,52,터키 행진곡,사용자 확인(대부분 8/14 영상 눈판독) — D13 의 43·44·45·46·47·48 외 4 번이 맞았다. 번호는 단조라 그 점이 맞으면 못 본 구간 43~58 전체의 밀림이 없다,구간확정
D13,53,미드나잇 블루,사용자 확인(대부분 8/14 영상 눈판독) — D13 의 43·44·45·46·47·48 외 4 번이 맞았다. 번호는 단조라 그 점이 맞으면 못 본 구간 43~58 전체의 밀림이 없다,구간확정
D13,54,댄싱,사용자 확인(대부분 8/14 영상 눈판독) — D13 의 43·44·45·46·47·48 외 4 번이 맞았다. 번호는 단조라 그 점이 맞으면 못 본 구간 43~58 전체의 밀림이 없다,구간확정
D13,55,갤럭시 컬랩스,사용자 확인(대부분 8/14 영상 눈판독) — D13 의 43·44·45·46·47·48 외 4 번이 맞았다. 번호는 단조라 그 점이 맞으면 못 본 구간 43~58 전체의 밀림이 없다,구간확정
D13,56,코스믹 레일로드,사용자 확인(대부분 8/14 영상 눈판독) — D13 의 43·44·45·46·47·48 외 4 번이 맞았다. 번호는 단조라 그 점이 맞으면 못 본 구간 43~58 전체의 밀림이 없다,구간확정
D13,57,에너지 시너지 매트릭스,사용자 확인(대부분 8/14 영상 눈판독) — D13 의 43·44·45·46·47·48 외 4 번이 맞았다. 번호는 단조라 그 점이 맞으면 못 본 구간 43~58 전체의 밀림이 없다,구간확정
D13,58,어콰이어,사용자 확인(대부분 8/14 영상 눈판독) — D13 의 43·44·45·46·47·48 외 4 번이 맞았다. 번호는 단조라 그 점이 맞으면 못 본 구간 43~58 전체의 밀림이 없다,구간확정
D13,64,슬랩스틱 파르페,사용자 확인(대부분 8/14 영상 눈판독) — D13 의 64·65·66·67 번이 맞았다. 번호는 단조라 그 점이 맞으면 못 본 구간 64~75 전체의 밀림이 없다,구간확정
D13,65,팝 시퀀스,사용자 확인(대부분 8/14 영상 눈판독) — D13 의 64·65·66·67 번이 맞았다. 번호는 단조라 그 점이 맞으면 못 본 구간 64~75 전체의 밀림이 없다,구간확정
D13,66,크로스 소울,사용자 확인(대부분 8/14 영상 눈판독) — D13 의 64·65·66·67 번이 맞았다. 번호는 단조라 그 점이 맞으면 못 본 구간 64~75 전체의 밀림이 없다,구간확정
D13,67,브로큰 카르마 (PIU EDIT),사용자 확인(대부분 8/14 영상 눈판독) — D13 의 64·65·66·67 번이 맞았다. 번호는 단조라 그 점이 맞으면 못 본 구간 64~75 전체의 밀림이 없다,구간확정
D13,68,컨플릭트,사용자 확인(대부분 8/14 영상 눈판독) — D13 의 64·65·66·67 번이 맞았다. 번호는 단조라 그 점이 맞으면 못 본 구간 64~75 전체의 밀림이 없다,구간확정
D13,69,"팔랑크스 ""RS2018 edit""",사용자 확인(대부분 8/14 영상 눈판독) — D13 의 64·65·66·67 번이 맞았다. 번호는 단조라 그 점이 맞으면 못 본 구간 64~75 전체의 밀림이 없다,구간확정
D13,70,락 더 하우스,사용자 확인(대부분 8/14 영상 눈판독) — D13 의 64·65·66·67 번이 맞았다. 번호는 단조라 그 점이 맞으면 못 본 구간 64~75 전체의 밀림이 없다,구간확정
D13,71,밀키 웨이 갤럭시,사용자 확인(대부분 8/14 영상 눈판독) — D13 의 64·65·66·67 번이 맞았다. 번호는 단조라 그 점이 맞으면 못 본 구간 64~75 전체의 밀림이 없다,구간확정
D13,72,라그나로크,사용자 확인(대부분 8/14 영상 눈판독) — D13 의 64·65·66·67 번이 맞았다. 번호는 단조라 그 점이 맞으면 못 본 구간 64~75 전체의 밀림이 없다,구간확정
D13,73,스타더스트 오버드라이브,사용자 확인(대부분 8/14 영상 눈판독) — D13 의 64·65·66·67 번이 맞았다. 번호는 단조라 그 점이 맞으면 못 본 구간 64~75 전체의 밀림이 없다,구간확정
D13,74,프라임,사용자 확인(대부분 8/14 영상 눈판독) — D13 의 64·65·66·67 번이 맞았다. 번호는 단조라 그 점이 맞으면 못 본 구간 64~75 전체의 밀림이 없다,구간확정
D13,75,바로크 바이러스,사용자 확인(대부분 8/14 영상 눈판독) — D13 의 64·65·66·67 번이 맞았다. 번호는 단조라 그 점이 맞으면 못 본 구간 64~75 전체의 밀림이 없다,구간확정
D13,81,스타트 온 레드,사용자 확인(대부분 8/14 영상 눈판독) — D13 의 82 번이 맞았다. 번호는 단조라 그 점이 맞으면 못 본 구간 81~82 전체의 밀림이 없다,구간확정
D13,82,매지컬 베케이션,사용자 확인(대부분 8/14 영상 눈판독) — D13 의 82 번이 맞았다. 번호는 단조라 그 점이 맞으면 못 본 구간 81~82 전체의 밀림이 없다,구간확정
D14,4,4NT,사용자 확인(대부분 8/14 영상 눈판독) — D14 의 4·5·6·7·8·9 외 14 번이 맞았다. 번호는 단조라 그 점이 맞으면 못 본 구간 4~35 전체의 밀림이 없다,구간확정
D14,5,쥬핀,사용자 확인(대부분 8/14 영상 눈판독) — D14 의 4·5·6·7·8·9 외 14 번이 맞았다. 번호는 단조라 그 점이 맞으면 못 본 구간 4~35 전체의 밀림이 없다,구간확정
D14,6,루시드 드림,사용자 확인(대부분 8/14 영상 눈판독) — D14 의 4·5·6·7·8·9 외 14 번이 맞았다. 번호는 단조라 그 점이 맞으면 못 본 구간 4~35 전체의 밀림이 없다,구간확정
D14,7,결투,사용자 확인(대부분 8/14 영상 눈판독) — D14 의 4·5·6·7·8·9 외 14 번이 맞았다. 번호는 단조라 그 점이 맞으면 못 본 구간 4~35 전체의 밀림이 없다,구간확정
D14,8,머독,사용자 확인(대부분 8/14 영상 눈판독) — D14 의 4·5·6·7·8·9 외 14 번이 맞았다. 번호는 단조라 그 점이 맞으면 못 본 구간 4~35 전체의 밀림이 없다,구간확정
D14,9,피가로의 결혼 ~Celebrazione Remix~,사용자 확인(대부분 8/14 영상 눈판독) — D14 의 4·5·6·7·8·9 외 14 번이 맞았다. 번호는 단조라 그 점이 맞으면 못 본 구간 4~35 전체의 밀림이 없다,구간확정
D14,10,블루이쉬 로즈,사용자 확인(대부분 8/14 영상 눈판독) — D14 의 4·5·6·7·8·9 외 14 번이 맞았다. 번호는 단조라 그 점이 맞으면 못 본 구간 4~35 전체의 밀림이 없다,구간확정
D14,11,록시아,사용자 확인(대부분 8/14 영상 눈판독) — D14 의 4·5·6·7·8·9 외 14 번이 맞았다. 번호는 단조라 그 점이 맞으면 못 본 구간 4~35 전체의 밀림이 없다,구간확정
D14,12,소닉 붐,사용자 확인(대부분 8/14 영상 눈판독) — D14 의 4·5·6·7·8·9 외 14 번이 맞았다. 번호는 단조라 그 점이 맞으면 못 본 구간 4~35 전체의 밀림이 없다,구간확정
D14,13,메가하츠,사용자 확인(대부분 8/14 영상 눈판독) — D14 의 4·5·6·7·8·9 외 14 번이 맞았다. 번호는 단조라 그 점이 맞으면 못 본 구간 4~35 전체의 밀림이 없다,구간확정
D14,14,글리머 글림,사용자 확인(대부분 8/14 영상 눈판독) — D14 의 4·5·6·7·8·9 외 14 번이 맞았다. 번호는 단조라 그 점이 맞으면 못 본 구간 4~35 전체의 밀림이 없다,구간확정
D14,15,아테나의 방패,사용자 확인(대부분 8/14 영상 눈판독) — D14 의 4·5·6·7·8·9 외 14 번이 맞았다. 번호는 단조라 그 점이 맞으면 못 본 구간 4~35 전체의 밀림이 없다,구간확정
D14,16,이매저너라이즈드 시티,사용자 확인(대부분 8/14 영상 눈판독) — D14 의 4·5·6·7·8·9 외 14 번이 맞았다. 번호는 단조라 그 점이 맞으면 못 본 구간 4~35 전체의 밀림이 없다,구간확정
D14,17,웨딩 크래셔,사용자 확인(대부분 8/14 영상 눈판독) — D14 의 4·5·6·7·8·9 외 14 번이 맞았다. 번호는 단조라 그 점이 맞으면 못 본 구간 4~35 전체의 밀림이 없다,구간확정
D14,18,야누스,사용자 확인(대부분 8/14 영상 눈판독) — D14 의 4·5·6·7·8·9 외 14 번이 맞았다. 번호는 단조라 그 점이 맞으면 못 본 구간 4~35 전체의 밀림이 없다,구간확정
D14,19,아이 원트 유,사용자 확인(대부분 8/14 영상 눈판독) — D14 의 4·5·6·7·8·9 외 14 번이 맞았다. 번호는 단조라 그 점이 맞으면 못 본 구간 4~35 전체의 밀림이 없다,구간확정
D14,20,스켑틱,사용자 확인(대부분 8/14 영상 눈판독) — D14 의 4·5·6·7·8·9 외 14 번이 맞았다. 번호는 단조라 그 점이 맞으면 못 본 구간 4~35 전체의 밀림이 없다,구간확정
D14,21,테일즈 오브 펌프니아,사용자 확인(대부분 8/14 영상 눈판독) — D14 의 4·5·6·7·8·9 외 14 번이 맞았다. 번호는 단조라 그 점이 맞으면 못 본 구간 4~35 전체의 밀림이 없다,구간확정
D14,22,파괴,사용자 확인(대부분 8/14 영상 눈판독) — D14 의 4·5·6·7·8·9 외 14 번이 맞았다. 번호는 단조라 그 점이 맞으면 못 본 구간 4~35 전체의 밀림이 없다,구간확정
D14,23,파파시토 (feat. KuTiNA),사용자 확인(대부분 8/14 영상 눈판독) — D14 의 4·5·6·7·8·9 외 14 번이 맞았다. 번호는 단조라 그 점이 맞으면 못 본 구간 4~35 전체의 밀림이 없다,구간확정
D14,24,포가튼 뱀파이어,사용자 확인(대부분 8/14 영상 눈판독) — D14 의 4·5·6·7·8·9 외 14 번이 맞았다. 번호는 단조라 그 점이 맞으면 못 본 구간 4~35 전체의 밀림이 없다,구간확정
D14,25,라스트 리버스,사용자 확인(대부분 8/14 영상 눈판독) — D14 의 4·5·6·7·8·9 외 14 번이 맞았다. 번호는 단조라 그 점이 맞으면 못 본 구간 4~35 전체의 밀림이 없다,구간확정
D14,26,트리튬,사용자 확인(대부분 8/14 영상 눈판독) — D14 의 4·5·6·7·8·9 외 14 번이 맞았다. 번호는 단조라 그 점이 맞으면 못 본 구간 4~35 전체의 밀림이 없다,구간확정
D14,27,실버 비트 feat. ChisaUezono,사용자 확인(대부분 8/14 영상 눈판독) — D14 의 4·5·6·7·8·9 외 14 번이 맞았다. 번호는 단조라 그 점이 맞으면 못 본 구간 4~35 전체의 밀림이 없다,구간확정
D14,28,브레이크 아웃,사용자 확인(대부분 8/14 영상 눈판독) — D14 의 4·5·6·7·8·9 외 14 번이 맞았다. 번호는 단조라 그 점이 맞으면 못 본 구간 4~35 전체의 밀림이 없다,구간확정
D14,29,포스 오브 라,사용자 확인(대부분 8/14 영상 눈판독) — D14 의 4·5·6·7·8·9 외 14 번이 맞았다. 번호는 단조라 그 점이 맞으면 못 본 구간 4~35 전체의 밀림이 없다,구간확정
D14,30,리키지 볼티지,사용자 확인(대부분 8/14 영상 눈판독) — D14 의 4·5·6·7·8·9 외 14 번이 맞았다. 번호는 단조라 그 점이 맞으면 못 본 구간 4~35 전체의 밀림이 없다,구간확정
D14,31,히아신스,사용자 확인(대부분 8/14 영상 눈판독) — D14 의 4·5·6·7·8·9 외 14 번이 맞았다. 번호는 단조라 그 점이 맞으면 못 본 구간 4~35 전체의 밀림이 없다,구간확정
D14,32,힙노시스(SynthWulf 믹스),사용자 확인(대부분 8/14 영상 눈판독) — D14 의 4·5·6·7·8·9 외 14 번이 맞았다. 번호는 단조라 그 점이 맞으면 못 본 구간 4~35 전체의 밀림이 없다,구간확정
D14,33,디,사용자 확인(대부분 8/14 영상 눈판독) — D14 의 4·5·6·7·8·9 외 14 번이 맞았다. 번호는 단조라 그 점이 맞으면 못 본 구간 4~35 전체의 밀림이 없다,구간확정
D14,34,윈드밀,사용자 확인(대부분 8/14 영상 눈판독) — D14 의 4·5·6·7·8·9 외 14 번이 맞았다. 번호는 단조라 그 점이 맞으면 못 본 구간 4~35 전체의 밀림이 없다,구간확정
D14,35,인터퍼런스,사용자 확인(대부분 8/14 영상 눈판독) — D14 의 4·5·6·7·8·9 외 14 번이 맞았다. 번호는 단조라 그 점이 맞으면 못 본 구간 4~35 전체의 밀림이 없다,구간확정
D14,41,닥터 엠,사용자 확인(대부분 8/14 영상 눈판독) — D14 의 41·42·43·44·45·46 외 1 번이 맞았다. 번호는 단조라 그 점이 맞으면 못 본 구간 41~53 전체의 밀림이 없다,구간확정
D14,42,윈터,사용자 확인(대부분 8/14 영상 눈판독) — D14 의 41·42·43·44·45·46 외 1 번이 맞았다. 번호는 단조라 그 점이 맞으면 못 본 구간 41~53 전체의 밀림이 없다,구간확정
D14,43,윌 오 더 위스프,사용자 확인(대부분 8/14 영상 눈판독) — D14 의 41·42·43·44·45·46 외 1 번이 맞았다. 번호는 단조라 그 점이 맞으면 못 본 구간 41~53 전체의 밀림이 없다,구간확정
D14,44,틸 디 엔드 오브 타임,사용자 확인(대부분 8/14 영상 눈판독) — D14 의 41·42·43·44·45·46 외 1 번이 맞았다. 번호는 단조라 그 점이 맞으면 못 본 구간 41~53 전체의 밀림이 없다,구간확정
D14,45,첫사랑,사용자 확인(대부분 8/14 영상 눈판독) — D14 의 41·42·43·44·45·46 외 1 번이 맞았다. 번호는 단조라 그 점이 맞으면 못 본 구간 41~53 전체의 밀림이 없다,구간확정
D14,46,사랑가,사용자 확인(대부분 8/14 영상 눈판독) — D14 의 41·42·43·44·45·46 외 1 번이 맞았다. 번호는 단조라 그 점이 맞으면 못 본 구간 41~53 전체의 밀림이 없다,구간확정
D14,47,님과 함께,사용자 확인(대부분 8/14 영상 눈판독) — D14 의 41·42·43·44·45·46 외 1 번이 맞았다. 번호는 단조라 그 점이 맞으면 못 본 구간 41~53 전체의 밀림이 없다,구간확정
D14,48,퍼페츄얼,사용자 확인(대부분 8/14 영상 눈판독) — D14 의 41·42·43·44·45·46 외 1 번이 맞았다. 번호는 단조라 그 점이 맞으면 못 본 구간 41~53 전체의 밀림이 없다,구간확정
D14,49,러쉬-모어,사용자 확인(대부분 8/14 영상 눈판독) — D14 의 41·42·43·44·45·46 외 1 번이 맞았다. 번호는 단조라 그 점이 맞으면 못 본 구간 41~53 전체의 밀림이 없다,구간확정
D14,50,지젤,사용자 확인(대부분 8/14 영상 눈판독) — D14 의 41·42·43·44·45·46 외 1 번이 맞았다. 번호는 단조라 그 점이 맞으면 못 본 구간 41~53 전체의 밀림이 없다,구간확정
D14,51,오딘,사용자 확인(대부분 8/14 영상 눈판독) — D14 의 41·42·43·44·45·46 외 1 번이 맞았다. 번호는 단조라 그 점이 맞으면 못 본 구간 41~53 전체의 밀림이 없다,구간확정
D14,52,비옐라의 악몽,사용자 확인(대부분 8/14 영상 눈판독) — D14 의 41·42·43·44·45·46 외 1 번이 맞았다. 번호는 단조라 그 점이 맞으면 못 본 구간 41~53 전체의 밀림이 없다,구간확정
D14,53,페이브 가든,사용자 확인(대부분 8/14 영상 눈판독) — D14 의 41·42·43·44·45·46 외 1 번이 맞았다. 번호는 단조라 그 점이 맞으면 못 본 구간 41~53 전체의 밀림이 없다,구간확정
D14,59,퀸 오브 더 레드,사용자 확인(대부분 8/14 영상 눈판독) — D14 의 60 번이 맞았다. 번호는 단조라 그 점이 맞으면 못 본 구간 59~60 전체의 밀림이 없다,구간확정
D14,60,모노리스,사용자 확인(대부분 8/14 영상 눈판독) — D14 의 60 번이 맞았다. 번호는 단조라 그 점이 맞으면 못 본 구간 59~60 전체의 밀림이 없다,구간확정
D15,5,벡터,사용자 확인(대부분 8/14 영상 눈판독) — D15 의 5·6·7·8 번이 맞았다. 번호는 단조라 그 점이 맞으면 못 본 구간 5~18 전체의 밀림이 없다,구간확정(미검증)
D15,6,플레이버 스텝!,사용자 확인(대부분 8/14 영상 눈판독) — D15 의 5·6·7·8 번이 맞았다. 번호는 단조라 그 점이 맞으면 못 본 구간 5~18 전체의 밀림이 없다,구간확정(미검증)
D15,7,라크리모사,사용자 확인(대부분 8/14 영상 눈판독) — D15 의 5·6·7·8 번이 맞았다. 번호는 단조라 그 점이 맞으면 못 본 구간 5~18 전체의 밀림이 없다,구간확정(미검증)
D15,8,리틀 먼치킨,사용자 확인(대부분 8/14 영상 눈판독) — D15 의 5·6·7·8 번이 맞았다. 번호는 단조라 그 점이 맞으면 못 본 구간 5~18 전체의 밀림이 없다,구간확정(미검증)
D15,9,데몬 오브 라플라스,사용자 확인(대부분 8/14 영상 눈판독) — D15 의 5·6·7·8 번이 맞았다. 번호는 단조라 그 점이 맞으면 못 본 구간 5~18 전체의 밀림이 없다,구간확정(미검증)
D15,10,솔브 마이 허트,사용자 확인(대부분 8/14 영상 눈판독) — D15 의 5·6·7·8 번이 맞았다. 번호는 단조라 그 점이 맞으면 못 본 구간 5~18 전체의 밀림이 없다,구간확정(미검증)
D15,11,헤라클레스,사용자 확인(대부분 8/14 영상 눈판독) — D15 의 5·6·7·8 번이 맞았다. 번호는 단조라 그 점이 맞으면 못 본 구간 5~18 전체의 밀림이 없다,구간확정(미검증)
D15,12,인베이젼,사용자 확인(대부분 8/14 영상 눈판독) — D15 의 5·6·7·8 번이 맞았다. 번호는 단조라 그 점이 맞으면 못 본 구간 5~18 전체의 밀림이 없다,구간확정(미검증)
D15,13,에렌델,사용자 확인(대부분 8/14 영상 눈판독) — D15 의 5·6·7·8 번이 맞았다. 번호는 단조라 그 점이 맞으면 못 본 구간 5~18 전체의 밀림이 없다,구간확정(미검증)
D15,14,도플갱어,사용자 확인(대부분 8/14 영상 눈판독) — D15 의 5·6·7·8 번이 맞았다. 번호는 단조라 그 점이 맞으면 못 본 구간 5~18 전체의 밀림이 없다,구간확정(미검증)
D15,15,캉-캉 ~Orpheus in The Party Mix~,사용자 확인(대부분 8/14 영상 눈판독) — D15 의 5·6·7·8 번이 맞았다. 번호는 단조라 그 점이 맞으면 못 본 구간 5~18 전체의 밀림이 없다,구간확정(미검증)
D15,16,크로스 오버 feat. LyuU,사용자 확인(대부분 8/14 영상 눈판독) — D15 의 5·6·7·8 번이 맞았다. 번호는 단조라 그 점이 맞으면 못 본 구간 5~18 전체의 밀림이 없다,구간확정(미검증)
D15,17,퍼더,사용자 확인(대부분 8/14 영상 눈판독) — D15 의 5·6·7·8 번이 맞았다. 번호는 단조라 그 점이 맞으면 못 본 구간 5~18 전체의 밀림이 없다,구간확정(미검증)
D15,18,오버블로우2,사용자 확인(대부분 8/14 영상 눈판독) — D15 의 5·6·7·8 번이 맞았다. 번호는 단조라 그 점이 맞으면 못 본 구간 5~18 전체의 밀림이 없다,구간확정(미검증)
D15,25,하이퍼큐브,사용자 확인(대부분 8/14 영상 눈판독) — D15 의 25·26·27·28·41 번이 맞았다. 번호는 단조라 그 점이 맞으면 못 본 구간 25~41 전체의 밀림이 없다,구간확정(미검증)
D15,26,루시드(PIU Edit),사용자 확인(대부분 8/14 영상 눈판독) — D15 의 25·26·27·28·41 번이 맞았다. 번호는 단조라 그 점이 맞으면 못 본 구간 25~41 전체의 밀림이 없다,구간확정(미검증)
D15,27,멘탈 라이더,사용자 확인(대부분 8/14 영상 눈판독) — D15 의 25·26·27·28·41 번이 맞았다. 번호는 단조라 그 점이 맞으면 못 본 구간 25~41 전체의 밀림이 없다,구간확정(미검증)
D15,28,마왕,사용자 확인(대부분 8/14 영상 눈판독) — D15 의 25·26·27·28·41 번이 맞았다. 번호는 단조라 그 점이 맞으면 못 본 구간 25~41 전체의 밀림이 없다,구간확정(미검증)
D15,29,야근,사용자 확인(대부분 8/14 영상 눈판독) — D15 의 25·26·27·28·41 번이 맞았다. 번호는 단조라 그 점이 맞으면 못 본 구간 25~41 전체의 밀림이 없다,구간확정(미검증)
D15,30,조나단의 꿈,사용자 확인(대부분 8/14 영상 눈판독) — D15 의 25·26·27·28·41 번이 맞았다. 번호는 단조라 그 점이 맞으면 못 본 구간 25~41 전체의 밀림이 없다,구간확정(미검증)
D15,31,사랑가 -2막-,사용자 확인(대부분 8/14 영상 눈판독) — D15 의 25·26·27·28·41 번이 맞았다. 번호는 단조라 그 점이 맞으면 못 본 구간 25~41 전체의 밀림이 없다,구간확정(미검증)
D15,32,데스티네이션,사용자 확인(대부분 8/14 영상 눈판독) — D15 의 25·26·27·28·41 번이 맞았다. 번호는 단조라 그 점이 맞으면 못 본 구간 25~41 전체의 밀림이 없다,구간확정(미검증)
D15,33,제네시스,사용자 확인(대부분 8/14 영상 눈판독) — D15 의 25·26·27·28·41 번이 맞았다. 번호는 단조라 그 점이 맞으면 못 본 구간 25~41 전체의 밀림이 없다,구간확정(미검증)
D15,34,아리랑,사용자 확인(대부분 8/14 영상 눈판독) — D15 의 25·26·27·28·41 번이 맞았다. 번호는 단조라 그 점이 맞으면 못 본 구간 25~41 전체의 밀림이 없다,구간확정(미검증)
D15,35,캐논 X.1,사용자 확인(대부분 8/14 영상 눈판독) — D15 의 25·26·27·28·41 번이 맞았다. 번호는 단조라 그 점이 맞으면 못 본 구간 25~41 전체의 밀림이 없다,구간확정(미검증)
D15,36,토카타,사용자 확인(대부분 8/14 영상 눈판독) — D15 의 25·26·27·28·41 번이 맞았다. 번호는 단조라 그 점이 맞으면 못 본 구간 25~41 전체의 밀림이 없다,구간확정(미검증)
D15,37,패스터 Z,사용자 확인(대부분 8/14 영상 눈판독) — D15 의 25·26·27·28·41 번이 맞았다. 번호는 단조라 그 점이 맞으면 못 본 구간 25~41 전체의 밀림이 없다,구간확정(미검증)
D15,38,잼 오 비트,사용자 확인(대부분 8/14 영상 눈판독) — D15 의 25·26·27·28·41 번이 맞았다. 번호는 단조라 그 점이 맞으면 못 본 구간 25~41 전체의 밀림이 없다,구간확정(미검증)
D15,39,비트 오브 더 워 2,사용자 확인(대부분 8/14 영상 눈판독) — D15 의 25·26·27·28·41 번이 맞았다. 번호는 단조라 그 점이 맞으면 못 본 구간 25~41 전체의 밀림이 없다,구간확정(미검증)
D15,40,팬텀,사용자 확인(대부분 8/14 영상 눈판독) — D15 의 25·26·27·28·41 번이 맞았다. 번호는 단조라 그 점이 맞으면 못 본 구간 25~41 전체의 밀림이 없다,구간확정(미검증)
D15,41,펌프 미 아마데우스,사용자 확인(대부분 8/14 영상 눈판독) — D15 의 25·26·27·28·41 번이 맞았다. 번호는 단조라 그 점이 맞으면 못 본 구간 25~41 전체의 밀림이 없다,구간확정(미검증)
D15,47,포인트 브레이크,사용자 확인(대부분 8/14 영상 눈판독) — D15 의 47·48·49·50·62·63 외 3 번이 맞았다. 번호는 단조라 그 점이 맞으면 못 본 구간 47~76 전체의 밀림이 없다,구간확정(미검증)
D15,48,댄스 위드 미,사용자 확인(대부분 8/14 영상 눈판독) — D15 의 47·48·49·50·62·63 외 3 번이 맞았다. 번호는 단조라 그 점이 맞으면 못 본 구간 47~76 전체의 밀림이 없다,구간확정(미검증)
D15,49,부크,사용자 확인(대부분 8/14 영상 눈판독) — D15 의 47·48·49·50·62·63 외 3 번이 맞았다. 번호는 단조라 그 점이 맞으면 못 본 구간 47~76 전체의 밀림이 없다,구간확정(미검증)
D15,50,파이널 오디션 에피소드 1,사용자 확인(대부분 8/14 영상 눈판독) — D15 의 47·48·49·50·62·63 외 3 번이 맞았다. 번호는 단조라 그 점이 맞으면 못 본 구간 47~76 전체의 밀림이 없다,구간확정(미검증)
D15,51,첫사랑,사용자 확인(대부분 8/14 영상 눈판독) — D15 의 47·48·49·50·62·63 외 3 번이 맞았다. 번호는 단조라 그 점이 맞으면 못 본 구간 47~76 전체의 밀림이 없다,구간확정(미검증)
D15,52,악몽,사용자 확인(대부분 8/14 영상 눈판독) — D15 의 47·48·49·50·62·63 외 3 번이 맞았다. 번호는 단조라 그 점이 맞으면 못 본 구간 47~76 전체의 밀림이 없다,구간확정(미검증)
D15,53,펌핑업,사용자 확인(대부분 8/14 영상 눈판독) — D15 의 47·48·49·50·62·63 외 3 번이 맞았다. 번호는 단조라 그 점이 맞으면 못 본 구간 47~76 전체의 밀림이 없다,구간확정(미검증)
D15,54,엑스트라바간자,사용자 확인(대부분 8/14 영상 눈판독) — D15 의 47·48·49·50·62·63 외 3 번이 맞았다. 번호는 단조라 그 점이 맞으면 못 본 구간 47~76 전체의 밀림이 없다,구간확정(미검증)
D15,55,바이너리 스타,사용자 확인(대부분 8/14 영상 눈판독) — D15 의 47·48·49·50·62·63 외 3 번이 맞았다. 번호는 단조라 그 점이 맞으면 못 본 구간 47~76 전체의 밀림이 없다,구간확정(미검증)
D15,56,댓 키티 (PIU Edit.),사용자 확인(대부분 8/14 영상 눈판독) — D15 의 47·48·49·50·62·63 외 3 번이 맞았다. 번호는 단조라 그 점이 맞으면 못 본 구간 47~76 전체의 밀림이 없다,구간확정(미검증)
D15,57,마히카,사용자 확인(대부분 8/14 영상 눈판독) — D15 의 47·48·49·50·62·63 외 3 번이 맞았다. 번호는 단조라 그 점이 맞으면 못 본 구간 47~76 전체의 밀림이 없다,구간확정(미검증)
D15,58,디스트로0ㅣ어,사용자 확인(대부분 8/14 영상 눈판독) — D15 의 47·48·49·50·62·63 외 3 번이 맞았다. 번호는 단조라 그 점이 맞으면 못 본 구간 47~76 전체의 밀림이 없다,구간확정(미검증)
D15,59,팝핀 샤워,사용자 확인(대부분 8/14 영상 눈판독) — D15 의 47·48·49·50·62·63 외 3 번이 맞았다. 번호는 단조라 그 점이 맞으면 못 본 구간 47~76 전체의 밀림이 없다,구간확정(미검증)
D15,60,인디스트럭터블,사용자 확인(대부분 8/14 영상 눈판독) — D15 의 47·48·49·50·62·63 외 3 번이 맞았다. 번호는 단조라 그 점이 맞으면 못 본 구간 47~76 전체의 밀림이 없다,구간확정(미검증)
D15,61,포인트 제로 2,사용자 확인(대부분 8/14 영상 눈판독) — D15 의 47·48·49·50·62·63 외 3 번이 맞았다. 번호는 단조라 그 점이 맞으면 못 본 구간 47~76 전체의 밀림이 없다,구간확정(미검증)
D15,62,크로스 레이 (feat. 月下Lia),사용자 확인(대부분 8/14 영상 눈판독) — D15 의 47·48·49·50·62·63 외 3 번이 맞았다. 번호는 단조라 그 점이 맞으면 못 본 구간 47~76 전체의 밀림이 없다,구간확정(미검증)
D15,63,허쉬,사용자 확인(대부분 8/14 영상 눈판독) — D15 의 47·48·49·50·62·63 외 3 번이 맞았다. 번호는 단조라 그 점이 맞으면 못 본 구간 47~76 전체의 밀림이 없다,구간확정(미검증)
D15,64,코스미컬 리듬,사용자 확인(대부분 8/14 영상 눈판독) — D15 의 47·48·49·50·62·63 외 3 번이 맞았다. 번호는 단조라 그 점이 맞으면 못 본 구간 47~76 전체의 밀림이 없다,구간확정(미검증)
D15,65,아클루오이아스,사용자 확인(대부분 8/14 영상 눈판독) — D15 의 47·48·49·50·62·63 외 3 번이 맞았다. 번호는 단조라 그 점이 맞으면 못 본 구간 47~76 전체의 밀림이 없다,구간확정(미검증)
D15,66,비디오 아웃 씨,사용자 확인(대부분 8/14 영상 눈판독) — D15 의 47·48·49·50·62·63 외 3 번이 맞았다. 번호는 단조라 그 점이 맞으면 못 본 구간 47~76 전체의 밀림이 없다,구간확정(미검증)
D15,67,아마이 유우와쿠 데인저러스,사용자 확인(대부분 8/14 영상 눈판독) — D15 의 47·48·49·50·62·63 외 3 번이 맞았다. 번호는 단조라 그 점이 맞으면 못 본 구간 47~76 전체의 밀림이 없다,구간확정(미검증)
D15,68,서든 로맨스 [PIU Edit],사용자 확인(대부분 8/14 영상 눈판독) — D15 의 47·48·49·50·62·63 외 3 번이 맞았다. 번호는 단조라 그 점이 맞으면 못 본 구간 47~76 전체의 밀림이 없다,구간확정(미검증)
D15,69,저스트 홀드 온 (To All Fighters),사용자 확인(대부분 8/14 영상 눈판독) — D15 의 47·48·49·50·62·63 외 3 번이 맞았다. 번호는 단조라 그 점이 맞으면 못 본 구간 47~76 전체의 밀림이 없다,구간확정(미검증)
D15,70,파사칼리아,사용자 확인(대부분 8/14 영상 눈판독) — D15 의 47·48·49·50·62·63 외 3 번이 맞았다. 번호는 단조라 그 점이 맞으면 못 본 구간 47~76 전체의 밀림이 없다,구간확정(미검증)
D15,71,레이디버그,사용자 확인(대부분 8/14 영상 눈판독) — D15 의 47·48·49·50·62·63 외 3 번이 맞았다. 번호는 단조라 그 점이 맞으면 못 본 구간 47~76 전체의 밀림이 없다,구간확정(미검증)
D15,72,키티 캣,사용자 확인(대부분 8/14 영상 눈판독) — D15 의 47·48·49·50·62·63 외 3 번이 맞았다. 번호는 단조라 그 점이 맞으면 못 본 구간 47~76 전체의 밀림이 없다,구간확정(미검증)
D15,73,스타 커맨드,사용자 확인(대부분 8/14 영상 눈판독) — D15 의 47·48·49·50·62·63 외 3 번이 맞았다. 번호는 단조라 그 점이 맞으면 못 본 구간 47~76 전체의 밀림이 없다,구간확정(미검증)
D15,74,네크로맨시,사용자 확인(대부분 8/14 영상 눈판독) — D15 의 47·48·49·50·62·63 외 3 번이 맞았다. 번호는 단조라 그 점이 맞으면 못 본 구간 47~76 전체의 밀림이 없다,구간확정(미검증)
D15,75,블랙스완,사용자 확인(대부분 8/14 영상 눈판독) — D15 의 47·48·49·50·62·63 외 3 번이 맞았다. 번호는 단조라 그 점이 맞으면 못 본 구간 47~76 전체의 밀림이 없다,구간확정(미검증)
D15,76,오벨리스크,사용자 확인(대부분 8/14 영상 눈판독) — D15 의 47·48·49·50·62·63 외 3 번이 맞았다. 번호는 단조라 그 점이 맞으면 못 본 구간 47~76 전체의 밀림이 없다,구간확정(미검증)
D16,4,조깅,사용자 확인(대부분 8/14 영상 눈판독) — D16 의 4·5·6·7 번이 맞았다. 번호는 단조라 그 점이 맞으면 못 본 구간 4~7 전체의 밀림이 없다,구간확정(미검증)
D16,5,타이밍,사용자 확인(대부분 8/14 영상 눈판독) — D16 의 4·5·6·7 번이 맞았다. 번호는 단조라 그 점이 맞으면 못 본 구간 4~7 전체의 밀림이 없다,구간확정(미검증)
D16,6,날아올라,사용자 확인(대부분 8/14 영상 눈판독) — D16 의 4·5·6·7 번이 맞았다. 번호는 단조라 그 점이 맞으면 못 본 구간 4~7 전체의 밀림이 없다,구간확정(미검증)
D16,7,디기탈리스,사용자 확인(대부분 8/14 영상 눈판독) — D16 의 4·5·6·7 번이 맞았다. 번호는 단조라 그 점이 맞으면 못 본 구간 4~7 전체의 밀림이 없다,구간확정(미검증)
D16,13,바버스 매드니스,사용자 확인(대부분 8/14 영상 눈판독) — D16 의 16 번이 맞았다. 번호는 단조라 그 점이 맞으면 못 본 구간 13~16 전체의 밀림이 없다,구간확정(미검증)
D16,14,임페리움,사용자 확인(대부분 8/14 영상 눈판독) — D16 의 16 번이 맞았다. 번호는 단조라 그 점이 맞으면 못 본 구간 13~16 전체의 밀림이 없다,구간확정(미검증)
D16,15,큐리아서티 오버드라이브,사용자 확인(대부분 8/14 영상 눈판독) — D16 의 16 번이 맞았다. 번호는 단조라 그 점이 맞으면 못 본 구간 13~16 전체의 밀림이 없다,구간확정(미검증)
D16,16,스위트로닉,사용자 확인(대부분 8/14 영상 눈판독) — D16 의 16 번이 맞았다. 번호는 단조라 그 점이 맞으면 못 본 구간 13~16 전체의 밀림이 없다,구간확정(미검증)
D16,23,매드 사이언스,사용자 확인(대부분 8/14 영상 눈판독) — D16 의 23·24·25·26·27 번이 맞았다. 번호는 단조라 그 점이 맞으면 못 본 구간 23~28 전체의 밀림이 없다,구간확정(미검증)
D16,24,리무버블 디스코,사용자 확인(대부분 8/14 영상 눈판독) — D16 의 23·24·25·26·27 번이 맞았다. 번호는 단조라 그 점이 맞으면 못 본 구간 23~28 전체의 밀림이 없다,구간확정(미검증)
D16,25,설탕음모론,사용자 확인(대부분 8/14 영상 눈판독) — D16 의 23·24·25·26·27 번이 맞았다. 번호는 단조라 그 점이 맞으면 못 본 구간 23~28 전체의 밀림이 없다,구간확정(미검증)
D16,26,어나이얼레이터 메소드,사용자 확인(대부분 8/14 영상 눈판독) — D16 의 23·24·25·26·27 번이 맞았다. 번호는 단조라 그 점이 맞으면 못 본 구간 23~28 전체의 밀림이 없다,구간확정(미검증)
D16,27,스콜피온 킹,사용자 확인(대부분 8/14 영상 눈판독) — D16 의 23·24·25·26·27 번이 맞았다. 번호는 단조라 그 점이 맞으면 못 본 구간 23~28 전체의 밀림이 없다,구간확정(미검증)
D16,28,유 어게인 마이 러브,사용자 확인(대부분 8/14 영상 눈판독) — D16 의 23·24·25·26·27 번이 맞았다. 번호는 단조라 그 점이 맞으면 못 본 구간 23~28 전체의 밀림이 없다,구간확정(미검증)
D16,39,태동 2,사용자 확인(대부분 8/14 영상 눈판독) — D16 의 39·40·41·42·43·44 외 18 번이 맞았다. 번호는 단조라 그 점이 맞으면 못 본 구간 39~63 전체의 밀림이 없다,구간확정(미검증)
D16,40,마리아,사용자 확인(대부분 8/14 영상 눈판독) — D16 의 39·40·41·42·43·44 외 18 번이 맞았다. 번호는 단조라 그 점이 맞으면 못 본 구간 39~63 전체의 밀림이 없다,구간확정(미검증)
D16,41,마이웨이,사용자 확인(대부분 8/14 영상 눈판독) — D16 의 39·40·41·42·43·44 외 18 번이 맞았다. 번호는 단조라 그 점이 맞으면 못 본 구간 39~63 전체의 밀림이 없다,구간확정(미검증)
D16,42,스트리트 쇼다운,사용자 확인(대부분 8/14 영상 눈판독) — D16 의 39·40·41·42·43·44 외 18 번이 맞았다. 번호는 단조라 그 점이 맞으면 못 본 구간 39~63 전체의 밀림이 없다,구간확정(미검증)
D16,43,우편마차,사용자 확인(대부분 8/14 영상 눈판독) — D16 의 39·40·41·42·43·44 외 18 번이 맞았다. 번호는 단조라 그 점이 맞으면 못 본 구간 39~63 전체의 밀림이 없다,구간확정(미검증)
D16,44,엔,사용자 확인(대부분 8/14 영상 눈판독) — D16 의 39·40·41·42·43·44 외 18 번이 맞았다. 번호는 단조라 그 점이 맞으면 못 본 구간 39~63 전체의 밀림이 없다,구간확정(미검증)
D16,45,올 아이 원트 포 크리스마스,사용자 확인(대부분 8/14 영상 눈판독) — D16 의 39·40·41·42·43·44 외 18 번이 맞았다. 번호는 단조라 그 점이 맞으면 못 본 구간 39~63 전체의 밀림이 없다,구간확정(미검증)
D16,46,태동,사용자 확인(대부분 8/14 영상 눈판독) — D16 의 39·40·41·42·43·44 외 18 번이 맞았다. 번호는 단조라 그 점이 맞으면 못 본 구간 39~63 전체의 밀림이 없다,구간확정(미검증)
D16,47,프리 스타일,사용자 확인(대부분 8/14 영상 눈판독) — D16 의 39·40·41·42·43·44 외 18 번이 맞았다. 번호는 단조라 그 점이 맞으면 못 본 구간 39~63 전체의 밀림이 없다,구간확정(미검증)
D16,48,나이트시어터,사용자 확인(대부분 8/14 영상 눈판독) — D16 의 39·40·41·42·43·44 외 18 번이 맞았다. 번호는 단조라 그 점이 맞으면 못 본 구간 39~63 전체의 밀림이 없다,구간확정(미검증)
D16,49,갤럭시 컬랩스,사용자 확인(대부분 8/14 영상 눈판독) — D16 의 39·40·41·42·43·44 외 18 번이 맞았다. 번호는 단조라 그 점이 맞으면 못 본 구간 39~63 전체의 밀림이 없다,구간확정(미검증)
D16,50,네이드 네이드,사용자 확인(대부분 8/14 영상 눈판독) — D16 의 39·40·41·42·43·44 외 18 번이 맞았다. 번호는 단조라 그 점이 맞으면 못 본 구간 39~63 전체의 밀림이 없다,구간확정(미검증)
D16,51,굿텍,사용자 확인(대부분 8/14 영상 눈판독) — D16 의 39·40·41·42·43·44 외 18 번이 맞았다. 번호는 단조라 그 점이 맞으면 못 본 구간 39~63 전체의 밀림이 없다,구간확정(미검증)
D16,52,밀크,사용자 확인(대부분 8/14 영상 눈판독) — D16 의 39·40·41·42·43·44 외 18 번이 맞았다. 번호는 단조라 그 점이 맞으면 못 본 구간 39~63 전체의 밀림이 없다,구간확정(미검증)
D16,53,어콰이어,사용자 확인(대부분 8/14 영상 눈판독) — D16 의 39·40·41·42·43·44 외 18 번이 맞았다. 번호는 단조라 그 점이 맞으면 못 본 구간 39~63 전체의 밀림이 없다,구간확정(미검증)
D16,54,알테일,사용자 확인(대부분 8/14 영상 눈판독) — D16 의 39·40·41·42·43·44 외 18 번이 맞았다. 번호는 단조라 그 점이 맞으면 못 본 구간 39~63 전체의 밀림이 없다,구간확정(미검증)
D16,55,이렐리아,사용자 확인(대부분 8/14 영상 눈판독) — D16 의 39·40·41·42·43·44 외 18 번이 맞았다. 번호는 단조라 그 점이 맞으면 못 본 구간 39~63 전체의 밀림이 없다,구간확정(미검증)
D16,56,R.I.P.,사용자 확인(대부분 8/14 영상 눈판독) — D16 의 39·40·41·42·43·44 외 18 번이 맞았다. 번호는 단조라 그 점이 맞으면 못 본 구간 39~63 전체의 밀림이 없다,구간확정(미검증)
D16,57,푸파,사용자 확인(대부분 8/14 영상 눈판독) — D16 의 39·40·41·42·43·44 외 18 번이 맞았다. 번호는 단조라 그 점이 맞으면 못 본 구간 39~63 전체의 밀림이 없다,구간확정(미검증)
D16,58,스테이저,사용자 확인(대부분 8/14 영상 눈판독) — D16 의 39·40·41·42·43·44 외 18 번이 맞았다. 번호는 단조라 그 점이 맞으면 못 본 구간 39~63 전체의 밀림이 없다,구간확정(미검증)
D16,59,스푸키 마카롱,사용자 확인(대부분 8/14 영상 눈판독) — D16 의 39·40·41·42·43·44 외 18 번이 맞았다. 번호는 단조라 그 점이 맞으면 못 본 구간 39~63 전체의 밀림이 없다,구간확정(미검증)
D16,60,†도프†센시†,사용자 확인(대부분 8/14 영상 눈판독) — D16 의 39·40·41·42·43·44 외 18 번이 맞았다. 번호는 단조라 그 점이 맞으면 못 본 구간 39~63 전체의 밀림이 없다,구간확정(미검증)
D16,61,배틀 넘버원,사용자 확인(대부분 8/14 영상 눈판독) — D16 의 39·40·41·42·43·44 외 18 번이 맞았다. 번호는 단조라 그 점이 맞으면 못 본 구간 39~63 전체의 밀림이 없다,구간확정(미검증)
D16,62,호랑풍류가,사용자 확인(대부분 8/14 영상 눈판독) — D16 의 39·40·41·42·43·44 외 18 번이 맞았다. 번호는 단조라 그 점이 맞으면 못 본 구간 39~63 전체의 밀림이 없다,구간확정(미검증)
D16,63,라라,사용자 확인(대부분 8/14 영상 눈판독) — D16 의 39·40·41·42·43·44 외 18 번이 맞았다. 번호는 단조라 그 점이 맞으면 못 본 구간 39~63 전체의 밀림이 없다,구간확정(미검증)
D17,5,디그니티,사용자 확인(대부분 8/14 영상 눈판독) — D17 의 5·6·7·8·9·10 번이 맞았다. 번호는 단조라 그 점이 맞으면 못 본 구간 5~15 전체의 밀림이 없다,구간확정(미검증)
D17,6,냥-턴 (feat. KuTiNA),사용자 확인(대부분 8/14 영상 눈판독) — D17 의 5·6·7·8·9·10 번이 맞았다. 번호는 단조라 그 점이 맞으면 못 본 구간 5~15 전체의 밀림이 없다,구간확정(미검증)
D17,7,할로윈 파티 ~Multiverse~,사용자 확인(대부분 8/14 영상 눈판독) — D17 의 5·6·7·8·9·10 번이 맞았다. 번호는 단조라 그 점이 맞으면 못 본 구간 5~15 전체의 밀림이 없다,구간확정(미검증)
D17,8,그로스,사용자 확인(대부분 8/14 영상 눈판독) — D17 의 5·6·7·8·9·10 번이 맞았다. 번호는 단조라 그 점이 맞으면 못 본 구간 5~15 전체의 밀림이 없다,구간확정(미검증)
D17,9,리틀 먼치킨,사용자 확인(대부분 8/14 영상 눈판독) — D17 의 5·6·7·8·9·10 번이 맞았다. 번호는 단조라 그 점이 맞으면 못 본 구간 5~15 전체의 밀림이 없다,구간확정(미검증)
D17,10,프ㄹi마 마테ㄹi아,사용자 확인(대부분 8/14 영상 눈판독) — D17 의 5·6·7·8·9·10 번이 맞았다. 번호는 단조라 그 점이 맞으면 못 본 구간 5~15 전체의 밀림이 없다,구간확정(미검증)
D17,11,카오스 어게인,사용자 확인(대부분 8/14 영상 눈판독) — D17 의 5·6·7·8·9·10 번이 맞았다. 번호는 단조라 그 점이 맞으면 못 본 구간 5~15 전체의 밀림이 없다,구간확정(미검증)
D17,12,서든 어페어런스 이미지,사용자 확인(대부분 8/14 영상 눈판독) — D17 의 5·6·7·8·9·10 번이 맞았다. 번호는 단조라 그 점이 맞으면 못 본 구간 5~15 전체의 밀림이 없다,구간확정(미검증)
D17,13,뉴 로즈,사용자 확인(대부분 8/14 영상 눈판독) — D17 의 5·6·7·8·9·10 번이 맞았다. 번호는 단조라 그 점이 맞으면 못 본 구간 5~15 전체의 밀림이 없다,구간확정(미검증)
D17,14,머독 vs 오타다,사용자 확인(대부분 8/14 영상 눈판독) — D17 의 5·6·7·8·9·10 번이 맞았다. 번호는 단조라 그 점이 맞으면 못 본 구간 5~15 전체의 밀림이 없다,구간확정(미검증)
D17,15,디스트릭트 1,사용자 확인(대부분 8/14 영상 눈판독) — D17 의 5·6·7·8·9·10 번이 맞았다. 번호는 단조라 그 점이 맞으면 못 본 구간 5~15 전체의 밀림이 없다,구간확정(미검증)
D17,22,디 엔드 오브 더 월드 ft. Skizzo,사용자 확인(대부분 8/14 영상 눈판독) — D17 의 22·23·24·25 번이 맞았다. 번호는 단조라 그 점이 맞으면 못 본 구간 22~41 전체의 밀림이 없다,구간확정(미검증)
D17,23,포가튼 뱀파이어,사용자 확인(대부분 8/14 영상 눈판독) — D17 의 22·23·24·25 번이 맞았다. 번호는 단조라 그 점이 맞으면 못 본 구간 22~41 전체의 밀림이 없다,구간확정(미검증)
D17,24,리펜턴스,사용자 확인(대부분 8/14 영상 눈판독) — D17 의 22·23·24·25 번이 맞았다. 번호는 단조라 그 점이 맞으면 못 본 구간 22~41 전체의 밀림이 없다,구간확정(미검증)
D17,25,라스트 리버스,사용자 확인(대부분 8/14 영상 눈판독) — D17 의 22·23·24·25 번이 맞았다. 번호는 단조라 그 점이 맞으면 못 본 구간 22~41 전체의 밀림이 없다,구간확정(미검증)
D17,26,갓 모드 feat. skizzo,사용자 확인(대부분 8/14 영상 눈판독) — D17 의 22·23·24·25 번이 맞았다. 번호는 단조라 그 점이 맞으면 못 본 구간 22~41 전체의 밀림이 없다,구간확정(미검증)
D17,27,퍼더,사용자 확인(대부분 8/14 영상 눈판독) — D17 의 22·23·24·25 번이 맞았다. 번호는 단조라 그 점이 맞으면 못 본 구간 22~41 전체의 밀림이 없다,구간확정(미검증)
D17,28,아르카나 포스,사용자 확인(대부분 8/14 영상 눈판독) — D17 의 22·23·24·25 번이 맞았다. 번호는 단조라 그 점이 맞으면 못 본 구간 22~41 전체의 밀림이 없다,구간확정(미검증)
D17,29,헤이 유,사용자 확인(대부분 8/14 영상 눈판독) — D17 의 22·23·24·25 번이 맞았다. 번호는 단조라 그 점이 맞으면 못 본 구간 22~41 전체의 밀림이 없다,구간확정(미검증)
D17,30,트위스트 오브 페이트 (feat. Ruriling),사용자 확인(대부분 8/14 영상 눈판독) — D17 의 22·23·24·25 번이 맞았다. 번호는 단조라 그 점이 맞으면 못 본 구간 22~41 전체의 밀림이 없다,구간확정(미검증)
D17,31,어웨이크닝,사용자 확인(대부분 8/14 영상 눈판독) — D17 의 22·23·24·25 번이 맞았다. 번호는 단조라 그 점이 맞으면 못 본 구간 22~41 전체의 밀림이 없다,구간확정(미검증)
D17,32,메테오라이즈,사용자 확인(대부분 8/14 영상 눈판독) — D17 의 22·23·24·25 번이 맞았다. 번호는 단조라 그 점이 맞으면 못 본 구간 22~41 전체의 밀림이 없다,구간확정(미검증)
D17,33,포인트 제로 원,사용자 확인(대부분 8/14 영상 눈판독) — D17 의 22·23·24·25 번이 맞았다. 번호는 단조라 그 점이 맞으면 못 본 구간 22~41 전체의 밀림이 없다,구간확정(미검증)
D17,34,캄파넬라,사용자 확인(대부분 8/14 영상 눈판독) — D17 의 22·23·24·25 번이 맞았다. 번호는 단조라 그 점이 맞으면 못 본 구간 22~41 전체의 밀림이 없다,구간확정(미검증)
D17,35,레미니센스,사용자 확인(대부분 8/14 영상 눈판독) — D17 의 22·23·24·25 번이 맞았다. 번호는 단조라 그 점이 맞으면 못 본 구간 22~41 전체의 밀림이 없다,구간확정(미검증)
D17,36,브레이크 잇 다운,사용자 확인(대부분 8/14 영상 눈판독) — D17 의 22·23·24·25 번이 맞았다. 번호는 단조라 그 점이 맞으면 못 본 구간 22~41 전체의 밀림이 없다,구간확정(미검증)
D17,37,엘리제,사용자 확인(대부분 8/14 영상 눈판독) — D17 의 22·23·24·25 번이 맞았다. 번호는 단조라 그 점이 맞으면 못 본 구간 22~41 전체의 밀림이 없다,구간확정(미검증)
D17,38,이그니스 패터스(DM Ashura 믹스),사용자 확인(대부분 8/14 영상 눈판독) — D17 의 22·23·24·25 번이 맞았다. 번호는 단조라 그 점이 맞으면 못 본 구간 22~41 전체의 밀림이 없다,구간확정(미검증)
D17,39,팔로우 미,사용자 확인(대부분 8/14 영상 눈판독) — D17 의 22·23·24·25 번이 맞았다. 번호는 단조라 그 점이 맞으면 못 본 구간 22~41 전체의 밀림이 없다,구간확정(미검증)
D17,40,버터플라이,사용자 확인(대부분 8/14 영상 눈판독) — D17 의 22·23·24·25 번이 맞았다. 번호는 단조라 그 점이 맞으면 못 본 구간 22~41 전체의 밀림이 없다,구간확정(미검증)
D17,41,헝가리 무곡 V,사용자 확인(대부분 8/14 영상 눈판독) — D17 의 22·23·24·25 번이 맞았다. 번호는 단조라 그 점이 맞으면 못 본 구간 22~41 전체의 밀림이 없다,구간확정(미검증)
D17,47,테크 -클럽 코펜하겐-,사용자 확인(대부분 8/14 영상 눈판독) — D17 의 47·48·49·50 번이 맞았다. 번호는 단조라 그 점이 맞으면 못 본 구간 47~62 전체의 밀림이 없다,구간확정(미검증)
D17,48,팬텀 -인터메조-,사용자 확인(대부분 8/14 영상 눈판독) — D17 의 47·48·49·50 번이 맞았다. 번호는 단조라 그 점이 맞으면 못 본 구간 47~62 전체의 밀림이 없다,구간확정(미검증)
D17,49,사람들은 몰랐다네,사용자 확인(대부분 8/14 영상 눈판독) — D17 의 47·48·49·50 번이 맞았다. 번호는 단조라 그 점이 맞으면 못 본 구간 47~62 전체의 밀림이 없다,구간확정(미검증)
D17,50,머니,사용자 확인(대부분 8/14 영상 눈판독) — D17 의 47·48·49·50 번이 맞았다. 번호는 단조라 그 점이 맞으면 못 본 구간 47~62 전체의 밀림이 없다,구간확정(미검증)
D17,51,히글디 피글디,사용자 확인(대부분 8/14 영상 눈판독) — D17 의 47·48·49·50 번이 맞았다. 번호는 단조라 그 점이 맞으면 못 본 구간 47~62 전체의 밀림이 없다,구간확정(미검증)
D17,52,위치 닥터 #1,사용자 확인(대부분 8/14 영상 눈판독) — D17 의 47·48·49·50 번이 맞았다. 번호는 단조라 그 점이 맞으면 못 본 구간 47~62 전체의 밀림이 없다,구간확정(미검증)
D17,53,미운 오리 새끼,사용자 확인(대부분 8/14 영상 눈판독) — D17 의 47·48·49·50 번이 맞았다. 번호는 단조라 그 점이 맞으면 못 본 구간 47~62 전체의 밀림이 없다,구간확정(미검증)
D17,54,캐논 디,사용자 확인(대부분 8/14 영상 눈판독) — D17 의 47·48·49·50 번이 맞았다. 번호는 단조라 그 점이 맞으면 못 본 구간 47~62 전체의 밀림이 없다,구간확정(미검증)
D17,55,몽키 핑거즈,사용자 확인(대부분 8/14 영상 눈판독) — D17 의 47·48·49·50 번이 맞았다. 번호는 단조라 그 점이 맞으면 못 본 구간 47~62 전체의 밀림이 없다,구간확정(미검증)
D17,56,엠페러,사용자 확인(대부분 8/14 영상 눈판독) — D17 의 47·48·49·50 번이 맞았다. 번호는 단조라 그 점이 맞으면 못 본 구간 47~62 전체의 밀림이 없다,구간확정(미검증)
D17,57,러브 이즈 어 데인저 존,사용자 확인(대부분 8/14 영상 눈판독) — D17 의 47·48·49·50 번이 맞았다. 번호는 단조라 그 점이 맞으면 못 본 구간 47~62 전체의 밀림이 없다,구간확정(미검증)
D17,58,윌 오 더 위스프,사용자 확인(대부분 8/14 영상 눈판독) — D17 의 47·48·49·50 번이 맞았다. 번호는 단조라 그 점이 맞으면 못 본 구간 47~62 전체의 밀림이 없다,구간확정(미검증)
D17,59,틸 디 엔드 오브 타임,사용자 확인(대부분 8/14 영상 눈판독) — D17 의 47·48·49·50 번이 맞았다. 번호는 단조라 그 점이 맞으면 못 본 구간 47~62 전체의 밀림이 없다,구간확정(미검증)
D17,60,셋 미 업,사용자 확인(대부분 8/14 영상 눈판독) — D17 의 47·48·49·50 번이 맞았다. 번호는 단조라 그 점이 맞으면 못 본 구간 47~62 전체의 밀림이 없다,구간확정(미검증)
D17,61,롤링 크리스마스,사용자 확인(대부분 8/14 영상 눈판독) — D17 의 47·48·49·50 번이 맞았다. 번호는 단조라 그 점이 맞으면 못 본 구간 47~62 전체의 밀림이 없다,구간확정(미검증)
D17,62,사랑가,사용자 확인(대부분 8/14 영상 눈판독) — D17 의 47·48·49·50 번이 맞았다. 번호는 단조라 그 점이 맞으면 못 본 구간 47~62 전체의 밀림이 없다,구간확정(미검증)
D17,68,댄싱,사용자 확인(대부분 8/14 영상 눈판독) — D17 의 68·69·70·71·72 번이 맞았다. 번호는 단조라 그 점이 맞으면 못 본 구간 68~82 전체의 밀림이 없다,구간확정(미검증)
D17,69,러쉬-모어,사용자 확인(대부분 8/14 영상 눈판독) — D17 의 68·69·70·71·72 번이 맞았다. 번호는 단조라 그 점이 맞으면 못 본 구간 68~82 전체의 밀림이 없다,구간확정(미검증)
D17,70,러쉬-아워,사용자 확인(대부분 8/14 영상 눈판독) — D17 의 68·69·70·71·72 번이 맞았다. 번호는 단조라 그 점이 맞으면 못 본 구간 68~82 전체의 밀림이 없다,구간확정(미검증)
D17,71,아라가미,사용자 확인(대부분 8/14 영상 눈판독) — D17 의 68·69·70·71·72 번이 맞았다. 번호는 단조라 그 점이 맞으면 못 본 구간 68~82 전체의 밀림이 없다,구간확정(미검증)
D17,72,빅 대디,사용자 확인(대부분 8/14 영상 눈판독) — D17 의 68·69·70·71·72 번이 맞았다. 번호는 단조라 그 점이 맞으면 못 본 구간 68~82 전체의 밀림이 없다,구간확정(미검증)
D17,73,비코즈 오브 유,사용자 확인(대부분 8/14 영상 눈판독) — D17 의 68·69·70·71·72 번이 맞았다. 번호는 단조라 그 점이 맞으면 못 본 구간 68~82 전체의 밀림이 없다,구간확정(미검증)
D17,74,브레이크 스루 마이셀프 feat. Risa Yuzuki,사용자 확인(대부분 8/14 영상 눈판독) — D17 의 68·69·70·71·72 번이 맞았다. 번호는 단조라 그 점이 맞으면 못 본 구간 68~82 전체의 밀림이 없다,구간확정(미검증)
D17,75,쵸빗 플레이버,사용자 확인(대부분 8/14 영상 눈판독) — D17 의 68·69·70·71·72 번이 맞았다. 번호는 단조라 그 점이 맞으면 못 본 구간 68~82 전체의 밀림이 없다,구간확정(미검증)
D17,76,얼라이브,사용자 확인(대부분 8/14 영상 눈판독) — D17 의 68·69·70·71·72 번이 맞았다. 번호는 단조라 그 점이 맞으면 못 본 구간 68~82 전체의 밀림이 없다,구간확정(미검증)
D17,77,트릭크래쉬 220,사용자 확인(대부분 8/14 영상 눈판독) — D17 의 68·69·70·71·72 번이 맞았다. 번호는 단조라 그 점이 맞으면 못 본 구간 68~82 전체의 밀림이 없다,구간확정(미검증)
D17,78,프렌드,사용자 확인(대부분 8/14 영상 눈판독) — D17 의 68·69·70·71·72 번이 맞았다. 번호는 단조라 그 점이 맞으면 못 본 구간 68~82 전체의 밀림이 없다,구간확정(미검증)
D17,79,니힐리즘 - 어나더 버전 -,사용자 확인(대부분 8/14 영상 눈판독) — D17 의 68·69·70·71·72 번이 맞았다. 번호는 단조라 그 점이 맞으면 못 본 구간 68~82 전체의 밀림이 없다,구간확정(미검증)
D17,80,모페모페,사용자 확인(대부분 8/14 영상 눈판독) — D17 의 68·69·70·71·72 번이 맞았다. 번호는 단조라 그 점이 맞으면 못 본 구간 68~82 전체의 밀림이 없다,구간확정(미검증)
D17,81,라그나로크,사용자 확인(대부분 8/14 영상 눈판독) — D17 의 68·69·70·71·72 번이 맞았다. 번호는 단조라 그 점이 맞으면 못 본 구간 68~82 전체의 밀림이 없다,구간확정(미검증)
D17,82,아클루오이아스,사용자 확인(대부분 8/14 영상 눈판독) — D17 의 68·69·70·71·72 번이 맞았다. 번호는 단조라 그 점이 맞으면 못 본 구간 68~82 전체의 밀림이 없다,구간확정(미검증)
D17,89,슈샤,사용자 확인(대부분 8/14 영상 눈판독) — D17 의 89·90·91·96 번이 맞았다. 번호는 단조라 그 점이 맞으면 못 본 구간 89~96 전체의 밀림이 없다,구간확정(미검증)
D17,90,드림체이서즈,사용자 확인(대부분 8/14 영상 눈판독) — D17 의 89·90·91·96 번이 맞았다. 번호는 단조라 그 점이 맞으면 못 본 구간 89~96 전체의 밀림이 없다,구간확정(미검증)
D17,91,슈퍼☆하라구로☆팝,사용자 확인(대부분 8/14 영상 눈판독) — D17 의 89·90·91·96 번이 맞았다. 번호는 단조라 그 점이 맞으면 못 본 구간 89~96 전체의 밀림이 없다,구간확정(미검증)
D17,92,이미지네이션,사용자 확인(대부분 8/14 영상 눈판독) — D17 의 89·90·91·96 번이 맞았다. 번호는 단조라 그 점이 맞으면 못 본 구간 89~96 전체의 밀림이 없다,구간확정(미검증)
D17,93,오벨리스크,사용자 확인(대부분 8/14 영상 눈판독) — D17 의 89·90·91·96 번이 맞았다. 번호는 단조라 그 점이 맞으면 못 본 구간 89~96 전체의 밀림이 없다,구간확정(미검증)
D17,94,레이지 오브 파이어,사용자 확인(대부분 8/14 영상 눈판독) — D17 의 89·90·91·96 번이 맞았다. 번호는 단조라 그 점이 맞으면 못 본 구간 89~96 전체의 밀림이 없다,구간확정(미검증)
D17,95,우라늄,사용자 확인(대부분 8/14 영상 눈판독) — D17 의 89·90·91·96 번이 맞았다. 번호는 단조라 그 점이 맞으면 못 본 구간 89~96 전체의 밀림이 없다,구간확정(미검증)
D17,96,라이징 스타,사용자 확인(대부분 8/14 영상 눈판독) — D17 의 89·90·91·96 번이 맞았다. 번호는 단조라 그 점이 맞으면 못 본 구간 89~96 전체의 밀림이 없다,구간확정(미검증)
D18,4,뱅 뱅,사용자 확인(대부분 8/14 영상 눈판독) — D18 의 4·5·6·7·8·9 외 8 번이 맞았다. 번호는 단조라 그 점이 맞으면 못 본 구간 4~23 전체의 밀림이 없다,구간확정(미검증)
D18,5,비행기,사용자 확인(대부분 8/14 영상 눈판독) — D18 의 4·5·6·7·8·9 외 8 번이 맞았다. 번호는 단조라 그 점이 맞으면 못 본 구간 4~23 전체의 밀림이 없다,구간확정(미검증)
D18,6,노스텔지어,사용자 확인(대부분 8/14 영상 눈판독) — D18 의 4·5·6·7·8·9 외 8 번이 맞았다. 번호는 단조라 그 점이 맞으면 못 본 구간 4~23 전체의 밀림이 없다,구간확정(미검증)
D18,7,조깅,사용자 확인(대부분 8/14 영상 눈판독) — D18 의 4·5·6·7·8·9 외 8 번이 맞았다. 번호는 단조라 그 점이 맞으면 못 본 구간 4~23 전체의 밀림이 없다,구간확정(미검증)
D18,8,체이스 미,사용자 확인(대부분 8/14 영상 눈판독) — D18 의 4·5·6·7·8·9 외 8 번이 맞았다. 번호는 단조라 그 점이 맞으면 못 본 구간 4~23 전체의 밀림이 없다,구간확정(미검증)
D18,9,또다른 진심,사용자 확인(대부분 8/14 영상 눈판독) — D18 의 4·5·6·7·8·9 외 8 번이 맞았다. 번호는 단조라 그 점이 맞으면 못 본 구간 4~23 전체의 밀림이 없다,구간확정(미검증)
D18,10,응징 레스토랑,사용자 확인(대부분 8/14 영상 눈판독) — D18 의 4·5·6·7·8·9 외 8 번이 맞았다. 번호는 단조라 그 점이 맞으면 못 본 구간 4~23 전체의 밀림이 없다,구간확정(미검증)
D18,11,블레이저,사용자 확인(대부분 8/14 영상 눈판독) — D18 의 4·5·6·7·8·9 외 8 번이 맞았다. 번호는 단조라 그 점이 맞으면 못 본 구간 4~23 전체의 밀림이 없다,구간확정(미검증)
D18,12,B3,사용자 확인(대부분 8/14 영상 눈판독) — D18 의 4·5·6·7·8·9 외 8 번이 맞았다. 번호는 단조라 그 점이 맞으면 못 본 구간 4~23 전체의 밀림이 없다,구간확정(미검증)
D18,13,오버나이트 플라워,사용자 확인(대부분 8/14 영상 눈판독) — D18 의 4·5·6·7·8·9 외 8 번이 맞았다. 번호는 단조라 그 점이 맞으면 못 본 구간 4~23 전체의 밀림이 없다,구간확정(미검증)
D18,14,하이웨이 체이서,사용자 확인(대부분 8/14 영상 눈판독) — D18 의 4·5·6·7·8·9 외 8 번이 맞았다. 번호는 단조라 그 점이 맞으면 못 본 구간 4~23 전체의 밀림이 없다,구간확정(미검증)
D18,15,더 아포칼립스,사용자 확인(대부분 8/14 영상 눈판독) — D18 의 4·5·6·7·8·9 외 8 번이 맞았다. 번호는 단조라 그 점이 맞으면 못 본 구간 4~23 전체의 밀림이 없다,구간확정(미검증)
D18,16,쇼다운,사용자 확인(대부분 8/14 영상 눈판독) — D18 의 4·5·6·7·8·9 외 8 번이 맞았다. 번호는 단조라 그 점이 맞으면 못 본 구간 4~23 전체의 밀림이 없다,구간확정(미검증)
D18,17,붐!!,사용자 확인(대부분 8/14 영상 눈판독) — D18 의 4·5·6·7·8·9 외 8 번이 맞았다. 번호는 단조라 그 점이 맞으면 못 본 구간 4~23 전체의 밀림이 없다,구간확정(미검증)
D18,18,유포리아닉,사용자 확인(대부분 8/14 영상 눈판독) — D18 의 4·5·6·7·8·9 외 8 번이 맞았다. 번호는 단조라 그 점이 맞으면 못 본 구간 4~23 전체의 밀림이 없다,구간확정(미검증)
D18,19,쥬핀,사용자 확인(대부분 8/14 영상 눈판독) — D18 의 4·5·6·7·8·9 외 8 번이 맞았다. 번호는 단조라 그 점이 맞으면 못 본 구간 4~23 전체의 밀림이 없다,구간확정(미검증)
D18,20,시,사용자 확인(대부분 8/14 영상 눈판독) — D18 의 4·5·6·7·8·9 외 8 번이 맞았다. 번호는 단조라 그 점이 맞으면 못 본 구간 4~23 전체의 밀림이 없다,구간확정(미검증)
D18,21,추격,사용자 확인(대부분 8/14 영상 눈판독) — D18 의 4·5·6·7·8·9 외 8 번이 맞았다. 번호는 단조라 그 점이 맞으면 못 본 구간 4~23 전체의 밀림이 없다,구간확정(미검증)
D18,22,스타드림 -Eurobeat Remix-,사용자 확인(대부분 8/14 영상 눈판독) — D18 의 4·5·6·7·8·9 외 8 번이 맞았다. 번호는 단조라 그 점이 맞으면 못 본 구간 4~23 전체의 밀림이 없다,구간확정(미검증)
D18,23,결투,사용자 확인(대부분 8/14 영상 눈판독) — D18 의 4·5·6·7·8·9 외 8 번이 맞았다. 번호는 단조라 그 점이 맞으면 못 본 구간 4~23 전체의 밀림이 없다,구간확정(미검증)
D18,29,초악마황제,사용자 확인(대부분 8/14 영상 눈판독) — D18 의 29·30·31·32·33 번이 맞았다. 번호는 단조라 그 점이 맞으면 못 본 구간 29~49 전체의 밀림이 없다,구간확정(미검증)
D18,30,소닉 붐,사용자 확인(대부분 8/14 영상 눈판독) — D18 의 29·30·31·32·33 번이 맞았다. 번호는 단조라 그 점이 맞으면 못 본 구간 29~49 전체의 밀림이 없다,구간확정(미검증)
D18,31,메가하츠,사용자 확인(대부분 8/14 영상 눈판독) — D18 의 29·30·31·32·33 번이 맞았다. 번호는 단조라 그 점이 맞으면 못 본 구간 29~49 전체의 밀림이 없다,구간확정(미검증)
D18,32,다크사이드 오브 더 마인드,사용자 확인(대부분 8/14 영상 눈판독) — D18 의 29·30·31·32·33 번이 맞았다. 번호는 단조라 그 점이 맞으면 못 본 구간 29~49 전체의 밀림이 없다,구간확정(미검증)
D18,33,E.O.N,사용자 확인(대부분 8/14 영상 눈판독) — D18 의 29·30·31·32·33 번이 맞았다. 번호는 단조라 그 점이 맞으면 못 본 구간 29~49 전체의 밀림이 없다,구간확정(미검증)
D18,34,데카 댄스,사용자 확인(대부분 8/14 영상 눈판독) — D18 의 29·30·31·32·33 번이 맞았다. 번호는 단조라 그 점이 맞으면 못 본 구간 29~49 전체의 밀림이 없다,구간확정(미검증)
D18,35,인베이젼,사용자 확인(대부분 8/14 영상 눈판독) — D18 의 29·30·31·32·33 번이 맞았다. 번호는 단조라 그 점이 맞으면 못 본 구간 29~49 전체의 밀림이 없다,구간확정(미검증)
D18,36,위더 가든,사용자 확인(대부분 8/14 영상 눈판독) — D18 의 29·30·31·32·33 번이 맞았다. 번호는 단조라 그 점이 맞으면 못 본 구간 29~49 전체의 밀림이 없다,구간확정(미검증)
D18,37,이매저너라이즈드 시티,사용자 확인(대부분 8/14 영상 눈판독) — D18 의 29·30·31·32·33 번이 맞았다. 번호는 단조라 그 점이 맞으면 못 본 구간 29~49 전체의 밀림이 없다,구간확정(미검증)
D18,38,크림슨 후드,사용자 확인(대부분 8/14 영상 눈판독) — D18 의 29·30·31·32·33 번이 맞았다. 번호는 단조라 그 점이 맞으면 못 본 구간 29~49 전체의 밀림이 없다,구간확정(미검증)
D18,39,도플갱어,사용자 확인(대부분 8/14 영상 눈판독) — D18 의 29·30·31·32·33 번이 맞았다. 번호는 단조라 그 점이 맞으면 못 본 구간 29~49 전체의 밀림이 없다,구간확정(미검증)
D18,40,스위트로닉,사용자 확인(대부분 8/14 영상 눈판독) — D18 의 29·30·31·32·33 번이 맞았다. 번호는 단조라 그 점이 맞으면 못 본 구간 29~49 전체의 밀림이 없다,구간확정(미검증)
D18,41,트란사칼리아,사용자 확인(대부분 8/14 영상 눈판독) — D18 의 29·30·31·32·33 번이 맞았다. 번호는 단조라 그 점이 맞으면 못 본 구간 29~49 전체의 밀림이 없다,구간확정(미검증)
D18,42,아이 원트 유,사용자 확인(대부분 8/14 영상 눈판독) — D18 의 29·30·31·32·33 번이 맞았다. 번호는 단조라 그 점이 맞으면 못 본 구간 29~49 전체의 밀림이 없다,구간확정(미검증)
D18,43,하트 래빗 코스터,사용자 확인(대부분 8/14 영상 눈판독) — D18 의 29·30·31·32·33 번이 맞았다. 번호는 단조라 그 점이 맞으면 못 본 구간 29~49 전체의 밀림이 없다,구간확정(미검증)
D18,44,아이올라이트 스카이,사용자 확인(대부분 8/14 영상 눈판독) — D18 의 29·30·31·32·33 번이 맞았다. 번호는 단조라 그 점이 맞으면 못 본 구간 29~49 전체의 밀림이 없다,구간확정(미검증)
D18,45,마카롱 데이,사용자 확인(대부분 8/14 영상 눈판독) — D18 의 29·30·31·32·33 번이 맞았다. 번호는 단조라 그 점이 맞으면 못 본 구간 29~49 전체의 밀림이 없다,구간확정(미검증)
D18,46,배니쉬,사용자 확인(대부분 8/14 영상 눈판독) — D18 의 29·30·31·32·33 번이 맞았다. 번호는 단조라 그 점이 맞으면 못 본 구간 29~49 전체의 밀림이 없다,구간확정(미검증)
D18,47,테일즈 오브 펌프니아,사용자 확인(대부분 8/14 영상 눈판독) — D18 의 29·30·31·32·33 번이 맞았다. 번호는 단조라 그 점이 맞으면 못 본 구간 29~49 전체의 밀림이 없다,구간확정(미검증)
D18,48,오르비트 스테빌라이저,사용자 확인(대부분 8/14 영상 눈판독) — D18 의 29·30·31·32·33 번이 맞았다. 번호는 단조라 그 점이 맞으면 못 본 구간 29~49 전체의 밀림이 없다,구간확정(미검증)
D18,49,위키드 레전드,사용자 확인(대부분 8/14 영상 눈판독) — D18 의 29·30·31·32·33 번이 맞았다. 번호는 단조라 그 점이 맞으면 못 본 구간 29~49 전체의 밀림이 없다,구간확정(미검증)
D18,56,갓 모드 2.0 feat. Skizzo,사용자 확인(대부분 8/14 영상 눈판독) — D18 의 56·57·58·59·60·61 외 11 번이 맞았다. 번호는 단조라 그 점이 맞으면 못 본 구간 56~72 전체의 밀림이 없다,구간확정(미검증)
D18,57,라스트 리버스,사용자 확인(대부분 8/14 영상 눈판독) — D18 의 56·57·58·59·60·61 외 11 번이 맞았다. 번호는 단조라 그 점이 맞으면 못 본 구간 56~72 전체의 밀림이 없다,구간확정(미검증)
D18,58,슈브 니구라스,사용자 확인(대부분 8/14 영상 눈판독) — D18 의 56·57·58·59·60·61 외 11 번이 맞았다. 번호는 단조라 그 점이 맞으면 못 본 구간 56~72 전체의 밀림이 없다,구간확정(미검증)
D18,59,브레이크 아웃,사용자 확인(대부분 8/14 영상 눈판독) — D18 의 56·57·58·59·60·61 외 11 번이 맞았다. 번호는 단조라 그 점이 맞으면 못 본 구간 56~72 전체의 밀림이 없다,구간확정(미검증)
D18,60,사라반드,사용자 확인(대부분 8/14 영상 눈판독) — D18 의 56·57·58·59·60·61 외 11 번이 맞았다. 번호는 단조라 그 점이 맞으면 못 본 구간 56~72 전체의 밀림이 없다,구간확정(미검증)
D18,61,우츠시요 노 카제 feat. Kana,사용자 확인(대부분 8/14 영상 눈판독) — D18 의 56·57·58·59·60·61 외 11 번이 맞았다. 번호는 단조라 그 점이 맞으면 못 본 구간 56~72 전체의 밀림이 없다,구간확정(미검증)
D18,62,업 앤 업 (Produced by AWAL),사용자 확인(대부분 8/14 영상 눈판독) — D18 의 56·57·58·59·60·61 외 11 번이 맞았다. 번호는 단조라 그 점이 맞으면 못 본 구간 56~72 전체의 밀림이 없다,구간확정(미검증)
D18,63,트래블 투 퓨처,사용자 확인(대부분 8/14 영상 눈판독) — D18 의 56·57·58·59·60·61 외 11 번이 맞았다. 번호는 단조라 그 점이 맞으면 못 본 구간 56~72 전체의 밀림이 없다,구간확정(미검증)
D18,64,왈츠 오브 도지,사용자 확인(대부분 8/14 영상 눈판독) — D18 의 56·57·58·59·60·61 외 11 번이 맞았다. 번호는 단조라 그 점이 맞으면 못 본 구간 56~72 전체의 밀림이 없다,구간확정(미검증)
D18,65,하트 어택,사용자 확인(대부분 8/14 영상 눈판독) — D18 의 56·57·58·59·60·61 외 11 번이 맞았다. 번호는 단조라 그 점이 맞으면 못 본 구간 56~72 전체의 밀림이 없다,구간확정(미검증)
D18,66,요그 소토스,사용자 확인(대부분 8/14 영상 눈판독) — D18 의 56·57·58·59·60·61 외 11 번이 맞았다. 번호는 단조라 그 점이 맞으면 못 본 구간 56~72 전체의 밀림이 없다,구간확정(미검증)
D18,67,레퀴엠,사용자 확인(대부분 8/14 영상 눈판독) — D18 의 56·57·58·59·60·61 외 11 번이 맞았다. 번호는 단조라 그 점이 맞으면 못 본 구간 56~72 전체의 밀림이 없다,구간확정(미검증)
D18,68,유 갓 미 크레이지,사용자 확인(대부분 8/14 영상 눈판독) — D18 의 56·57·58·59·60·61 외 11 번이 맞았다. 번호는 단조라 그 점이 맞으면 못 본 구간 56~72 전체의 밀림이 없다,구간확정(미검증)
D18,69,리키지 볼티지,사용자 확인(대부분 8/14 영상 눈판독) — D18 의 56·57·58·59·60·61 외 11 번이 맞았다. 번호는 단조라 그 점이 맞으면 못 본 구간 56~72 전체의 밀림이 없다,구간확정(미검증)
D18,70,슈퍼 판타지,사용자 확인(대부분 8/14 영상 눈판독) — D18 의 56·57·58·59·60·61 외 11 번이 맞았다. 번호는 단조라 그 점이 맞으면 못 본 구간 56~72 전체의 밀림이 없다,구간확정(미검증)
D18,71,블레이즈 이모션 (Band version),사용자 확인(대부분 8/14 영상 눈판독) — D18 의 56·57·58·59·60·61 외 11 번이 맞았다. 번호는 단조라 그 점이 맞으면 못 본 구간 56~72 전체의 밀림이 없다,구간확정(미검증)
D18,72,무브 댓 바디!,사용자 확인(대부분 8/14 영상 눈판독) — D18 의 56·57·58·59·60·61 외 11 번이 맞았다. 번호는 단조라 그 점이 맞으면 못 본 구간 56~72 전체의 밀림이 없다,구간확정(미검증)
D18,78,윈드밀,사용자 확인(대부분 8/14 영상 눈판독) — D18 의 78·79·80·81·82·83 번이 맞았다. 번호는 단조라 그 점이 맞으면 못 본 구간 78~83 전체의 밀림이 없다,구간확정(미검증)
D18,79,오버블로우,사용자 확인(대부분 8/14 영상 눈판독) — D18 의 78·79·80·81·82·83 번이 맞았다. 번호는 단조라 그 점이 맞으면 못 본 구간 78~83 전체의 밀림이 없다,구간확정(미검증)
D18,80,위 갓 투 노우,사용자 확인(대부분 8/14 영상 눈판독) — D18 의 78·79·80·81·82·83 번이 맞았다. 번호는 단조라 그 점이 맞으면 못 본 구간 78~83 전체의 밀림이 없다,구간확정(미검증)
D18,81,네이티브,사용자 확인(대부분 8/14 영상 눈판독) — D18 의 78·79·80·81·82·83 번이 맞았다. 번호는 단조라 그 점이 맞으면 못 본 구간 78~83 전체의 밀림이 없다,구간확정(미검증)
D18,82,소서리스 엘리제,사용자 확인(대부분 8/14 영상 눈판독) — D18 의 78·79·80·81·82·83 번이 맞았다. 번호는 단조라 그 점이 맞으면 못 본 구간 78~83 전체의 밀림이 없다,구간확정(미검증)
D18,83,유 갓 투 노우,사용자 확인(대부분 8/14 영상 눈판독) — D18 의 78·79·80·81·82·83 번이 맞았다. 번호는 단조라 그 점이 맞으면 못 본 구간 78~83 전체의 밀림이 없다,구간확정(미검증)
D18,89,아크 오브 다크니스,사용자 확인(대부분 8/14 영상 눈판독) — D18 의 89·90·91 번이 맞았다. 번호는 단조라 그 점이 맞으면 못 본 구간 89~91 전체의 밀림이 없다,구간확정(미검증)
D18,90,키메라,사용자 확인(대부분 8/14 영상 눈판독) — D18 의 89·90·91 번이 맞았다. 번호는 단조라 그 점이 맞으면 못 본 구간 89~91 전체의 밀림이 없다,구간확정(미검증)
D18,91,건락,사용자 확인(대부분 8/14 영상 눈판독) — D18 의 89·90·91 번이 맞았다. 번호는 단조라 그 점이 맞으면 못 본 구간 89~91 전체의 밀림이 없다,구간확정(미검증)
D18,98,마이웨이,사용자 확인(대부분 8/14 영상 눈판독) — D18 의 98·99·100·101·102·103 외 8 번이 맞았다. 번호는 단조라 그 점이 맞으면 못 본 구간 98~111 전체의 밀림이 없다,구간확정(미검증)
D18,99,윈터,사용자 확인(대부분 8/14 영상 눈판독) — D18 의 98·99·100·101·102·103 외 8 번이 맞았다. 번호는 단조라 그 점이 맞으면 못 본 구간 98~111 전체의 밀림이 없다,구간확정(미검증)
D18,100,댄스 위드 미,사용자 확인(대부분 8/14 영상 눈판독) — D18 의 98·99·100·101·102·103 외 8 번이 맞았다. 번호는 단조라 그 점이 맞으면 못 본 구간 98~111 전체의 밀림이 없다,구간확정(미검증)
D18,101,치킨 윙,사용자 확인(대부분 8/14 영상 눈판독) — D18 의 98·99·100·101·102·103 외 8 번이 맞았다. 번호는 단조라 그 점이 맞으면 못 본 구간 98~111 전체의 밀림이 없다,구간확정(미검증)
D18,102,라젠스키 캉캉,사용자 확인(대부분 8/14 영상 눈판독) — D18 의 98·99·100·101·102·103 외 8 번이 맞았다. 번호는 단조라 그 점이 맞으면 못 본 구간 98~111 전체의 밀림이 없다,구간확정(미검증)
D18,103,펌프 점프,사용자 확인(대부분 8/14 영상 눈판독) — D18 의 98·99·100·101·102·103 외 8 번이 맞았다. 번호는 단조라 그 점이 맞으면 못 본 구간 98~111 전체의 밀림이 없다,구간확정(미검증)
D18,104,올 아이 원트 포 크리스마스,사용자 확인(대부분 8/14 영상 눈판독) — D18 의 98·99·100·101·102·103 외 8 번이 맞았다. 번호는 단조라 그 점이 맞으면 못 본 구간 98~111 전체의 밀림이 없다,구간확정(미검증)
D18,105,베토벤 바이러스,사용자 확인(대부분 8/14 영상 눈판독) — D18 의 98·99·100·101·102·103 외 8 번이 맞았다. 번호는 단조라 그 점이 맞으면 못 본 구간 98~111 전체의 밀림이 없다,구간확정(미검증)
D18,106,파이널 오디션 2,사용자 확인(대부분 8/14 영상 눈판독) — D18 의 98·99·100·101·102·103 외 8 번이 맞았다. 번호는 단조라 그 점이 맞으면 못 본 구간 98~111 전체의 밀림이 없다,구간확정(미검증)
D18,107,터키 행진곡,사용자 확인(대부분 8/14 영상 눈판독) — D18 의 98·99·100·101·102·103 외 8 번이 맞았다. 번호는 단조라 그 점이 맞으면 못 본 구간 98~111 전체의 밀림이 없다,구간확정(미검증)
D18,108,님과 함께,사용자 확인(대부분 8/14 영상 눈판독) — D18 의 98·99·100·101·102·103 외 8 번이 맞았다. 번호는 단조라 그 점이 맞으면 못 본 구간 98~111 전체의 밀림이 없다,구간확정(미검증)
D18,109,그녀는 피자를 좋아해,사용자 확인(대부분 8/14 영상 눈판독) — D18 의 98·99·100·101·102·103 외 8 번이 맞았다. 번호는 단조라 그 점이 맞으면 못 본 구간 98~111 전체의 밀림이 없다,구간확정(미검증)
D18,110,엑스트라바간자,사용자 확인(대부분 8/14 영상 눈판독) — D18 의 98·99·100·101·102·103 외 8 번이 맞았다. 번호는 단조라 그 점이 맞으면 못 본 구간 98~111 전체의 밀림이 없다,구간확정(미검증)
D18,111,프리덤 다이브,사용자 확인(대부분 8/14 영상 눈판독) — D18 의 98·99·100·101·102·103 외 8 번이 맞았다. 번호는 단조라 그 점이 맞으면 못 본 구간 98~111 전체의 밀림이 없다,구간확정(미검증)
D18,118,앨리스 인 미산트로프,사용자 확인(대부분 8/14 영상 눈판독) — D18 의 118·119·120·121·122·123 외 12 번이 맞았다. 번호는 단조라 그 점이 맞으면 못 본 구간 118~135 전체의 밀림이 없다,구간확정(미검증)
D18,119,에모모모,사용자 확인(대부분 8/14 영상 눈판독) — D18 의 118·119·120·121·122·123 외 12 번이 맞았다. 번호는 단조라 그 점이 맞으면 못 본 구간 118~135 전체의 밀림이 없다,구간확정(미검증)
D18,120,스테이저,사용자 확인(대부분 8/14 영상 눈판독) — D18 의 118·119·120·121·122·123 외 12 번이 맞았다. 번호는 단조라 그 점이 맞으면 못 본 구간 118~135 전체의 밀림이 없다,구간확정(미검증)
D18,121,* 이 게임은 존재하지 않습니다 *,사용자 확인(대부분 8/14 영상 눈판독) — D18 의 118·119·120·121·122·123 외 12 번이 맞았다. 번호는 단조라 그 점이 맞으면 못 본 구간 118~135 전체의 밀림이 없다,구간확정(미검증)
D18,122,마히카,사용자 확인(대부분 8/14 영상 눈판독) — D18 의 118·119·120·121·122·123 외 12 번이 맞았다. 번호는 단조라 그 점이 맞으면 못 본 구간 118~135 전체의 밀림이 없다,구간확정(미검증)
D18,123,스푸키 마카롱,사용자 확인(대부분 8/14 영상 눈판독) — D18 의 118·119·120·121·122·123 외 12 번이 맞았다. 번호는 단조라 그 점이 맞으면 못 본 구간 118~135 전체의 밀림이 없다,구간확정(미검증)
D18,124,오딘,사용자 확인(대부분 8/14 영상 눈판독) — D18 의 118·119·120·121·122·123 외 12 번이 맞았다. 번호는 단조라 그 점이 맞으면 못 본 구간 118~135 전체의 밀림이 없다,구간확정(미검증)
D18,125,슬랩스틱 파르페,사용자 확인(대부분 8/14 영상 눈판독) — D18 의 118·119·120·121·122·123 외 12 번이 맞았다. 번호는 단조라 그 점이 맞으면 못 본 구간 118~135 전체의 밀림이 없다,구간확정(미검증)
D18,126,페이브 가든,사용자 확인(대부분 8/14 영상 눈판독) — D18 의 118·119·120·121·122·123 외 12 번이 맞았다. 번호는 단조라 그 점이 맞으면 못 본 구간 118~135 전체의 밀림이 없다,구간확정(미검증)
D18,127,크로싱 델타,사용자 확인(대부분 8/14 영상 눈판독) — D18 의 118·119·120·121·122·123 외 12 번이 맞았다. 번호는 단조라 그 점이 맞으면 못 본 구간 118~135 전체의 밀림이 없다,구간확정(미검증)
D18,128,8 6,사용자 확인(대부분 8/14 영상 눈판독) — D18 의 118·119·120·121·122·123 외 12 번이 맞았다. 번호는 단조라 그 점이 맞으면 못 본 구간 118~135 전체의 밀림이 없다,구간확정(미검증)
D18,129,크로스 소울,사용자 확인(대부분 8/14 영상 눈판독) — D18 의 118·119·120·121·122·123 외 12 번이 맞았다. 번호는 단조라 그 점이 맞으면 못 본 구간 118~135 전체의 밀림이 없다,구간확정(미검증)
D18,130,컨플릭트,사용자 확인(대부분 8/14 영상 눈판독) — D18 의 118·119·120·121·122·123 외 12 번이 맞았다. 번호는 단조라 그 점이 맞으면 못 본 구간 118~135 전체의 밀림이 없다,구간확정(미검증)
D18,131,데인저 & 데인저,사용자 확인(대부분 8/14 영상 눈판독) — D18 의 118·119·120·121·122·123 외 12 번이 맞았다. 번호는 단조라 그 점이 맞으면 못 본 구간 118~135 전체의 밀림이 없다,구간확정(미검증)
D18,132,"팔랑크스 ""RS2018 edit""",사용자 확인(대부분 8/14 영상 눈판독) — D18 의 118·119·120·121·122·123 외 12 번이 맞았다. 번호는 단조라 그 점이 맞으면 못 본 구간 118~135 전체의 밀림이 없다,구간확정(미검증)
D18,133,라이프 이즈 피아노,사용자 확인(대부분 8/14 영상 눈판독) — D18 의 118·119·120·121·122·123 외 12 번이 맞았다. 번호는 단조라 그 점이 맞으면 못 본 구간 118~135 전체의 밀림이 없다,구간확정(미검증)
D18,134,글로리아,사용자 확인(대부분 8/14 영상 눈판독) — D18 의 118·119·120·121·122·123 외 12 번이 맞았다. 번호는 단조라 그 점이 맞으면 못 본 구간 118~135 전체의 밀림이 없다,구간확정(미검증)
D18,135,Re : 엔드 오브 어 드림,사용자 확인(대부분 8/14 영상 눈판독) — D18 의 118·119·120·121·122·123 외 12 번이 맞았다. 번호는 단조라 그 점이 맞으면 못 본 구간 118~135 전체의 밀림이 없다,구간확정(미검증)
D18,141,프라임,사용자 확인(대부분 8/14 영상 눈판독) — D18 의 141 번이 맞았다. 번호는 단조라 그 점이 맞으면 못 본 구간 141~156 전체의 밀림이 없다,구간확정(미검증)
D18,142,아이디얼라이즈드 로맨스,사용자 확인(대부분 8/14 영상 눈판독) — D18 의 141 번이 맞았다. 번호는 단조라 그 점이 맞으면 못 본 구간 141~156 전체의 밀림이 없다,구간확정(미검증)
D18,143,팝 더 트랙,사용자 확인(대부분 8/14 영상 눈판독) — D18 의 141 번이 맞았다. 번호는 단조라 그 점이 맞으면 못 본 구간 141~156 전체의 밀림이 없다,구간확정(미검증)
D18,144,파사칼리아,사용자 확인(대부분 8/14 영상 눈판독) — D18 의 141 번이 맞았다. 번호는 단조라 그 점이 맞으면 못 본 구간 141~156 전체의 밀림이 없다,구간확정(미검증)
D18,145,바로크 바이러스,사용자 확인(대부분 8/14 영상 눈판독) — D18 의 141 번이 맞았다. 번호는 단조라 그 점이 맞으면 못 본 구간 141~156 전체의 밀림이 없다,구간확정(미검증)
D18,146,유토피아,사용자 확인(대부분 8/14 영상 눈판독) — D18 의 141 번이 맞았다. 번호는 단조라 그 점이 맞으면 못 본 구간 141~156 전체의 밀림이 없다,구간확정(미검증)
D18,147,알레그로 콘 뿌오코,사용자 확인(대부분 8/14 영상 눈판독) — D18 의 141 번이 맞았다. 번호는 단조라 그 점이 맞으면 못 본 구간 141~156 전체의 밀림이 없다,구간확정(미검증)
D18,148,스멜스 라이크 어 초콜릿,사용자 확인(대부분 8/14 영상 눈판독) — D18 의 141 번이 맞았다. 번호는 단조라 그 점이 맞으면 못 본 구간 141~156 전체의 밀림이 없다,구간확정(미검증)
D18,149,스위트 원더랜드,사용자 확인(대부분 8/14 영상 눈판독) — D18 의 141 번이 맞았다. 번호는 단조라 그 점이 맞으면 못 본 구간 141~156 전체의 밀림이 없다,구간확정(미검증)
D18,150,제로아이즈,사용자 확인(대부분 8/14 영상 눈판독) — D18 의 141 번이 맞았다. 번호는 단조라 그 점이 맞으면 못 본 구간 141~156 전체의 밀림이 없다,구간확정(미검증)
D18,151,일 더하기 일은 귀요미,사용자 확인(대부분 8/14 영상 눈판독) — D18 의 141 번이 맞았다. 번호는 단조라 그 점이 맞으면 못 본 구간 141~156 전체의 밀림이 없다,구간확정(미검증)
D18,152,오버 더 호라이즌,사용자 확인(대부분 8/14 영상 눈판독) — D18 의 141 번이 맞았다. 번호는 단조라 그 점이 맞으면 못 본 구간 141~156 전체의 밀림이 없다,구간확정(미검증)
D18,153,유어 마인드,사용자 확인(대부분 8/14 영상 눈판독) — D18 의 141 번이 맞았다. 번호는 단조라 그 점이 맞으면 못 본 구간 141~156 전체의 밀림이 없다,구간확정(미검증)
D18,154,V3,사용자 확인(대부분 8/14 영상 눈판독) — D18 의 141 번이 맞았다. 번호는 단조라 그 점이 맞으면 못 본 구간 141~156 전체의 밀림이 없다,구간확정(미검증)
D18,155,히페리온,사용자 확인(대부분 8/14 영상 눈판독) — D18 의 141 번이 맞았다. 번호는 단조라 그 점이 맞으면 못 본 구간 141~156 전체의 밀림이 없다,구간확정(미검증)
D18,156,매지컬 베케이션,사용자 확인(대부분 8/14 영상 눈판독) — D18 의 141 번이 맞았다. 번호는 단조라 그 점이 맞으면 못 본 구간 141~156 전체의 밀림이 없다,구간확정(미검증)
D19,7,또다른 진심,사용자 확인(대부분 8/14 영상 눈판독) — D19 의 7·8·9·24 번이 맞았다. 번호는 단조라 그 점이 맞으면 못 본 구간 7~24 전체의 밀림이 없다,구간확정
D19,8,엔조이 더 쇼,사용자 확인(대부분 8/14 영상 눈판독) — D19 의 7·8·9·24 번이 맞았다. 번호는 단조라 그 점이 맞으면 못 본 구간 7~24 전체의 밀림이 없다,구간확정
D19,9,사월의 축제,사용자 확인(대부분 8/14 영상 눈판독) — D19 의 7·8·9·24 번이 맞았다. 번호는 단조라 그 점이 맞으면 못 본 구간 7~24 전체의 밀림이 없다,구간확정
D19,10,이터널 유니버스,사용자 확인(대부분 8/14 영상 눈판독) — D19 의 7·8·9·24 번이 맞았다. 번호는 단조라 그 점이 맞으면 못 본 구간 7~24 전체의 밀림이 없다,구간확정
D19,11,벡터,사용자 확인(대부분 8/14 영상 눈판독) — D19 의 7·8·9·24 번이 맞았다. 번호는 단조라 그 점이 맞으면 못 본 구간 7~24 전체의 밀림이 없다,구간확정
D19,12,플레이버 스텝!,사용자 확인(대부분 8/14 영상 눈판독) — D19 의 7·8·9·24 번이 맞았다. 번호는 단조라 그 점이 맞으면 못 본 구간 7~24 전체의 밀림이 없다,구간확정
D19,13,머독,사용자 확인(대부분 8/14 영상 눈판독) — D19 의 7·8·9·24 번이 맞았다. 번호는 단조라 그 점이 맞으면 못 본 구간 7~24 전체의 밀림이 없다,구간확정
D19,14,리틀 먼치킨,사용자 확인(대부분 8/14 영상 눈판독) — D19 의 7·8·9·24 번이 맞았다. 번호는 단조라 그 점이 맞으면 못 본 구간 7~24 전체의 밀림이 없다,구간확정
D19,15,"사이먼 세이즈, 유로댄스!! (feat. Sara☆M)",사용자 확인(대부분 8/14 영상 눈판독) — D19 의 7·8·9·24 번이 맞았다. 번호는 단조라 그 점이 맞으면 못 본 구간 7~24 전체의 밀림이 없다,구간확정
D19,16,바버스 매드니스,사용자 확인(대부분 8/14 영상 눈판독) — D19 의 7·8·9·24 번이 맞았다. 번호는 단조라 그 점이 맞으면 못 본 구간 7~24 전체의 밀림이 없다,구간확정
D19,17,록시아,사용자 확인(대부분 8/14 영상 눈판독) — D19 의 7·8·9·24 번이 맞았다. 번호는 단조라 그 점이 맞으면 못 본 구간 7~24 전체의 밀림이 없다,구간확정
D19,18,솔브 마이 허트,사용자 확인(대부분 8/14 영상 눈판독) — D19 의 7·8·9·24 번이 맞았다. 번호는 단조라 그 점이 맞으면 못 본 구간 7~24 전체의 밀림이 없다,구간확정
D19,19,글리머 글림,사용자 확인(대부분 8/14 영상 눈판독) — D19 의 7·8·9·24 번이 맞았다. 번호는 단조라 그 점이 맞으면 못 본 구간 7~24 전체의 밀림이 없다,구간확정
D19,20,웨딩 크래셔,사용자 확인(대부분 8/14 영상 눈판독) — D19 의 7·8·9·24 번이 맞았다. 번호는 단조라 그 점이 맞으면 못 본 구간 7~24 전체의 밀림이 없다,구간확정
D19,21,야누스,사용자 확인(대부분 8/14 영상 눈판독) — D19 의 7·8·9·24 번이 맞았다. 번호는 단조라 그 점이 맞으면 못 본 구간 7~24 전체의 밀림이 없다,구간확정
D19,22,퍼센트 엑스,사용자 확인(대부분 8/14 영상 눈판독) — D19 의 7·8·9·24 번이 맞았다. 번호는 단조라 그 점이 맞으면 못 본 구간 7~24 전체의 밀림이 없다,구간확정
D19,23,라 그랑드 루즈,사용자 확인(대부분 8/14 영상 눈판독) — D19 의 7·8·9·24 번이 맞았다. 번호는 단조라 그 점이 맞으면 못 본 구간 7~24 전체의 밀림이 없다,구간확정
D19,24,아드레날린 블래스터,사용자 확인(대부분 8/14 영상 눈판독) — D19 의 7·8·9·24 번이 맞았다. 번호는 단조라 그 점이 맞으면 못 본 구간 7~24 전체의 밀림이 없다,구간확정
D19,31,크로스 오버 feat. LyuU,사용자 확인(대부분 8/14 영상 눈판독) — D19 의 31·32·33·34·35·36 외 3 번이 맞았다. 번호는 단조라 그 점이 맞으면 못 본 구간 31~45 전체의 밀림이 없다,구간확정
D19,32,실버 비트 feat. ChisaUezono,사용자 확인(대부분 8/14 영상 눈판독) — D19 의 31·32·33·34·35·36 외 3 번이 맞았다. 번호는 단조라 그 점이 맞으면 못 본 구간 31~45 전체의 밀림이 없다,구간확정
D19,33,브링 백 더 비트,사용자 확인(대부분 8/14 영상 눈판독) — D19 의 31·32·33·34·35·36 외 3 번이 맞았다. 번호는 단조라 그 점이 맞으면 못 본 구간 31~45 전체의 밀림이 없다,구간확정
D19,34,가장신자,사용자 확인(대부분 8/14 영상 눈판독) — D19 의 31·32·33·34·35·36 외 3 번이 맞았다. 번호는 단조라 그 점이 맞으면 못 본 구간 31~45 전체의 밀림이 없다,구간확정
D19,35,오버블로우2,사용자 확인(대부분 8/14 영상 눈판독) — D19 의 31·32·33·34·35·36 외 3 번이 맞았다. 번호는 단조라 그 점이 맞으면 못 본 구간 31~45 전체의 밀림이 없다,구간확정
D19,36,앵귀시드 언메이킹,사용자 확인(대부분 8/14 영상 눈판독) — D19 의 31·32·33·34·35·36 외 3 번이 맞았다. 번호는 단조라 그 점이 맞으면 못 본 구간 31~45 전체의 밀림이 없다,구간확정
D19,37,레이브 언틸 디 어스 엔드,사용자 확인(대부분 8/14 영상 눈판독) — D19 의 31·32·33·34·35·36 외 3 번이 맞았다. 번호는 단조라 그 점이 맞으면 못 본 구간 31~45 전체의 밀림이 없다,구간확정
D19,38,캇코이,사용자 확인(대부분 8/14 영상 눈판독) — D19 의 31·32·33·34·35·36 외 3 번이 맞았다. 번호는 단조라 그 점이 맞으면 못 본 구간 31~45 전체의 밀림이 없다,구간확정
D19,39,라티노 바이러스,사용자 확인(대부분 8/14 영상 눈판독) — D19 의 31·32·33·34·35·36 외 3 번이 맞았다. 번호는 단조라 그 점이 맞으면 못 본 구간 31~45 전체의 밀림이 없다,구간확정
D19,40,차이니즈 레스토랑,사용자 확인(대부분 8/14 영상 눈판독) — D19 의 31·32·33·34·35·36 외 3 번이 맞았다. 번호는 단조라 그 점이 맞으면 못 본 구간 31~45 전체의 밀림이 없다,구간확정
D19,41,아발란치,사용자 확인(대부분 8/14 영상 눈판독) — D19 의 31·32·33·34·35·36 외 3 번이 맞았다. 번호는 단조라 그 점이 맞으면 못 본 구간 31~45 전체의 밀림이 없다,구간확정
D19,42,B2,사용자 확인(대부분 8/14 영상 눈판독) — D19 의 31·32·33·34·35·36 외 3 번이 맞았다. 번호는 단조라 그 점이 맞으면 못 본 구간 31~45 전체의 밀림이 없다,구간확정
D19,43,메테오라이즈,사용자 확인(대부분 8/14 영상 눈판독) — D19 의 31·32·33·34·35·36 외 3 번이 맞았다. 번호는 단조라 그 점이 맞으면 못 본 구간 31~45 전체의 밀림이 없다,구간확정
D19,44,슈퍼 판타지,사용자 확인(대부분 8/14 영상 눈판독) — D19 의 31·32·33·34·35·36 외 3 번이 맞았다. 번호는 단조라 그 점이 맞으면 못 본 구간 31~45 전체의 밀림이 없다,구간확정
D19,45,바이올렛 퍼퓸,사용자 확인(대부분 8/14 영상 눈판독) — D19 의 31·32·33·34·35·36 외 3 번이 맞았다. 번호는 단조라 그 점이 맞으면 못 본 구간 31~45 전체의 밀림이 없다,구간확정
D19,51,로그인,사용자 확인(대부분 8/14 영상 눈판독) — D19 의 52 번이 맞았다. 번호는 단조라 그 점이 맞으면 못 본 구간 51~52 전체의 밀림이 없다,구간확정
D19,52,인터퍼런스,사용자 확인(대부분 8/14 영상 눈판독) — D19 의 52 번이 맞았다. 번호는 단조라 그 점이 맞으면 못 본 구간 51~52 전체의 밀림이 없다,구간확정
D19,58,케이.오.에이 : 엘리스 인 원더월드,사용자 확인(대부분 8/14 영상 눈판독) — D19 의 58·59·60·61 번이 맞았다. 번호는 단조라 그 점이 맞으면 못 본 구간 58~61 전체의 밀림이 없다,구간확정
D19,59,마이 드림즈,사용자 확인(대부분 8/14 영상 눈판독) — D19 의 58·59·60·61 번이 맞았다. 번호는 단조라 그 점이 맞으면 못 본 구간 58~61 전체의 밀림이 없다,구간확정
D19,60,카프리스 오브 오타다,사용자 확인(대부분 8/14 영상 눈판독) — D19 의 58·59·60·61 번이 맞았다. 번호는 단조라 그 점이 맞으면 못 본 구간 58~61 전체의 밀림이 없다,구간확정
D19,61,몽키 핑거즈 2,사용자 확인(대부분 8/14 영상 눈판독) — D19 의 58·59·60·61 번이 맞았다. 번호는 단조라 그 점이 맞으면 못 본 구간 58~61 전체의 밀림이 없다,구간확정
D19,73,미스 에스 스토리,사용자 확인(대부분 8/14 영상 눈판독) — D19 의 75 번이 맞았다. 번호는 단조라 그 점이 맞으면 못 본 구간 73~75 전체의 밀림이 없다,구간확정
D19,74,미스터 라푸스,사용자 확인(대부분 8/14 영상 눈판독) — D19 의 75 번이 맞았다. 번호는 단조라 그 점이 맞으면 못 본 구간 73~75 전체의 밀림이 없다,구간확정
D19,75,파이널 오디션,사용자 확인(대부분 8/14 영상 눈판독) — D19 의 75 번이 맞았다. 번호는 단조라 그 점이 맞으면 못 본 구간 73~75 전체의 밀림이 없다,구간확정
D19,81,밀크,사용자 확인(대부분 8/14 영상 눈판독) — D19 의 81·82·83·84·85·86 외 4 번이 맞았다. 번호는 단조라 그 점이 맞으면 못 본 구간 81~98 전체의 밀림이 없다,구간확정
D19,82,어콰이어,사용자 확인(대부분 8/14 영상 눈판독) — D19 의 81·82·83·84·85·86 외 4 번이 맞았다. 번호는 단조라 그 점이 맞으면 못 본 구간 81~98 전체의 밀림이 없다,구간확정
D19,83,알테일,사용자 확인(대부분 8/14 영상 눈판독) — D19 의 81·82·83·84·85·86 외 4 번이 맞았다. 번호는 단조라 그 점이 맞으면 못 본 구간 81~98 전체의 밀림이 없다,구간확정
D19,84,이렐리아,사용자 확인(대부분 8/14 영상 눈판독) — D19 의 81·82·83·84·85·86 외 4 번이 맞았다. 번호는 단조라 그 점이 맞으면 못 본 구간 81~98 전체의 밀림이 없다,구간확정
D19,85,러쉬-모어,사용자 확인(대부분 8/14 영상 눈판독) — D19 의 81·82·83·84·85·86 외 4 번이 맞았다. 번호는 단조라 그 점이 맞으면 못 본 구간 81~98 전체의 밀림이 없다,구간확정
D19,86,플래시 아웃,사용자 확인(대부분 8/14 영상 눈판독) — D19 의 81·82·83·84·85·86 외 4 번이 맞았다. 번호는 단조라 그 점이 맞으면 못 본 구간 81~98 전체의 밀림이 없다,구간확정
D19,87,†도프†센시†,사용자 확인(대부분 8/14 영상 눈판독) — D19 의 81·82·83·84·85·86 외 4 번이 맞았다. 번호는 단조라 그 점이 맞으면 못 본 구간 81~98 전체의 밀림이 없다,구간확정
D19,88,팝핀 샤워,사용자 확인(대부분 8/14 영상 눈판독) — D19 의 81·82·83·84·85·86 외 4 번이 맞았다. 번호는 단조라 그 점이 맞으면 못 본 구간 81~98 전체의 밀림이 없다,구간확정
D19,89,익스트림 음악학원 2교시  feat. Nanahira,사용자 확인(대부분 8/14 영상 눈판독) — D19 의 81·82·83·84·85·86 외 4 번이 맞았다. 번호는 단조라 그 점이 맞으면 못 본 구간 81~98 전체의 밀림이 없다,구간확정
D19,90,솔저스 (TANO*C W TEAM RED ANTHEM),사용자 확인(대부분 8/14 영상 눈판독) — D19 의 81·82·83·84·85·86 외 4 번이 맞았다. 번호는 단조라 그 점이 맞으면 못 본 구간 81~98 전체의 밀림이 없다,구간확정
D19,91,팝 시퀀스,사용자 확인(대부분 8/14 영상 눈판독) — D19 의 81·82·83·84·85·86 외 4 번이 맞았다. 번호는 단조라 그 점이 맞으면 못 본 구간 81~98 전체의 밀림이 없다,구간확정
D19,92,클럽 나이트,사용자 확인(대부분 8/14 영상 눈판독) — D19 의 81·82·83·84·85·86 외 4 번이 맞았다. 번호는 단조라 그 점이 맞으면 못 본 구간 81~98 전체의 밀림이 없다,구간확정
D19,93,니힐리즘 - 어나더 버전 -,사용자 확인(대부분 8/14 영상 눈판독) — D19 의 81·82·83·84·85·86 외 4 번이 맞았다. 번호는 단조라 그 점이 맞으면 못 본 구간 81~98 전체의 밀림이 없다,구간확정
D19,94,모페모페,사용자 확인(대부분 8/14 영상 눈판독) — D19 의 81·82·83·84·85·86 외 4 번이 맞았다. 번호는 단조라 그 점이 맞으면 못 본 구간 81~98 전체의 밀림이 없다,구간확정
D19,95,더 레볼루션,사용자 확인(대부분 8/14 영상 눈판독) — D19 의 81·82·83·84·85·86 외 4 번이 맞았다. 번호는 단조라 그 점이 맞으면 못 본 구간 81~98 전체의 밀림이 없다,구간확정
D19,96,셀피쉬니스,사용자 확인(대부분 8/14 영상 눈판독) — D19 의 81·82·83·84·85·86 외 4 번이 맞았다. 번호는 단조라 그 점이 맞으면 못 본 구간 81~98 전체의 밀림이 없다,구간확정
D19,97,코스미컬 리듬,사용자 확인(대부분 8/14 영상 눈판독) — D19 의 81·82·83·84·85·86 외 4 번이 맞았다. 번호는 단조라 그 점이 맞으면 못 본 구간 81~98 전체의 밀림이 없다,구간확정
D19,98,마타도르,사용자 확인(대부분 8/14 영상 눈판독) — D19 의 81·82·83·84·85·86 외 4 번이 맞았다. 번호는 단조라 그 점이 맞으면 못 본 구간 81~98 전체의 밀림이 없다,구간확정
D19,109,라이징 스타,사용자 확인(대부분 8/14 영상 눈판독) — D19 의 109·116 번이 맞았다. 번호는 단조라 그 점이 맞으면 못 본 구간 109~116 전체의 밀림이 없다,구간확정
D19,110,하우스플랜,사용자 확인(대부분 8/14 영상 눈판독) — D19 의 109·116 번이 맞았다. 번호는 단조라 그 점이 맞으면 못 본 구간 109~116 전체의 밀림이 없다,구간확정
D19,111,헬릭스,사용자 확인(대부분 8/14 영상 눈판독) — D19 의 109·116 번이 맞았다. 번호는 단조라 그 점이 맞으면 못 본 구간 109~116 전체의 밀림이 없다,구간확정
D19,112,블랙 드래곤,사용자 확인(대부분 8/14 영상 눈판독) — D19 의 109·116 번이 맞았다. 번호는 단조라 그 점이 맞으면 못 본 구간 109~116 전체의 밀림이 없다,구간확정
D19,113,스타트 온 레드,사용자 확인(대부분 8/14 영상 눈판독) — D19 의 109·116 번이 맞았다. 번호는 단조라 그 점이 맞으면 못 본 구간 109~116 전체의 밀림이 없다,구간확정
D19,114,비주얼 드림 2 (인 픽션),사용자 확인(대부분 8/14 영상 눈판독) — D19 의 109·116 번이 맞았다. 번호는 단조라 그 점이 맞으면 못 본 구간 109~116 전체의 밀림이 없다,구간확정
D19,115,인피니티,사용자 확인(대부분 8/14 영상 눈판독) — D19 의 109·116 번이 맞았다. 번호는 단조라 그 점이 맞으면 못 본 구간 109~116 전체의 밀림이 없다,구간확정
D19,116,레드라인,사용자 확인(대부분 8/14 영상 눈판독) — D19 의 109·116 번이 맞았다. 번호는 단조라 그 점이 맞으면 못 본 구간 109~116 전체의 밀림이 없다,구간확정
D20,4,유 앤 아이,사용자 확인(대부분 8/14 영상 눈판독) — D20 의 4·5·6·7·8·28 번이 맞았다. 번호는 단조라 그 점이 맞으면 못 본 구간 4~28 전체의 밀림이 없다,구간확정
D20,5,디그니티,사용자 확인(대부분 8/14 영상 눈판독) — D20 의 4·5·6·7·8·28 번이 맞았다. 번호는 단조라 그 점이 맞으면 못 본 구간 4~28 전체의 밀림이 없다,구간확정
D20,6,블레이저,사용자 확인(대부분 8/14 영상 눈판독) — D20 의 4·5·6·7·8·28 번이 맞았다. 번호는 단조라 그 점이 맞으면 못 본 구간 4~28 전체의 밀림이 없다,구간확정
D20,7,오버나이트 플라워,사용자 확인(대부분 8/14 영상 눈판독) — D20 의 4·5·6·7·8·28 번이 맞았다. 번호는 단조라 그 점이 맞으면 못 본 구간 4~28 전체의 밀림이 없다,구간확정
D20,8,ESP,사용자 확인(대부분 8/14 영상 눈판독) — D20 의 4·5·6·7·8·28 번이 맞았다. 번호는 단조라 그 점이 맞으면 못 본 구간 4~28 전체의 밀림이 없다,구간확정
D20,9,번 아웃,사용자 확인(대부분 8/14 영상 눈판독) — D20 의 4·5·6·7·8·28 번이 맞았다. 번호는 단조라 그 점이 맞으면 못 본 구간 4~28 전체의 밀림이 없다,구간확정
D20,10,4NT,사용자 확인(대부분 8/14 영상 눈판독) — D20 의 4·5·6·7·8·28 번이 맞았다. 번호는 단조라 그 점이 맞으면 못 본 구간 4~28 전체의 밀림이 없다,구간확정
D20,11,베르사이유,사용자 확인(대부분 8/14 영상 눈판독) — D20 의 4·5·6·7·8·28 번이 맞았다. 번호는 단조라 그 점이 맞으면 못 본 구간 4~28 전체의 밀림이 없다,구간확정
D20,12,더 아포칼립스,사용자 확인(대부분 8/14 영상 눈판독) — D20 의 4·5·6·7·8·28 번이 맞았다. 번호는 단조라 그 점이 맞으면 못 본 구간 4~28 전체의 밀림이 없다,구간확정
D20,13,그로스,사용자 확인(대부분 8/14 영상 눈판독) — D20 의 4·5·6·7·8·28 번이 맞았다. 번호는 단조라 그 점이 맞으면 못 본 구간 4~28 전체의 밀림이 없다,구간확정
D20,14,꼭두각시,사용자 확인(대부분 8/14 영상 눈판독) — D20 의 4·5·6·7·8·28 번이 맞았다. 번호는 단조라 그 점이 맞으면 못 본 구간 4~28 전체의 밀림이 없다,구간확정
D20,15,루시드 드림,사용자 확인(대부분 8/14 영상 눈판독) — D20 의 4·5·6·7·8·28 번이 맞았다. 번호는 단조라 그 점이 맞으면 못 본 구간 4~28 전체의 밀림이 없다,구간확정
D20,16,시,사용자 확인(대부분 8/14 영상 눈판독) — D20 의 4·5·6·7·8·28 번이 맞았다. 번호는 단조라 그 점이 맞으면 못 본 구간 4~28 전체의 밀림이 없다,구간확정
D20,17,스타드림 -Eurobeat Remix-,사용자 확인(대부분 8/14 영상 눈판독) — D20 의 4·5·6·7·8·28 번이 맞았다. 번호는 단조라 그 점이 맞으면 못 본 구간 4~28 전체의 밀림이 없다,구간확정
D20,18,솔페지에토,사용자 확인(대부분 8/14 영상 눈판독) — D20 의 4·5·6·7·8·28 번이 맞았다. 번호는 단조라 그 점이 맞으면 못 본 구간 4~28 전체의 밀림이 없다,구간확정
D20,19,데몬 오브 라플라스,사용자 확인(대부분 8/14 영상 눈판독) — D20 의 4·5·6·7·8·28 번이 맞았다. 번호는 단조라 그 점이 맞으면 못 본 구간 4~28 전체의 밀림이 없다,구간확정
D20,20,임페리움,사용자 확인(대부분 8/14 영상 눈판독) — D20 의 4·5·6·7·8·28 번이 맞았다. 번호는 단조라 그 점이 맞으면 못 본 구간 4~28 전체의 밀림이 없다,구간확정
D20,21,데카 댄스,사용자 확인(대부분 8/14 영상 눈판독) — D20 의 4·5·6·7·8·28 번이 맞았다. 번호는 단조라 그 점이 맞으면 못 본 구간 4~28 전체의 밀림이 없다,구간확정
D20,22,뉴 로즈,사용자 확인(대부분 8/14 영상 눈판독) — D20 의 4·5·6·7·8·28 번이 맞았다. 번호는 단조라 그 점이 맞으면 못 본 구간 4~28 전체의 밀림이 없다,구간확정
D20,23,헤라클레스,사용자 확인(대부분 8/14 영상 눈판독) — D20 의 4·5·6·7·8·28 번이 맞았다. 번호는 단조라 그 점이 맞으면 못 본 구간 4~28 전체의 밀림이 없다,구간확정
D20,24,아테나의 방패,사용자 확인(대부분 8/14 영상 눈판독) — D20 의 4·5·6·7·8·28 번이 맞았다. 번호는 단조라 그 점이 맞으면 못 본 구간 4~28 전체의 밀림이 없다,구간확정
D20,25,이매저너라이즈드 시티,사용자 확인(대부분 8/14 영상 눈판독) — D20 의 4·5·6·7·8·28 번이 맞았다. 번호는 단조라 그 점이 맞으면 못 본 구간 4~28 전체의 밀림이 없다,구간확정
D20,26,오블리터레이션,사용자 확인(대부분 8/14 영상 눈판독) — D20 의 4·5·6·7·8·28 번이 맞았다. 번호는 단조라 그 점이 맞으면 못 본 구간 4~28 전체의 밀림이 없다,구간확정
D20,27,트란사칼리아,사용자 확인(대부분 8/14 영상 눈판독) — D20 의 4·5·6·7·8·28 번이 맞았다. 번호는 단조라 그 점이 맞으면 못 본 구간 4~28 전체의 밀림이 없다,구간확정
D20,28,슈가 플럼,사용자 확인(대부분 8/14 영상 눈판독) — D20 의 4·5·6·7·8·28 번이 맞았다. 번호는 단조라 그 점이 맞으면 못 본 구간 4~28 전체의 밀림이 없다,구간확정
D20,34,탄탄멘,사용자 확인(대부분 8/14 영상 눈판독) — D20 의 34·35·36·37·38·56 번이 맞았다. 번호는 단조라 그 점이 맞으면 못 본 구간 34~56 전체의 밀림이 없다,구간확정
D20,35,포가튼 뱀파이어,사용자 확인(대부분 8/14 영상 눈판독) — D20 의 34·35·36·37·38·56 번이 맞았다. 번호는 단조라 그 점이 맞으면 못 본 구간 34~56 전체의 밀림이 없다,구간확정
D20,36,리펜턴스,사용자 확인(대부분 8/14 영상 눈판독) — D20 의 34·35·36·37·38·56 번이 맞았다. 번호는 단조라 그 점이 맞으면 못 본 구간 34~56 전체의 밀림이 없다,구간확정
D20,37,시그너스,사용자 확인(대부분 8/14 영상 눈판독) — D20 의 34·35·36·37·38·56 번이 맞았다. 번호는 단조라 그 점이 맞으면 못 본 구간 34~56 전체의 밀림이 없다,구간확정
D20,38,갓 모드 2.0 feat. Skizzo,사용자 확인(대부분 8/14 영상 눈판독) — D20 의 34·35·36·37·38·56 번이 맞았다. 번호는 단조라 그 점이 맞으면 못 본 구간 34~56 전체의 밀림이 없다,구간확정
D20,39,슈퍼 카프리시오,사용자 확인(대부분 8/14 영상 눈판독) — D20 의 34·35·36·37·38·56 번이 맞았다. 번호는 단조라 그 점이 맞으면 못 본 구간 34~56 전체의 밀림이 없다,구간확정
D20,40,패싱 라이더,사용자 확인(대부분 8/14 영상 눈판독) — D20 의 34·35·36·37·38·56 번이 맞았다. 번호는 단조라 그 점이 맞으면 못 본 구간 34~56 전체의 밀림이 없다,구간확정
D20,41,아르카나 포스,사용자 확인(대부분 8/14 영상 눈판독) — D20 의 34·35·36·37·38·56 번이 맞았다. 번호는 단조라 그 점이 맞으면 못 본 구간 34~56 전체의 밀림이 없다,구간확정
D20,42,알레그로 퓨리오소,사용자 확인(대부분 8/14 영상 눈판독) — D20 의 34·35·36·37·38·56 번이 맞았다. 번호는 단조라 그 점이 맞으면 못 본 구간 34~56 전체의 밀림이 없다,구간확정
D20,43,HTTP,사용자 확인(대부분 8/14 영상 눈판독) — D20 의 34·35·36·37·38·56 번이 맞았다. 번호는 단조라 그 점이 맞으면 못 본 구간 34~56 전체의 밀림이 없다,구간확정
D20,44,어웨이크닝,사용자 확인(대부분 8/14 영상 눈판독) — D20 의 34·35·36·37·38·56 번이 맞았다. 번호는 단조라 그 점이 맞으면 못 본 구간 34~56 전체의 밀림이 없다,구간확정
D20,45,이스케이프,사용자 확인(대부분 8/14 영상 눈판독) — D20 의 34·35·36·37·38·56 번이 맞았다. 번호는 단조라 그 점이 맞으면 못 본 구간 34~56 전체의 밀림이 없다,구간확정
D20,46,왈츠 오브 도지,사용자 확인(대부분 8/14 영상 눈판독) — D20 의 34·35·36·37·38·56 번이 맞았다. 번호는 단조라 그 점이 맞으면 못 본 구간 34~56 전체의 밀림이 없다,구간확정
D20,47,네메시스,사용자 확인(대부분 8/14 영상 눈판독) — D20 의 34·35·36·37·38·56 번이 맞았다. 번호는 단조라 그 점이 맞으면 못 본 구간 34~56 전체의 밀림이 없다,구간확정
D20,48,실루엣 이펙트,사용자 확인(대부분 8/14 영상 눈판독) — D20 의 34·35·36·37·38·56 번이 맞았다. 번호는 단조라 그 점이 맞으면 못 본 구간 34~56 전체의 밀림이 없다,구간확정
D20,49,아발란치,사용자 확인(대부분 8/14 영상 눈판독) — D20 의 34·35·36·37·38·56 번이 맞았다. 번호는 단조라 그 점이 맞으면 못 본 구간 34~56 전체의 밀림이 없다,구간확정
D20,50,포스 오브 라,사용자 확인(대부분 8/14 영상 눈판독) — D20 의 34·35·36·37·38·56 번이 맞았다. 번호는 단조라 그 점이 맞으면 못 본 구간 34~56 전체의 밀림이 없다,구간확정
D20,51,레드 스완,사용자 확인(대부분 8/14 영상 눈판독) — D20 의 34·35·36·37·38·56 번이 맞았다. 번호는 단조라 그 점이 맞으면 못 본 구간 34~56 전체의 밀림이 없다,구간확정
D20,52,히아신스,사용자 확인(대부분 8/14 영상 눈판독) — D20 의 34·35·36·37·38·56 번이 맞았다. 번호는 단조라 그 점이 맞으면 못 본 구간 34~56 전체의 밀림이 없다,구간확정
D20,53,설탕음모론,사용자 확인(대부분 8/14 영상 눈판독) — D20 의 34·35·36·37·38·56 번이 맞았다. 번호는 단조라 그 점이 맞으면 못 본 구간 34~56 전체의 밀림이 없다,구간확정
D20,54,어나이얼레이터 메소드,사용자 확인(대부분 8/14 영상 눈판독) — D20 의 34·35·36·37·38·56 번이 맞았다. 번호는 단조라 그 점이 맞으면 못 본 구간 34~56 전체의 밀림이 없다,구간확정
D20,55,스콜피온 킹,사용자 확인(대부분 8/14 영상 눈판독) — D20 의 34·35·36·37·38·56 번이 맞았다. 번호는 단조라 그 점이 맞으면 못 본 구간 34~56 전체의 밀림이 없다,구간확정
D20,56,레미니센스,사용자 확인(대부분 8/14 영상 눈판독) — D20 의 34·35·36·37·38·56 번이 맞았다. 번호는 단조라 그 점이 맞으면 못 본 구간 34~56 전체의 밀림이 없다,구간확정
D20,63,클리너,사용자 확인(대부분 8/14 영상 눈판독) — D20 의 63·64·65·66·67·68 외 2 번이 맞았다. 번호는 단조라 그 점이 맞으면 못 본 구간 63~86 전체의 밀림이 없다,구간확정
D20,64,테이크 아웃,사용자 확인(대부분 8/14 영상 눈판독) — D20 의 63·64·65·66·67·68 외 2 번이 맞았다. 번호는 단조라 그 점이 맞으면 못 본 구간 63~86 전체의 밀림이 없다,구간확정
D20,65,엑스트리,사용자 확인(대부분 8/14 영상 눈판독) — D20 의 63·64·65·66·67·68 외 2 번이 맞았다. 번호는 단조라 그 점이 맞으면 못 본 구간 63~86 전체의 밀림이 없다,구간확정
D20,66,데스티네이션,사용자 확인(대부분 8/14 영상 눈판독) — D20 의 63·64·65·66·67·68 외 2 번이 맞았다. 번호는 단조라 그 점이 맞으면 못 본 구간 63~86 전체의 밀림이 없다,구간확정
D20,67,안녕 윌리엄,사용자 확인(대부분 8/14 영상 눈판독) — D20 의 63·64·65·66·67·68 외 2 번이 맞았다. 번호는 단조라 그 점이 맞으면 못 본 구간 63~86 전체의 밀림이 없다,구간확정
D20,68,팬텀 -인터메조-,사용자 확인(대부분 8/14 영상 눈판독) — D20 의 63·64·65·66·67·68 외 2 번이 맞았다. 번호는 단조라 그 점이 맞으면 못 본 구간 63~86 전체의 밀림이 없다,구간확정
D20,69,미션 파서블 -블로우 백-,사용자 확인(대부분 8/14 영상 눈판독) — D20 의 63·64·65·66·67·68 외 2 번이 맞았다. 번호는 단조라 그 점이 맞으면 못 본 구간 63~86 전체의 밀림이 없다,구간확정
D20,70,테프리스,사용자 확인(대부분 8/14 영상 눈판독) — D20 의 63·64·65·66·67·68 외 2 번이 맞았다. 번호는 단조라 그 점이 맞으면 못 본 구간 63~86 전체의 밀림이 없다,구간확정
D20,71,디제이 오타다,사용자 확인(대부분 8/14 영상 눈판독) — D20 의 63·64·65·66·67·68 외 2 번이 맞았다. 번호는 단조라 그 점이 맞으면 못 본 구간 63~86 전체의 밀림이 없다,구간확정
D20,72,펌트리스 꽈뜨로,사용자 확인(대부분 8/14 영상 눈판독) — D20 의 63·64·65·66·67·68 외 2 번이 맞았다. 번호는 단조라 그 점이 맞으면 못 본 구간 63~86 전체의 밀림이 없다,구간확정
D20,73,히글디 피글디,사용자 확인(대부분 8/14 영상 눈판독) — D20 의 63·64·65·66·67·68 외 2 번이 맞았다. 번호는 단조라 그 점이 맞으면 못 본 구간 63~86 전체의 밀림이 없다,구간확정
D20,74,위치 닥터 #1,사용자 확인(대부분 8/14 영상 눈판독) — D20 의 63·64·65·66·67·68 외 2 번이 맞았다. 번호는 단조라 그 점이 맞으면 못 본 구간 63~86 전체의 밀림이 없다,구간확정
D20,75,월광,사용자 확인(대부분 8/14 영상 눈판독) — D20 의 63·64·65·66·67·68 외 2 번이 맞았다. 번호는 단조라 그 점이 맞으면 못 본 구간 63~86 전체의 밀림이 없다,구간확정
D20,76,팬텀,사용자 확인(대부분 8/14 영상 눈판독) — D20 의 63·64·65·66·67·68 외 2 번이 맞았다. 번호는 단조라 그 점이 맞으면 못 본 구간 63~86 전체의 밀림이 없다,구간확정
D20,77,무혼 2,사용자 확인(대부분 8/14 영상 눈판독) — D20 의 63·64·65·66·67·68 외 2 번이 맞았다. 번호는 단조라 그 점이 맞으면 못 본 구간 63~86 전체의 밀림이 없다,구간확정
D20,78,태동 2,사용자 확인(대부분 8/14 영상 눈판독) — D20 의 63·64·65·66·67·68 외 2 번이 맞았다. 번호는 단조라 그 점이 맞으면 못 본 구간 63~86 전체의 밀림이 없다,구간확정
D20,79,비,사용자 확인(대부분 8/14 영상 눈판독) — D20 의 63·64·65·66·67·68 외 2 번이 맞았다. 번호는 단조라 그 점이 맞으면 못 본 구간 63~86 전체의 밀림이 없다,구간확정
D20,80,비트 오브 더 워,사용자 확인(대부분 8/14 영상 눈판독) — D20 의 63·64·65·66·67·68 외 2 번이 맞았다. 번호는 단조라 그 점이 맞으면 못 본 구간 63~86 전체의 밀림이 없다,구간확정
D20,81,닥터 엠,사용자 확인(대부분 8/14 영상 눈판독) — D20 의 63·64·65·66·67·68 외 2 번이 맞았다. 번호는 단조라 그 점이 맞으면 못 본 구간 63~86 전체의 밀림이 없다,구간확정
D20,82,파이널 오디션 2,사용자 확인(대부분 8/14 영상 눈판독) — D20 의 63·64·65·66·67·68 외 2 번이 맞았다. 번호는 단조라 그 점이 맞으면 못 본 구간 63~86 전체의 밀림이 없다,구간확정
D20,83,어바웃 더 유니버스,사용자 확인(대부분 8/14 영상 눈판독) — D20 의 63·64·65·66·67·68 외 2 번이 맞았다. 번호는 단조라 그 점이 맞으면 못 본 구간 63~86 전체의 밀림이 없다,구간확정
D20,84,카타스트로피,사용자 확인(대부분 8/14 영상 눈판독) — D20 의 63·64·65·66·67·68 외 2 번이 맞았다. 번호는 단조라 그 점이 맞으면 못 본 구간 63~86 전체의 밀림이 없다,구간확정
D20,85,휴먼 익스팅션 (PIU Edit.),사용자 확인(대부분 8/14 영상 눈판독) — D20 의 63·64·65·66·67·68 외 2 번이 맞았다. 번호는 단조라 그 점이 맞으면 못 본 구간 63~86 전체의 밀림이 없다,구간확정
D20,86,굿텍,사용자 확인(대부분 8/14 영상 눈판독) — D20 의 63·64·65·66·67·68 외 2 번이 맞았다. 번호는 단조라 그 점이 맞으면 못 본 구간 63~86 전체의 밀림이 없다,구간확정
D20,93,브레이크 스루 마이셀프 feat. Risa Yuzuki,사용자 확인(대부분 8/14 영상 눈판독) — D20 의 93·94·95 번이 맞았다. 번호는 단조라 그 점이 맞으면 못 본 구간 93~95 전체의 밀림이 없다,구간확정
D20,94,트릭크래쉬 220,사용자 확인(대부분 8/14 영상 눈판독) — D20 의 93·94·95 번이 맞았다. 번호는 단조라 그 점이 맞으면 못 본 구간 93~95 전체의 밀림이 없다,구간확정
D20,95,익스트림 음악학원 1교시  feat. Nanahira,사용자 확인(대부분 8/14 영상 눈판독) — D20 의 93·94·95 번이 맞았다. 번호는 단조라 그 점이 맞으면 못 본 구간 93~95 전체의 밀림이 없다,구간확정
D20,109,팝 더 트랙,사용자 확인(대부분 8/14 영상 눈판독) — D20 의 109·127 번이 맞았다. 번호는 단조라 그 점이 맞으면 못 본 구간 109~127 전체의 밀림이 없다,구간확정
D20,110,가고일,사용자 확인(대부분 8/14 영상 눈판독) — D20 의 109·127 번이 맞았다. 번호는 단조라 그 점이 맞으면 못 본 구간 109~127 전체의 밀림이 없다,구간확정
D20,111,드림체이서즈,사용자 확인(대부분 8/14 영상 눈판독) — D20 의 109·127 번이 맞았다. 번호는 단조라 그 점이 맞으면 못 본 구간 109~127 전체의 밀림이 없다,구간확정
D20,112,슈퍼☆하라구로☆팝,사용자 확인(대부분 8/14 영상 눈판독) — D20 의 109·127 번이 맞았다. 번호는 단조라 그 점이 맞으면 못 본 구간 109~127 전체의 밀림이 없다,구간확정
D20,113,헬리오스피어,사용자 확인(대부분 8/14 영상 눈판독) — D20 의 109·127 번이 맞았다. 번호는 단조라 그 점이 맞으면 못 본 구간 109~127 전체의 밀림이 없다,구간확정
D20,114,싸이클링!,사용자 확인(대부분 8/14 영상 눈판독) — D20 의 109·127 번이 맞았다. 번호는 단조라 그 점이 맞으면 못 본 구간 109~127 전체의 밀림이 없다,구간확정
D20,115,우라늄,사용자 확인(대부분 8/14 영상 눈판독) — D20 의 109·127 번이 맞았다. 번호는 단조라 그 점이 맞으면 못 본 구간 109~127 전체의 밀림이 없다,구간확정
D20,116,로키,사용자 확인(대부분 8/14 영상 눈판독) — D20 의 109·127 번이 맞았다. 번호는 단조라 그 점이 맞으면 못 본 구간 109~127 전체의 밀림이 없다,구간확정
D20,117,디멘트 ~에프터 레전드~,사용자 확인(대부분 8/14 영상 눈판독) — D20 의 109·127 번이 맞았다. 번호는 단조라 그 점이 맞으면 못 본 구간 109~127 전체의 밀림이 없다,구간확정
D20,118,크로스 타임,사용자 확인(대부분 8/14 영상 눈판독) — D20 의 109·127 번이 맞았다. 번호는 단조라 그 점이 맞으면 못 본 구간 109~127 전체의 밀림이 없다,구간확정
D20,119,유령의 축제 2 (Sneak),사용자 확인(대부분 8/14 영상 눈판독) — D20 의 109·127 번이 맞았다. 번호는 단조라 그 점이 맞으면 못 본 구간 109~127 전체의 밀림이 없다,구간확정
D20,120,히페리온,사용자 확인(대부분 8/14 영상 눈판독) — D20 의 109·127 번이 맞았다. 번호는 단조라 그 점이 맞으면 못 본 구간 109~127 전체의 밀림이 없다,구간확정
D20,121,BS파워 익스플로전,사용자 확인(대부분 8/14 영상 눈판독) — D20 의 109·127 번이 맞았다. 번호는 단조라 그 점이 맞으면 못 본 구간 109~127 전체의 밀림이 없다,구간확정
D20,122,스타트 온 레드,사용자 확인(대부분 8/14 영상 눈판독) — D20 의 109·127 번이 맞았다. 번호는 단조라 그 점이 맞으면 못 본 구간 109~127 전체의 밀림이 없다,구간확정
D20,123,타임 어택 <블루>,사용자 확인(대부분 8/14 영상 눈판독) — D20 의 109·127 번이 맞았다. 번호는 단조라 그 점이 맞으면 못 본 구간 109~127 전체의 밀림이 없다,구간확정
D20,124,킵 온!,사용자 확인(대부분 8/14 영상 눈판독) — D20 의 109·127 번이 맞았다. 번호는 단조라 그 점이 맞으면 못 본 구간 109~127 전체의 밀림이 없다,구간확정
D20,125,라 그랑 블루,사용자 확인(대부분 8/14 영상 눈판독) — D20 의 109·127 번이 맞았다. 번호는 단조라 그 점이 맞으면 못 본 구간 109~127 전체의 밀림이 없다,구간확정
D20,126,베들램,사용자 확인(대부분 8/14 영상 눈판독) — D20 의 109·127 번이 맞았다. 번호는 단조라 그 점이 맞으면 못 본 구간 109~127 전체의 밀림이 없다,구간확정
D20,127,어 사이트 데 라 루,사용자 확인(대부분 8/14 영상 눈판독) — D20 의 109·127 번이 맞았다. 번호는 단조라 그 점이 맞으면 못 본 구간 109~127 전체의 밀림이 없다,구간확정
D21,5,B3,사용자 확인(대부분 8/14 영상 눈판독) — D21 의 5·6·7·8·9·22 번이 맞았다. 번호는 단조라 그 점이 맞으면 못 본 구간 5~22 전체의 밀림이 없다,구간확정(미검증)
D21,6,디기탈리스,사용자 확인(대부분 8/14 영상 눈판독) — D21 의 5·6·7·8·9·22 번이 맞았다. 번호는 단조라 그 점이 맞으면 못 본 구간 5~22 전체의 밀림이 없다,구간확정(미검증)
D21,7,더 라스트 리벨리온,사용자 확인(대부분 8/14 영상 눈판독) — D21 의 5·6·7·8·9·22 번이 맞았다. 번호는 단조라 그 점이 맞으면 못 본 구간 5~22 전체의 밀림이 없다,구간확정(미검증)
D21,8,레전더리 도미니언,사용자 확인(대부분 8/14 영상 눈판독) — D21 의 5·6·7·8·9·22 번이 맞았다. 번호는 단조라 그 점이 맞으면 못 본 구간 5~22 전체의 밀림이 없다,구간확정(미검증)
D21,9,얼티밋 아이즈,사용자 확인(대부분 8/14 영상 눈판독) — D21 의 5·6·7·8·9·22 번이 맞았다. 번호는 단조라 그 점이 맞으면 못 본 구간 5~22 전체의 밀림이 없다,구간확정(미검증)
D21,10,냥-턴 (feat. KuTiNA),사용자 확인(대부분 8/14 영상 눈판독) — D21 의 5·6·7·8·9·22 번이 맞았다. 번호는 단조라 그 점이 맞으면 못 본 구간 5~22 전체의 밀림이 없다,구간확정(미검증)
D21,11,쇼다운,사용자 확인(대부분 8/14 영상 눈판독) — D21 의 5·6·7·8·9·22 번이 맞았다. 번호는 단조라 그 점이 맞으면 못 본 구간 5~22 전체의 밀림이 없다,구간확정(미검증)
D21,12,유포리아닉,사용자 확인(대부분 8/14 영상 눈판독) — D21 의 5·6·7·8·9·22 번이 맞았다. 번호는 단조라 그 점이 맞으면 못 본 구간 5~22 전체의 밀림이 없다,구간확정(미검증)
D21,13,결투,사용자 확인(대부분 8/14 영상 눈판독) — D21 의 5·6·7·8·9·22 번이 맞았다. 번호는 단조라 그 점이 맞으면 못 본 구간 5~22 전체의 밀림이 없다,구간확정(미검증)
D21,14,머독,사용자 확인(대부분 8/14 영상 눈판독) — D21 의 5·6·7·8·9·22 번이 맞았다. 번호는 단조라 그 점이 맞으면 못 본 구간 5~22 전체의 밀림이 없다,구간확정(미검증)
D21,15,피가로의 결혼 ~Celebrazione Remix~,사용자 확인(대부분 8/14 영상 눈판독) — D21 의 5·6·7·8·9·22 번이 맞았다. 번호는 단조라 그 점이 맞으면 못 본 구간 5~22 전체의 밀림이 없다,구간확정(미검증)
D21,16,블루이쉬 로즈,사용자 확인(대부분 8/14 영상 눈판독) — D21 의 5·6·7·8·9·22 번이 맞았다. 번호는 단조라 그 점이 맞으면 못 본 구간 5~22 전체의 밀림이 없다,구간확정(미검증)
D21,17,네오 카타르시스,사용자 확인(대부분 8/14 영상 눈판독) — D21 의 5·6·7·8·9·22 번이 맞았다. 번호는 단조라 그 점이 맞으면 못 본 구간 5~22 전체의 밀림이 없다,구간확정(미검증)
D21,18,열정,사용자 확인(대부분 8/14 영상 눈판독) — D21 의 5·6·7·8·9·22 번이 맞았다. 번호는 단조라 그 점이 맞으면 못 본 구간 5~22 전체의 밀림이 없다,구간확정(미검증)
D21,19,큐리아서티 오버드라이브,사용자 확인(대부분 8/14 영상 눈판독) — D21 의 5·6·7·8·9·22 번이 맞았다. 번호는 단조라 그 점이 맞으면 못 본 구간 5~22 전체의 밀림이 없다,구간확정(미검증)
D21,20,다크사이드 오브 더 마인드,사용자 확인(대부분 8/14 영상 눈판독) — D21 의 5·6·7·8·9·22 번이 맞았다. 번호는 단조라 그 점이 맞으면 못 본 구간 5~22 전체의 밀림이 없다,구간확정(미검증)
D21,21,E.O.N,사용자 확인(대부분 8/14 영상 눈판독) — D21 의 5·6·7·8·9·22 번이 맞았다. 번호는 단조라 그 점이 맞으면 못 본 구간 5~22 전체의 밀림이 없다,구간확정(미검증)
D21,22,서든 어페어런스 이미지,사용자 확인(대부분 8/14 영상 눈판독) — D21 의 5·6·7·8·9·22 번이 맞았다. 번호는 단조라 그 점이 맞으면 못 본 구간 5~22 전체의 밀림이 없다,구간확정(미검증)
D21,29,아이올라이트 스카이,사용자 확인(대부분 8/14 영상 눈판독) — D21 의 29·30·31·32·47 번이 맞았다. 번호는 단조라 그 점이 맞으면 못 본 구간 29~47 전체의 밀림이 없다,구간확정(미검증)
D21,30,테일즈 오브 펌프니아,사용자 확인(대부분 8/14 영상 눈판독) — D21 의 29·30·31·32·47 번이 맞았다. 번호는 단조라 그 점이 맞으면 못 본 구간 29~47 전체의 밀림이 없다,구간확정(미검증)
D21,31,오르비트 스테빌라이저,사용자 확인(대부분 8/14 영상 눈판독) — D21 의 29·30·31·32·47 번이 맞았다. 번호는 단조라 그 점이 맞으면 못 본 구간 29~47 전체의 밀림이 없다,구간확정(미검증)
D21,32,위키드 레전드,사용자 확인(대부분 8/14 영상 눈판독) — D21 의 29·30·31·32·47 번이 맞았다. 번호는 단조라 그 점이 맞으면 못 본 구간 29~47 전체의 밀림이 없다,구간확정(미검증)
D21,33,스타드림 (feat. Romelon),사용자 확인(대부분 8/14 영상 눈판독) — D21 의 29·30·31·32·47 번이 맞았다. 번호는 단조라 그 점이 맞으면 못 본 구간 29~47 전체의 밀림이 없다,구간확정(미검증)
D21,34,파파시토 (feat. KuTiNA),사용자 확인(대부분 8/14 영상 눈판독) — D21 의 29·30·31·32·47 번이 맞았다. 번호는 단조라 그 점이 맞으면 못 본 구간 29~47 전체의 밀림이 없다,구간확정(미검증)
D21,35,아마겟돈,사용자 확인(대부분 8/14 영상 눈판독) — D21 의 29·30·31·32·47 번이 맞았다. 번호는 단조라 그 점이 맞으면 못 본 구간 29~47 전체의 밀림이 없다,구간확정(미검증)
D21,36,트로피카닉,사용자 확인(대부분 8/14 영상 눈판독) — D21 의 29·30·31·32·47 번이 맞았다. 번호는 단조라 그 점이 맞으면 못 본 구간 29~47 전체의 밀림이 없다,구간확정(미검증)
D21,37,트리튬,사용자 확인(대부분 8/14 영상 눈판독) — D21 의 29·30·31·32·47 번이 맞았다. 번호는 단조라 그 점이 맞으면 못 본 구간 29~47 전체의 밀림이 없다,구간확정(미검증)
D21,38,갓 모드 feat. skizzo,사용자 확인(대부분 8/14 영상 눈판독) — D21 의 29·30·31·32·47 번이 맞았다. 번호는 단조라 그 점이 맞으면 못 본 구간 29~47 전체의 밀림이 없다,구간확정(미검증)
D21,39,브레이크 아웃,사용자 확인(대부분 8/14 영상 눈판독) — D21 의 29·30·31·32·47 번이 맞았다. 번호는 단조라 그 점이 맞으면 못 본 구간 29~47 전체의 밀림이 없다,구간확정(미검증)
D21,40,사라반드,사용자 확인(대부분 8/14 영상 눈판독) — D21 의 29·30·31·32·47 번이 맞았다. 번호는 단조라 그 점이 맞으면 못 본 구간 29~47 전체의 밀림이 없다,구간확정(미검증)
D21,41,우츠시요 노 카제 feat. Kana,사용자 확인(대부분 8/14 영상 눈판독) — D21 의 29·30·31·32·47 번이 맞았다. 번호는 단조라 그 점이 맞으면 못 본 구간 29~47 전체의 밀림이 없다,구간확정(미검증)
D21,42,트위스트 오브 페이트 (feat. Ruriling),사용자 확인(대부분 8/14 영상 눈판독) — D21 의 29·30·31·32·47 번이 맞았다. 번호는 단조라 그 점이 맞으면 못 본 구간 29~47 전체의 밀림이 없다,구간확정(미검증)
D21,43,업 앤 업 (Produced by AWAL),사용자 확인(대부분 8/14 영상 눈판독) — D21 의 29·30·31·32·47 번이 맞았다. 번호는 단조라 그 점이 맞으면 못 본 구간 29~47 전체의 밀림이 없다,구간확정(미검증)
D21,44,트래블 투 퓨처,사용자 확인(대부분 8/14 영상 눈판독) — D21 의 29·30·31·32·47 번이 맞았다. 번호는 단조라 그 점이 맞으면 못 본 구간 29~47 전체의 밀림이 없다,구간확정(미검증)
D21,45,레이브 언틸 디 어스 엔드,사용자 확인(대부분 8/14 영상 눈판독) — D21 의 29·30·31·32·47 번이 맞았다. 번호는 단조라 그 점이 맞으면 못 본 구간 29~47 전체의 밀림이 없다,구간확정(미검증)
D21,46,하트 어택,사용자 확인(대부분 8/14 영상 눈판독) — D21 의 29·30·31·32·47 번이 맞았다. 번호는 단조라 그 점이 맞으면 못 본 구간 29~47 전체의 밀림이 없다,구간확정(미검증)
D21,47,헤스티아,사용자 확인(대부분 8/14 영상 눈판독) — D21 의 29·30·31·32·47 번이 맞았다. 번호는 단조라 그 점이 맞으면 못 본 구간 29~47 전체의 밀림이 없다,구간확정(미검증)
D21,53,파이널 오디션 에피소드 2-X,사용자 확인(대부분 8/14 영상 눈판독) — D21 의 53·54 번이 맞았다. 번호는 단조라 그 점이 맞으면 못 본 구간 53~58 전체의 밀림이 없다,구간확정(미검증)
D21,54,비트 더 고스트,사용자 확인(대부분 8/14 영상 눈판독) — D21 의 53·54 번이 맞았다. 번호는 단조라 그 점이 맞으면 못 본 구간 53~58 전체의 밀림이 없다,구간확정(미검증)
D21,55,패스터 Z,사용자 확인(대부분 8/14 영상 눈판독) — D21 의 53·54 번이 맞았다. 번호는 단조라 그 점이 맞으면 못 본 구간 53~58 전체의 밀림이 없다,구간확정(미검증)
D21,56,위치 닥터 #1,사용자 확인(대부분 8/14 영상 눈판독) — D21 의 53·54 번이 맞았다. 번호는 단조라 그 점이 맞으면 못 본 구간 53~58 전체의 밀림이 없다,구간확정(미검증)
D21,57,두 유 노우 댓-올드 스쿨,사용자 확인(대부분 8/14 영상 눈판독) — D21 의 53·54 번이 맞았다. 번호는 단조라 그 점이 맞으면 못 본 구간 53~58 전체의 밀림이 없다,구간확정(미검증)
D21,58,비트 오브 더 워 2,사용자 확인(대부분 8/14 영상 눈판독) — D21 의 53·54 번이 맞았다. 번호는 단조라 그 점이 맞으면 못 본 구간 53~58 전체의 밀림이 없다,구간확정(미검증)
D21,75,에너지 시너지 매트릭스,사용자 확인(대부분 8/14 영상 눈판독) — D21 의 75·76·77·78·79·80 번이 맞았다. 번호는 단조라 그 점이 맞으면 못 본 구간 75~85 전체의 밀림이 없다,구간확정(미검증)
D21,76,굿바운스,사용자 확인(대부분 8/14 영상 눈판독) — D21 의 75·76·77·78·79·80 번이 맞았다. 번호는 단조라 그 점이 맞으면 못 본 구간 75~85 전체의 밀림이 없다,구간확정(미검증)
D21,77,앨리스 인 미산트로프,사용자 확인(대부분 8/14 영상 눈판독) — D21 의 75·76·77·78·79·80 번이 맞았다. 번호는 단조라 그 점이 맞으면 못 본 구간 75~85 전체의 밀림이 없다,구간확정(미검증)
D21,78,R.I.P.,사용자 확인(대부분 8/14 영상 눈판독) — D21 의 75·76·77·78·79·80 번이 맞았다. 번호는 단조라 그 점이 맞으면 못 본 구간 75~85 전체의 밀림이 없다,구간확정(미검증)
D21,79,에모모모,사용자 확인(대부분 8/14 영상 눈판독) — D21 의 75·76·77·78·79·80 번이 맞았다. 번호는 단조라 그 점이 맞으면 못 본 구간 75~85 전체의 밀림이 없다,구간확정(미검증)
D21,80,푸파,사용자 확인(대부분 8/14 영상 눈판독) — D21 의 75·76·77·78·79·80 번이 맞았다. 번호는 단조라 그 점이 맞으면 못 본 구간 75~85 전체의 밀림이 없다,구간확정(미검증)
D21,81,마히카,사용자 확인(대부분 8/14 영상 눈판독) — D21 의 75·76·77·78·79·80 번이 맞았다. 번호는 단조라 그 점이 맞으면 못 본 구간 75~85 전체의 밀림이 없다,구간확정(미검증)
D21,82,아라가미,사용자 확인(대부분 8/14 영상 눈판독) — D21 의 75·76·77·78·79·80 번이 맞았다. 번호는 단조라 그 점이 맞으면 못 본 구간 75~85 전체의 밀림이 없다,구간확정(미검증)
D21,83,비옐라의 악몽,사용자 확인(대부분 8/14 영상 눈판독) — D21 의 75·76·77·78·79·80 번이 맞았다. 번호는 단조라 그 점이 맞으면 못 본 구간 75~85 전체의 밀림이 없다,구간확정(미검증)
D21,84,쵸빗 플레이버,사용자 확인(대부분 8/14 영상 눈판독) — D21 의 75·76·77·78·79·80 번이 맞았다. 번호는 단조라 그 점이 맞으면 못 본 구간 75~85 전체의 밀림이 없다,구간확정(미검증)
D21,85,얼라이브,사용자 확인(대부분 8/14 영상 눈판독) — D21 의 75·76·77·78·79·80 번이 맞았다. 번호는 단조라 그 점이 맞으면 못 본 구간 75~85 전체의 밀림이 없다,구간확정(미검증)
D21,91,데인저 & 데인저,사용자 확인(대부분 8/14 영상 눈판독) — D21 의 96·97·98·99·100 번이 맞았다. 번호는 단조라 그 점이 맞으면 못 본 구간 91~108 전체의 밀림이 없다,구간확정(미검증)
D21,92,"팔랑크스 ""RS2018 edit""",사용자 확인(대부분 8/14 영상 눈판독) — D21 의 96·97·98·99·100 번이 맞았다. 번호는 단조라 그 점이 맞으면 못 본 구간 91~108 전체의 밀림이 없다,구간확정(미검증)
D21,93,라이프 이즈 피아노,사용자 확인(대부분 8/14 영상 눈판독) — D21 의 96·97·98·99·100 번이 맞았다. 번호는 단조라 그 점이 맞으면 못 본 구간 91~108 전체의 밀림이 없다,구간확정(미검증)
D21,94,글로리아,사용자 확인(대부분 8/14 영상 눈판독) — D21 의 96·97·98·99·100 번이 맞았다. 번호는 단조라 그 점이 맞으면 못 본 구간 91~108 전체의 밀림이 없다,구간확정(미검증)
D21,95,폴른 엔젤,사용자 확인(대부분 8/14 영상 눈판독) — D21 의 96·97·98·99·100 번이 맞았다. 번호는 단조라 그 점이 맞으면 못 본 구간 91~108 전체의 밀림이 없다,구간확정(미검증)
D21,96,셀피쉬니스,사용자 확인(대부분 8/14 영상 눈판독) — D21 의 96·97·98·99·100 번이 맞았다. 번호는 단조라 그 점이 맞으면 못 본 구간 91~108 전체의 밀림이 없다,구간확정(미검증)
D21,97,돌리 키스,사용자 확인(대부분 8/14 영상 눈판독) — D21 의 96·97·98·99·100 번이 맞았다. 번호는 단조라 그 점이 맞으면 못 본 구간 91~108 전체의 밀림이 없다,구간확정(미검증)
D21,98,필 마이 해피니스,사용자 확인(대부분 8/14 영상 눈판독) — D21 의 96·97·98·99·100 번이 맞았다. 번호는 단조라 그 점이 맞으면 못 본 구간 91~108 전체의 밀림이 없다,구간확정(미검증)
D21,99,프라임,사용자 확인(대부분 8/14 영상 눈판독) — D21 의 96·97·98·99·100 번이 맞았다. 번호는 단조라 그 점이 맞으면 못 본 구간 91~108 전체의 밀림이 없다,구간확정(미검증)
D21,100,바로크 바이러스,사용자 확인(대부분 8/14 영상 눈판독) — D21 의 96·97·98·99·100 번이 맞았다. 번호는 단조라 그 점이 맞으면 못 본 구간 91~108 전체의 밀림이 없다,구간확정(미검증)
D21,101,엑스 레이브,사용자 확인(대부분 8/14 영상 눈판독) — D21 의 96·97·98·99·100 번이 맞았다. 번호는 단조라 그 점이 맞으면 못 본 구간 91~108 전체의 밀림이 없다,구간확정(미검증)
D21,102,이미지네이션,사용자 확인(대부분 8/14 영상 눈판독) — D21 의 96·97·98·99·100 번이 맞았다. 번호는 단조라 그 점이 맞으면 못 본 구간 91~108 전체의 밀림이 없다,구간확정(미검증)
D21,103,듀얼 레이싱 <레드 vs 블루>,사용자 확인(대부분 8/14 영상 눈판독) — D21 의 96·97·98·99·100 번이 맞았다. 번호는 단조라 그 점이 맞으면 못 본 구간 91~108 전체의 밀림이 없다,구간확정(미검증)
D21,104,일 더하기 일은 귀요미,사용자 확인(대부분 8/14 영상 눈판독) — D21 의 96·97·98·99·100 번이 맞았다. 번호는 단조라 그 점이 맞으면 못 본 구간 91~108 전체의 밀림이 없다,구간확정(미검증)
D21,105,헤드리스 치킨,사용자 확인(대부분 8/14 영상 눈판독) — D21 의 96·97·98·99·100 번이 맞았다. 번호는 단조라 그 점이 맞으면 못 본 구간 91~108 전체의 밀림이 없다,구간확정(미검증)
D21,106,오버 더 호라이즌,사용자 확인(대부분 8/14 영상 눈판독) — D21 의 96·97·98·99·100 번이 맞았다. 번호는 단조라 그 점이 맞으면 못 본 구간 91~108 전체의 밀림이 없다,구간확정(미검증)
D21,107,V3,사용자 확인(대부분 8/14 영상 눈판독) — D21 의 96·97·98·99·100 번이 맞았다. 번호는 단조라 그 점이 맞으면 못 본 구간 91~108 전체의 밀림이 없다,구간확정(미검증)
D21,108,매지컬 베케이션,사용자 확인(대부분 8/14 영상 눈판독) — D21 의 96·97·98·99·100 번이 맞았다. 번호는 단조라 그 점이 맞으면 못 본 구간 91~108 전체의 밀림이 없다,구간확정(미검증)
D22,4,조깅,사용자 확인(대부분 8/14 영상 눈판독) — D22 의 4·5·6·7·8·9 외 1 번이 맞았다. 번호는 단조라 그 점이 맞으면 못 본 구간 4~28 전체의 밀림이 없다,구간확정(미검증)
D22,5,굿 나이트,사용자 확인(대부분 8/14 영상 눈판독) — D22 의 4·5·6·7·8·9 외 1 번이 맞았다. 번호는 단조라 그 점이 맞으면 못 본 구간 4~28 전체의 밀림이 없다,구간확정(미검증)
D22,6,슬램,사용자 확인(대부분 8/14 영상 눈판독) — D22 의 4·5·6·7·8·9 외 1 번이 맞았다. 번호는 단조라 그 점이 맞으면 못 본 구간 4~28 전체의 밀림이 없다,구간확정(미검증)
D22,7,응징 레스토랑,사용자 확인(대부분 8/14 영상 눈판독) — D22 의 4·5·6·7·8·9 외 1 번이 맞았다. 번호는 단조라 그 점이 맞으면 못 본 구간 4~28 전체의 밀림이 없다,구간확정(미검증)
D22,8,블레이저,사용자 확인(대부분 8/14 영상 눈판독) — D22 의 4·5·6·7·8·9 외 1 번이 맞았다. 번호는 단조라 그 점이 맞으면 못 본 구간 4~28 전체의 밀림이 없다,구간확정(미검증)
D22,9,ESP,사용자 확인(대부분 8/14 영상 눈판독) — D22 의 4·5·6·7·8·9 외 1 번이 맞았다. 번호는 단조라 그 점이 맞으면 못 본 구간 4~28 전체의 밀림이 없다,구간확정(미검증)
D22,10,하이웨이 체이서,사용자 확인(대부분 8/14 영상 눈판독) — D22 의 4·5·6·7·8·9 외 1 번이 맞았다. 번호는 단조라 그 점이 맞으면 못 본 구간 4~28 전체의 밀림이 없다,구간확정(미검증)
D22,11,붐!!,사용자 확인(대부분 8/14 영상 눈판독) — D22 의 4·5·6·7·8·9 외 1 번이 맞았다. 번호는 단조라 그 점이 맞으면 못 본 구간 4~28 전체의 밀림이 없다,구간확정(미검증)
D22,12,할로윈 파티 ~Multiverse~,사용자 확인(대부분 8/14 영상 눈판독) — D22 의 4·5·6·7·8·9 외 1 번이 맞았다. 번호는 단조라 그 점이 맞으면 못 본 구간 4~28 전체의 밀림이 없다,구간확정(미검증)
D22,13,플레이버 스텝!,사용자 확인(대부분 8/14 영상 눈판독) — D22 의 4·5·6·7·8·9 외 1 번이 맞았다. 번호는 단조라 그 점이 맞으면 못 본 구간 4~28 전체의 밀림이 없다,구간확정(미검증)
D22,14,데드 엔드,사용자 확인(대부분 8/14 영상 눈판독) — D22 의 4·5·6·7·8·9 외 1 번이 맞았다. 번호는 단조라 그 점이 맞으면 못 본 구간 4~28 전체의 밀림이 없다,구간확정(미검증)
D22,15,루시드 드림,사용자 확인(대부분 8/14 영상 눈판독) — D22 의 4·5·6·7·8·9 외 1 번이 맞았다. 번호는 단조라 그 점이 맞으면 못 본 구간 4~28 전체의 밀림이 없다,구간확정(미검증)
D22,16,라크리모사,사용자 확인(대부분 8/14 영상 눈판독) — D22 의 4·5·6·7·8·9 외 1 번이 맞았다. 번호는 단조라 그 점이 맞으면 못 본 구간 4~28 전체의 밀림이 없다,구간확정(미검증)
D22,17,리틀 먼치킨,사용자 확인(대부분 8/14 영상 눈판독) — D22 의 4·5·6·7·8·9 외 1 번이 맞았다. 번호는 단조라 그 점이 맞으면 못 본 구간 4~28 전체의 밀림이 없다,구간확정(미검증)
D22,18,"사이먼 세이즈, 유로댄스!! (feat. Sara☆M)",사용자 확인(대부분 8/14 영상 눈판독) — D22 의 4·5·6·7·8·9 외 1 번이 맞았다. 번호는 단조라 그 점이 맞으면 못 본 구간 4~28 전체의 밀림이 없다,구간확정(미검증)
D22,19,요! 세이!! 페어리!!!,사용자 확인(대부분 8/14 영상 눈판독) — D22 의 4·5·6·7·8·9 외 1 번이 맞았다. 번호는 단조라 그 점이 맞으면 못 본 구간 4~28 전체의 밀림이 없다,구간확정(미검증)
D22,20,록시아,사용자 확인(대부분 8/14 영상 눈판독) — D22 의 4·5·6·7·8·9 외 1 번이 맞았다. 번호는 단조라 그 점이 맞으면 못 본 구간 4~28 전체의 밀림이 없다,구간확정(미검증)
D22,21,카오스 어게인,사용자 확인(대부분 8/14 영상 눈판독) — D22 의 4·5·6·7·8·9 외 1 번이 맞았다. 번호는 단조라 그 점이 맞으면 못 본 구간 4~28 전체의 밀림이 없다,구간확정(미검증)
D22,22,위더 가든,사용자 확인(대부분 8/14 영상 눈판독) — D22 의 4·5·6·7·8·9 외 1 번이 맞았다. 번호는 단조라 그 점이 맞으면 못 본 구간 4~28 전체의 밀림이 없다,구간확정(미검증)
D22,23,스위트로닉,사용자 확인(대부분 8/14 영상 눈판독) — D22 의 4·5·6·7·8·9 외 1 번이 맞았다. 번호는 단조라 그 점이 맞으면 못 본 구간 4~28 전체의 밀림이 없다,구간확정(미검증)
D22,24,1949,사용자 확인(대부분 8/14 영상 눈판독) — D22 의 4·5·6·7·8·9 외 1 번이 맞았다. 번호는 단조라 그 점이 맞으면 못 본 구간 4~28 전체의 밀림이 없다,구간확정(미검증)
D22,25,야누스,사용자 확인(대부분 8/14 영상 눈판독) — D22 의 4·5·6·7·8·9 외 1 번이 맞았다. 번호는 단조라 그 점이 맞으면 못 본 구간 4~28 전체의 밀림이 없다,구간확정(미검증)
D22,26,아이 원트 유,사용자 확인(대부분 8/14 영상 눈판독) — D22 의 4·5·6·7·8·9 외 1 번이 맞았다. 번호는 단조라 그 점이 맞으면 못 본 구간 4~28 전체의 밀림이 없다,구간확정(미검증)
D22,27,텔링 포츈 플라워,사용자 확인(대부분 8/14 영상 눈판독) — D22 의 4·5·6·7·8·9 외 1 번이 맞았다. 번호는 단조라 그 점이 맞으면 못 본 구간 4~28 전체의 밀림이 없다,구간확정(미검증)
D22,28,하트 래빗 코스터,사용자 확인(대부분 8/14 영상 눈판독) — D22 의 4·5·6·7·8·9 외 1 번이 맞았다. 번호는 단조라 그 점이 맞으면 못 본 구간 4~28 전체의 밀림이 없다,구간확정(미검증)
D22,34,파이어 오브 데스티니,사용자 확인(대부분 8/14 영상 눈판독) — D22 의 34·35·36·37·38 번이 맞았다. 번호는 단조라 그 점이 맞으면 못 본 구간 34~45 전체의 밀림이 없다,구간확정(미검증)
D22,35,더 레버리,사용자 확인(대부분 8/14 영상 눈판독) — D22 의 34·35·36·37·38 번이 맞았다. 번호는 단조라 그 점이 맞으면 못 본 구간 34~45 전체의 밀림이 없다,구간확정(미검증)
D22,36,갓 모드 2.0 feat. Skizzo,사용자 확인(대부분 8/14 영상 눈판독) — D22 의 34·35·36·37·38 번이 맞았다. 번호는 단조라 그 점이 맞으면 못 본 구간 34~45 전체의 밀림이 없다,구간확정(미검증)
D22,37,퍼더,사용자 확인(대부분 8/14 영상 눈판독) — D22 의 34·35·36·37·38 번이 맞았다. 번호는 단조라 그 점이 맞으면 못 본 구간 34~45 전체의 밀림이 없다,구간확정(미검증)
D22,38,다람쥐 헌 쳇바퀴에 타고파,사용자 확인(대부분 8/14 영상 눈판독) — D22 의 34·35·36·37·38 번이 맞았다. 번호는 단조라 그 점이 맞으면 못 본 구간 34~45 전체의 밀림이 없다,구간확정(미검증)
D22,39,실버 비트 feat. ChisaUezono,사용자 확인(대부분 8/14 영상 눈판독) — D22 의 34·35·36·37·38 번이 맞았다. 번호는 단조라 그 점이 맞으면 못 본 구간 34~45 전체의 밀림이 없다,구간확정(미검증)
D22,40,앵귀시드 언메이킹,사용자 확인(대부분 8/14 영상 눈판독) — D22 의 34·35·36·37·38 번이 맞았다. 번호는 단조라 그 점이 맞으면 못 본 구간 34~45 전체의 밀림이 없다,구간확정(미검증)
D22,41,이스케이프,사용자 확인(대부분 8/14 영상 눈판독) — D22 의 34·35·36·37·38 번이 맞았다. 번호는 단조라 그 점이 맞으면 못 본 구간 34~45 전체의 밀림이 없다,구간확정(미검증)
D22,42,슈퍼 판타지,사용자 확인(대부분 8/14 영상 눈판독) — D22 의 34·35·36·37·38 번이 맞았다. 번호는 단조라 그 점이 맞으면 못 본 구간 34~45 전체의 밀림이 없다,구간확정(미검증)
D22,43,레드 스완,사용자 확인(대부분 8/14 영상 눈판독) — D22 의 34·35·36·37·38 번이 맞았다. 번호는 단조라 그 점이 맞으면 못 본 구간 34~45 전체의 밀림이 없다,구간확정(미검증)
D22,44,1950,사용자 확인(대부분 8/14 영상 눈판독) — D22 의 34·35·36·37·38 번이 맞았다. 번호는 단조라 그 점이 맞으면 못 본 구간 34~45 전체의 밀림이 없다,구간확정(미검증)
D22,45,포인트 제로 원,사용자 확인(대부분 8/14 영상 눈판독) — D22 의 34·35·36·37·38 번이 맞았다. 번호는 단조라 그 점이 맞으면 못 본 구간 34~45 전체의 밀림이 없다,구간확정(미검증)
D22,51,헝가리 무곡 V,사용자 확인(대부분 8/14 영상 눈판독) — D22 의 54·55·56·57·58·59 외 5 번이 맞았다. 번호는 단조라 그 점이 맞으면 못 본 구간 51~65 전체의 밀림이 없다,구간확정(미검증)
D22,52,마왕,사용자 확인(대부분 8/14 영상 눈판독) — D22 의 54·55·56·57·58·59 외 5 번이 맞았다. 번호는 단조라 그 점이 맞으면 못 본 구간 51~65 전체의 밀림이 없다,구간확정(미검증)
D22,53,엑스트리,사용자 확인(대부분 8/14 영상 눈판독) — D22 의 54·55·56·57·58·59 외 5 번이 맞았다. 번호는 단조라 그 점이 맞으면 못 본 구간 51~65 전체의 밀림이 없다,구간확정(미검증)
D22,54,진공,사용자 확인(대부분 8/14 영상 눈판독) — D22 의 54·55·56·57·58·59 외 5 번이 맞았다. 번호는 단조라 그 점이 맞으면 못 본 구간 51~65 전체의 밀림이 없다,구간확정(미검증)
D22,55,아리랑,사용자 확인(대부분 8/14 영상 눈판독) — D22 의 54·55·56·57·58·59 외 5 번이 맞았다. 번호는 단조라 그 점이 맞으면 못 본 구간 51~65 전체의 밀림이 없다,구간확정(미검증)
D22,56,캐논 X.1,사용자 확인(대부분 8/14 영상 눈판독) — D22 의 54·55·56·57·58·59 외 5 번이 맞았다. 번호는 단조라 그 점이 맞으면 못 본 구간 51~65 전체의 밀림이 없다,구간확정(미검증)
D22,57,디제이 오타다,사용자 확인(대부분 8/14 영상 눈판독) — D22 의 54·55·56·57·58·59 외 5 번이 맞았다. 번호는 단조라 그 점이 맞으면 못 본 구간 51~65 전체의 밀림이 없다,구간확정(미검증)
D22,58,마이 드림즈,사용자 확인(대부분 8/14 영상 눈판독) — D22 의 54·55·56·57·58·59 외 5 번이 맞았다. 번호는 단조라 그 점이 맞으면 못 본 구간 51~65 전체의 밀림이 없다,구간확정(미검증)
D22,59,카프리스 오브 오타다,사용자 확인(대부분 8/14 영상 눈판독) — D22 의 54·55·56·57·58·59 외 5 번이 맞았다. 번호는 단조라 그 점이 맞으면 못 본 구간 51~65 전체의 밀림이 없다,구간확정(미검증)
D22,60,펌트리스 꽈뜨로,사용자 확인(대부분 8/14 영상 눈판독) — D22 의 54·55·56·57·58·59 외 5 번이 맞았다. 번호는 단조라 그 점이 맞으면 못 본 구간 51~65 전체의 밀림이 없다,구간확정(미검증)
D22,61,키메라,사용자 확인(대부분 8/14 영상 눈판독) — D22 의 54·55·56·57·58·59 외 5 번이 맞았다. 번호는 단조라 그 점이 맞으면 못 본 구간 51~65 전체의 밀림이 없다,구간확정(미검증)
D22,62,투우사의 노래,사용자 확인(대부분 8/14 영상 눈판독) — D22 의 54·55·56·57·58·59 외 5 번이 맞았다. 번호는 단조라 그 점이 맞으면 못 본 구간 51~65 전체의 밀림이 없다,구간확정(미검증)
D22,63,파이널 오디션 에피소드 2-1,사용자 확인(대부분 8/14 영상 눈판독) — D22 의 54·55·56·57·58·59 외 5 번이 맞았다. 번호는 단조라 그 점이 맞으면 못 본 구간 51~65 전체의 밀림이 없다,구간확정(미검증)
D22,64,월광,사용자 확인(대부분 8/14 영상 눈판독) — D22 의 54·55·56·57·58·59 외 5 번이 맞았다. 번호는 단조라 그 점이 맞으면 못 본 구간 51~65 전체의 밀림이 없다,구간확정(미검증)
D22,65,위치 닥터,사용자 확인(대부분 8/14 영상 눈판독) — D22 의 54·55·56·57·58·59 외 5 번이 맞았다. 번호는 단조라 그 점이 맞으면 못 본 구간 51~65 전체의 밀림이 없다,구간확정(미검증)
D22,83,언더월드 ft. Skizzo (PIU Edit.),사용자 확인(대부분 8/14 영상 눈판독) — D22 의 83·84·85·86·87·100 번이 맞았다. 번호는 단조라 그 점이 맞으면 못 본 구간 83~100 전체의 밀림이 없다,구간확정(미검증)
D22,84,코스믹 레일로드,사용자 확인(대부분 8/14 영상 눈판독) — D22 의 83·84·85·86·87·100 번이 맞았다. 번호는 단조라 그 점이 맞으면 못 본 구간 83~100 전체의 밀림이 없다,구간확정(미검증)
D22,85,밀크,사용자 확인(대부분 8/14 영상 눈판독) — D22 의 83·84·85·86·87·100 번이 맞았다. 번호는 단조라 그 점이 맞으면 못 본 구간 83~100 전체의 밀림이 없다,구간확정(미검증)
D22,86,진폐증 ft. Kagamine Len/GUMI,사용자 확인(대부분 8/14 영상 눈판독) — D22 의 83·84·85·86·87·100 번이 맞았다. 번호는 단조라 그 점이 맞으면 못 본 구간 83~100 전체의 밀림이 없다,구간확정(미검증)
D22,87,러쉬-아워,사용자 확인(대부분 8/14 영상 눈판독) — D22 의 83·84·85·86·87·100 번이 맞았다. 번호는 단조라 그 점이 맞으면 못 본 구간 83~100 전체의 밀림이 없다,구간확정(미검증)
D22,88,* 이 게임은 존재하지 않습니다 *,사용자 확인(대부분 8/14 영상 눈판독) — D22 의 83·84·85·86·87·100 번이 맞았다. 번호는 단조라 그 점이 맞으면 못 본 구간 83~100 전체의 밀림이 없다,구간확정(미검증)
D22,89,지젤,사용자 확인(대부분 8/14 영상 눈판독) — D22 의 83·84·85·86·87·100 번이 맞았다. 번호는 단조라 그 점이 맞으면 못 본 구간 83~100 전체의 밀림이 없다,구간확정(미검증)
D22,90,스푸키 마카롱,사용자 확인(대부분 8/14 영상 눈판독) — D22 의 83·84·85·86·87·100 번이 맞았다. 번호는 단조라 그 점이 맞으면 못 본 구간 83~100 전체의 밀림이 없다,구간확정(미검증)
D22,91,비코즈 오브 유,사용자 확인(대부분 8/14 영상 눈판독) — D22 의 83·84·85·86·87·100 번이 맞았다. 번호는 단조라 그 점이 맞으면 못 본 구간 83~100 전체의 밀림이 없다,구간확정(미검증)
D22,92,팝핀 샤워,사용자 확인(대부분 8/14 영상 눈판독) — D22 의 83·84·85·86·87·100 번이 맞았다. 번호는 단조라 그 점이 맞으면 못 본 구간 83~100 전체의 밀림이 없다,구간확정(미검증)
D22,93,배틀 넘버원,사용자 확인(대부분 8/14 영상 눈판독) — D22 의 83·84·85·86·87·100 번이 맞았다. 번호는 단조라 그 점이 맞으면 못 본 구간 83~100 전체의 밀림이 없다,구간확정(미검증)
D22,94,솔저스 (TANO*C W TEAM RED ANTHEM),사용자 확인(대부분 8/14 영상 눈판독) — D22 의 83·84·85·86·87·100 번이 맞았다. 번호는 단조라 그 점이 맞으면 못 본 구간 83~100 전체의 밀림이 없다,구간확정(미검증)
D22,95,호랑풍류가,사용자 확인(대부분 8/14 영상 눈판독) — D22 의 83·84·85·86·87·100 번이 맞았다. 번호는 단조라 그 점이 맞으면 못 본 구간 83~100 전체의 밀림이 없다,구간확정(미검증)
D22,96,클럽 나이트,사용자 확인(대부분 8/14 영상 눈판독) — D22 의 83·84·85·86·87·100 번이 맞았다. 번호는 단조라 그 점이 맞으면 못 본 구간 83~100 전체의 밀림이 없다,구간확정(미검증)
D22,97,인디스트럭터블,사용자 확인(대부분 8/14 영상 눈판독) — D22 의 83·84·85·86·87·100 번이 맞았다. 번호는 단조라 그 점이 맞으면 못 본 구간 83~100 전체의 밀림이 없다,구간확정(미검증)
D22,98,니힐리즘 - 어나더 버전 -,사용자 확인(대부분 8/14 영상 눈판독) — D22 의 83·84·85·86·87·100 번이 맞았다. 번호는 단조라 그 점이 맞으면 못 본 구간 83~100 전체의 밀림이 없다,구간확정(미검증)
D22,99,포인트 제로 2,사용자 확인(대부분 8/14 영상 눈판독) — D22 의 83·84·85·86·87·100 번이 맞았다. 번호는 단조라 그 점이 맞으면 못 본 구간 83~100 전체의 밀림이 없다,구간확정(미검증)
D22,100,Re : 엔드 오브 어 드림,사용자 확인(대부분 8/14 영상 눈판독) — D22 의 83·84·85·86·87·100 번이 맞았다. 번호는 단조라 그 점이 맞으면 못 본 구간 83~100 전체의 밀림이 없다,구간확정(미검증)
D22,106,저스트 홀드 온 (To All Fighters),사용자 확인(대부분 8/14 영상 눈판독) — D22 의 106 번이 맞았다. 번호는 단조라 그 점이 맞으면 못 본 구간 106~106 전체의 밀림이 없다,구간확정(미검증)
D22,112,드림체이서즈,사용자 확인(대부분 8/14 영상 눈판독) — D22 의 112 번이 맞았다. 번호는 단조라 그 점이 맞으면 못 본 구간 112~112 전체의 밀림이 없다,구간확정(미검증)
D22,118,사월,사용자 확인(대부분 8/14 영상 눈판독) — D22 의 118·119·120·121 번이 맞았다. 번호는 단조라 그 점이 맞으면 못 본 구간 118~121 전체의 밀림이 없다,구간확정(미검증)
D22,119,킵 온!,사용자 확인(대부분 8/14 영상 눈판독) — D22 의 118·119·120·121 번이 맞았다. 번호는 단조라 그 점이 맞으면 못 본 구간 118~121 전체의 밀림이 없다,구간확정(미검증)
D22,120,아스테리오스 -리엔트리-,사용자 확인(대부분 8/14 영상 눈판독) — D22 의 118·119·120·121 번이 맞았다. 번호는 단조라 그 점이 맞으면 못 본 구간 118~121 전체의 밀림이 없다,구간확정(미검증)
D22,121,레드라인,사용자 확인(대부분 8/14 영상 눈판독) — D22 의 118·119·120·121 번이 맞았다. 번호는 단조라 그 점이 맞으면 못 본 구간 118~121 전체의 밀림이 없다,구간확정(미검증)
D23,4,체이스 미,사용자 확인(대부분 8/14 영상 눈판독) — D23 의 4·5·6·7·8·9 번이 맞았다. 번호는 단조라 그 점이 맞으면 못 본 구간 4~9 전체의 밀림이 없다,구간확정
D23,5,엔조이 더 쇼,사용자 확인(대부분 8/14 영상 눈판독) — D23 의 4·5·6·7·8·9 번이 맞았다. 번호는 단조라 그 점이 맞으면 못 본 구간 4~9 전체의 밀림이 없다,구간확정
D23,6,더 라스트 리벨리온,사용자 확인(대부분 8/14 영상 눈판독) — D23 의 4·5·6·7·8·9 번이 맞았다. 번호는 단조라 그 점이 맞으면 못 본 구간 4~9 전체의 밀림이 없다,구간확정
D23,7,사월의 축제,사용자 확인(대부분 8/14 영상 눈판독) — D23 의 4·5·6·7·8·9 번이 맞았다. 번호는 단조라 그 점이 맞으면 못 본 구간 4~9 전체의 밀림이 없다,구간확정
D23,8,이터널 유니버스,사용자 확인(대부분 8/14 영상 눈판독) — D23 의 4·5·6·7·8·9 번이 맞았다. 번호는 단조라 그 점이 맞으면 못 본 구간 4~9 전체의 밀림이 없다,구간확정
D23,9,번 아웃,사용자 확인(대부분 8/14 영상 눈판독) — D23 의 4·5·6·7·8·9 번이 맞았다. 번호는 단조라 그 점이 맞으면 못 본 구간 4~9 전체의 밀림이 없다,구간확정
D23,15,꼭두각시,영상 프레임 판독으로 **D23 의 밀림 0** 을 확인했다 — 우리 표가 이 존에서 맞다(frame_verify.csv),구간확정
D23,16,시,영상 프레임 판독으로 **D23 의 밀림 0** 을 확인했다 — 우리 표가 이 존에서 맞다(frame_verify.csv),구간확정
D23,17,스타드림 -Eurobeat Remix-,영상 프레임 판독으로 **D23 의 밀림 0** 을 확인했다 — 우리 표가 이 존에서 맞다(frame_verify.csv),구간확정
D23,18,솔페지에토,영상 프레임 판독으로 **D23 의 밀림 0** 을 확인했다 — 우리 표가 이 존에서 맞다(frame_verify.csv),구간확정
D23,19,데몬 오브 라플라스,영상 프레임 판독으로 **D23 의 밀림 0** 을 확인했다 — 우리 표가 이 존에서 맞다(frame_verify.csv),구간확정
D23,20,임페리움,영상 프레임 판독으로 **D23 의 밀림 0** 을 확인했다 — 우리 표가 이 존에서 맞다(frame_verify.csv),구간확정
D23,35,포세이돈,사용자 확인(대부분 8/14 영상 눈판독) — D23 의 49 번이 맞았다. 번호는 단조라 그 점이 맞으면 못 본 구간 35~49 전체의 밀림이 없다,구간확정
D23,36,아드레날린 블래스터,사용자 확인(대부분 8/14 영상 눈판독) — D23 의 49 번이 맞았다. 번호는 단조라 그 점이 맞으면 못 본 구간 35~49 전체의 밀림이 없다,구간확정
D23,37,오르비트 스테빌라이저,사용자 확인(대부분 8/14 영상 눈판독) — D23 의 49 번이 맞았다. 번호는 단조라 그 점이 맞으면 못 본 구간 35~49 전체의 밀림이 없다,구간확정
D23,38,파괴,사용자 확인(대부분 8/14 영상 눈판독) — D23 의 49 번이 맞았다. 번호는 단조라 그 점이 맞으면 못 본 구간 35~49 전체의 밀림이 없다,구간확정
D23,39,클레마티스 랩소디아,사용자 확인(대부분 8/14 영상 눈판독) — D23 의 49 번이 맞았다. 번호는 단조라 그 점이 맞으면 못 본 구간 35~49 전체의 밀림이 없다,구간확정
D23,40,캉-캉 ~Orpheus in The Party Mix~,사용자 확인(대부분 8/14 영상 눈판독) — D23 의 49 번이 맞았다. 번호는 단조라 그 점이 맞으면 못 본 구간 35~49 전체의 밀림이 없다,구간확정
D23,41,디 엔드 오브 더 월드 ft. Skizzo,사용자 확인(대부분 8/14 영상 눈판독) — D23 의 49 번이 맞았다. 번호는 단조라 그 점이 맞으면 못 본 구간 35~49 전체의 밀림이 없다,구간확정
D23,42,리펜턴스,사용자 확인(대부분 8/14 영상 눈판독) — D23 의 49 번이 맞았다. 번호는 단조라 그 점이 맞으면 못 본 구간 35~49 전체의 밀림이 없다,구간확정
D23,43,시그너스,사용자 확인(대부분 8/14 영상 눈판독) — D23 의 49 번이 맞았다. 번호는 단조라 그 점이 맞으면 못 본 구간 35~49 전체의 밀림이 없다,구간확정
D23,44,슈퍼 카프리시오,사용자 확인(대부분 8/14 영상 눈판독) — D23 의 49 번이 맞았다. 번호는 단조라 그 점이 맞으면 못 본 구간 35~49 전체의 밀림이 없다,구간확정
D23,45,헬파이어,사용자 확인(대부분 8/14 영상 눈판독) — D23 의 49 번이 맞았다. 번호는 단조라 그 점이 맞으면 못 본 구간 35~49 전체의 밀림이 없다,구간확정
D23,46,크로스 오버 feat. LyuU,사용자 확인(대부분 8/14 영상 눈판독) — D23 의 49 번이 맞았다. 번호는 단조라 그 점이 맞으면 못 본 구간 35~49 전체의 밀림이 없다,구간확정
D23,47,트래블 투 퓨처,사용자 확인(대부분 8/14 영상 눈판독) — D23 의 49 번이 맞았다. 번호는 단조라 그 점이 맞으면 못 본 구간 35~49 전체의 밀림이 없다,구간확정
D23,48,레퀴엠,사용자 확인(대부분 8/14 영상 눈판독) — D23 의 49 번이 맞았다. 번호는 단조라 그 점이 맞으면 못 본 구간 35~49 전체의 밀림이 없다,구간확정
D23,49,리키지 볼티지,사용자 확인(대부분 8/14 영상 눈판독) — D23 의 49 번이 맞았다. 번호는 단조라 그 점이 맞으면 못 본 구간 35~49 전체의 밀림이 없다,구간확정
D23,55,윈드밀,사용자 확인(대부분 8/14 영상 눈판독) — D23 의 55·57·58 번이 맞았다. 번호는 단조라 그 점이 맞으면 못 본 구간 55~58 전체의 밀림이 없다,구간확정
D23,56,멘탈 라이더,사용자 확인(대부분 8/14 영상 눈판독) — D23 의 55·57·58 번이 맞았다. 번호는 단조라 그 점이 맞으면 못 본 구간 55~58 전체의 밀림이 없다,구간확정
D23,57,테이크 아웃,사용자 확인(대부분 8/14 영상 눈판독) — D23 의 55·57·58 번이 맞았다. 번호는 단조라 그 점이 맞으면 못 본 구간 55~58 전체의 밀림이 없다,구간확정
D23,58,파반느,사용자 확인(대부분 8/14 영상 눈판독) — D23 의 55·57·58 번이 맞았다. 번호는 단조라 그 점이 맞으면 못 본 구간 55~58 전체의 밀림이 없다,구간확정
D23,64,위치 닥터,영상 프레임 판독으로 **D23 의 밀림 0** 을 확인했다 — 우리 표가 이 존에서 맞다(frame_verify.csv),구간확정
D23,72,카타스트로피,사용자 확인(대부분 8/14 영상 눈판독) — D23 의 72 번이 맞았다. 번호는 단조라 그 점이 맞으면 못 본 구간 72~72 전체의 밀림이 없다,구간확정
D23,78,빅 대디,사용자 확인(대부분 8/14 영상 눈판독) — D23 의 78·79·80 번이 맞았다. 번호는 단조라 그 점이 맞으면 못 본 구간 78~80 전체의 밀림이 없다,구간확정
D23,79,플래시 아웃,사용자 확인(대부분 8/14 영상 눈판독) — D23 의 78·79·80 번이 맞았다. 번호는 단조라 그 점이 맞으면 못 본 구간 78~80 전체의 밀림이 없다,구간확정
D23,80,오딘,사용자 확인(대부분 8/14 영상 눈판독) — D23 의 78·79·80 번이 맞았다. 번호는 단조라 그 점이 맞으면 못 본 구간 78~80 전체의 밀림이 없다,구간확정
D23,86,팝 시퀀스,사용자 확인(대부분 8/14 영상 눈판독) — D23 의 86·87·88·89 번이 맞았다. 번호는 단조라 그 점이 맞으면 못 본 구간 86~90 전체의 밀림이 없다,구간확정
D23,87,브로큰 카르마 (PIU EDIT),사용자 확인(대부분 8/14 영상 눈판독) — D23 의 86·87·88·89 번이 맞았다. 번호는 단조라 그 점이 맞으면 못 본 구간 86~90 전체의 밀림이 없다,구간확정
D23,88,천년이 지나서,사용자 확인(대부분 8/14 영상 눈판독) — D23 의 86·87·88·89 번이 맞았다. 번호는 단조라 그 점이 맞으면 못 본 구간 86~90 전체의 밀림이 없다,구간확정
D23,89,데인저 & 데인저,사용자 확인(대부분 8/14 영상 눈판독) — D23 의 86·87·88·89 번이 맞았다. 번호는 단조라 그 점이 맞으면 못 본 구간 86~90 전체의 밀림이 없다,구간확정
D23,90,마타도르,사용자 확인(대부분 8/14 영상 눈판독) — D23 의 86·87·88·89 번이 맞았다. 번호는 단조라 그 점이 맞으면 못 본 구간 86~90 전체의 밀림이 없다,구간확정
D23,96,스타 커맨드,사용자 확인(대부분 8/14 영상 눈판독) — D23 의 96 번이 맞았다. 번호는 단조라 그 점이 맞으면 못 본 구간 96~101 전체의 밀림이 없다,구간확정
D23,97,왓 해픈드,사용자 확인(대부분 8/14 영상 눈판독) — D23 의 96 번이 맞았다. 번호는 단조라 그 점이 맞으면 못 본 구간 96~101 전체의 밀림이 없다,구간확정
D23,98,가고일,사용자 확인(대부분 8/14 영상 눈판독) — D23 의 96 번이 맞았다. 번호는 단조라 그 점이 맞으면 못 본 구간 96~101 전체의 밀림이 없다,구간확정
D23,99,네크로맨시,사용자 확인(대부분 8/14 영상 눈판독) — D23 의 96 번이 맞았다. 번호는 단조라 그 점이 맞으면 못 본 구간 96~101 전체의 밀림이 없다,구간확정
D23,100,헬리오스피어,사용자 확인(대부분 8/14 영상 눈판독) — D23 의 96 번이 맞았다. 번호는 단조라 그 점이 맞으면 못 본 구간 96~101 전체의 밀림이 없다,구간확정
D23,101,스위트 원더랜드,사용자 확인(대부분 8/14 영상 눈판독) — D23 의 96 번이 맞았다. 번호는 단조라 그 점이 맞으면 못 본 구간 96~101 전체의 밀림이 없다,구간확정
D23,104,블랙 드래곤,사용자 확인(대부분 8/14 영상 눈판독) — D23 의 104 번이 맞았다. 번호는 단조라 그 점이 맞으면 못 본 구간 104~104 전체의 밀림이 없다,구간확정
D24,4,굿 나이트,사용자 확인(대부분 8/14 영상 눈판독) — D24 의 4·5·6·7·8·9 외 13 번이 맞았다. 번호는 단조라 그 점이 맞으면 못 본 구간 4~52 전체의 밀림이 없다,구간확정(미검증)
D24,5,슬램,사용자 확인(대부분 8/14 영상 눈판독) — D24 의 4·5·6·7·8·9 외 13 번이 맞았다. 번호는 단조라 그 점이 맞으면 못 본 구간 4~52 전체의 밀림이 없다,구간확정(미검증)
D24,6,블레이저,사용자 확인(대부분 8/14 영상 눈판독) — D24 의 4·5·6·7·8·9 외 13 번이 맞았다. 번호는 단조라 그 점이 맞으면 못 본 구간 4~52 전체의 밀림이 없다,구간확정(미검증)
D24,7,디기탈리스,사용자 확인(대부분 8/14 영상 눈판독) — D24 의 4·5·6·7·8·9 외 13 번이 맞았다. 번호는 단조라 그 점이 맞으면 못 본 구간 4~52 전체의 밀림이 없다,구간확정(미검증)
D24,8,오버나이트 플라워,사용자 확인(대부분 8/14 영상 눈판독) — D24 의 4·5·6·7·8·9 외 13 번이 맞았다. 번호는 단조라 그 점이 맞으면 못 본 구간 4~52 전체의 밀림이 없다,구간확정(미검증)
D24,9,ESP,사용자 확인(대부분 8/14 영상 눈판독) — D24 의 4·5·6·7·8·9 외 13 번이 맞았다. 번호는 단조라 그 점이 맞으면 못 본 구간 4~52 전체의 밀림이 없다,구간확정(미검증)
D24,10,4NT,사용자 확인(대부분 8/14 영상 눈판독) — D24 의 4·5·6·7·8·9 외 13 번이 맞았다. 번호는 단조라 그 점이 맞으면 못 본 구간 4~52 전체의 밀림이 없다,구간확정(미검증)
D24,11,얼티밋 아이즈,사용자 확인(대부분 8/14 영상 눈판독) — D24 의 4·5·6·7·8·9 외 13 번이 맞았다. 번호는 단조라 그 점이 맞으면 못 본 구간 4~52 전체의 밀림이 없다,구간확정(미검증)
D24,12,벡터,사용자 확인(대부분 8/14 영상 눈판독) — D24 의 4·5·6·7·8·9 외 13 번이 맞았다. 번호는 단조라 그 점이 맞으면 못 본 구간 4~52 전체의 밀림이 없다,구간확정(미검증)
D24,13,더 아포칼립스,사용자 확인(대부분 8/14 영상 눈판독) — D24 의 4·5·6·7·8·9 외 13 번이 맞았다. 번호는 단조라 그 점이 맞으면 못 본 구간 4~52 전체의 밀림이 없다,구간확정(미검증)
D24,14,1948,사용자 확인(대부분 8/14 영상 눈판독) — D24 의 4·5·6·7·8·9 외 13 번이 맞았다. 번호는 단조라 그 점이 맞으면 못 본 구간 4~52 전체의 밀림이 없다,구간확정(미검증)
D24,15,결투,사용자 확인(대부분 8/14 영상 눈판독) — D24 의 4·5·6·7·8·9 외 13 번이 맞았다. 번호는 단조라 그 점이 맞으면 못 본 구간 4~52 전체의 밀림이 없다,구간확정(미검증)
D24,16,배니쉬 2 - Roar of the invisible dragon,사용자 확인(대부분 8/14 영상 눈판독) — D24 의 4·5·6·7·8·9 외 13 번이 맞았다. 번호는 단조라 그 점이 맞으면 못 본 구간 4~52 전체의 밀림이 없다,구간확정(미검증)
D24,17,머독,사용자 확인(대부분 8/14 영상 눈판독) — D24 의 4·5·6·7·8·9 외 13 번이 맞았다. 번호는 단조라 그 점이 맞으면 못 본 구간 4~52 전체의 밀림이 없다,구간확정(미검증)
D24,18,바버스 매드니스,사용자 확인(대부분 8/14 영상 눈판독) — D24 의 4·5·6·7·8·9 외 13 번이 맞았다. 번호는 단조라 그 점이 맞으면 못 본 구간 4~52 전체의 밀림이 없다,구간확정(미검증)
D24,19,프ㄹi마 마테ㄹi아,사용자 확인(대부분 8/14 영상 눈판독) — D24 의 4·5·6·7·8·9 외 13 번이 맞았다. 번호는 단조라 그 점이 맞으면 못 본 구간 4~52 전체의 밀림이 없다,구간확정(미검증)
D24,20,초악마황제,사용자 확인(대부분 8/14 영상 눈판독) — D24 의 4·5·6·7·8·9 외 13 번이 맞았다. 번호는 단조라 그 점이 맞으면 못 본 구간 4~52 전체의 밀림이 없다,구간확정(미검증)
D24,21,큐리아서티 오버드라이브,사용자 확인(대부분 8/14 영상 눈판독) — D24 의 4·5·6·7·8·9 외 13 번이 맞았다. 번호는 단조라 그 점이 맞으면 못 본 구간 4~52 전체의 밀림이 없다,구간확정(미검증)
D24,22,소닉 붐,사용자 확인(대부분 8/14 영상 눈판독) — D24 의 4·5·6·7·8·9 외 13 번이 맞았다. 번호는 단조라 그 점이 맞으면 못 본 구간 4~52 전체의 밀림이 없다,구간확정(미검증)
D24,23,E.O.N,사용자 확인(대부분 8/14 영상 눈판독) — D24 의 4·5·6·7·8·9 외 13 번이 맞았다. 번호는 단조라 그 점이 맞으면 못 본 구간 4~52 전체의 밀림이 없다,구간확정(미검증)
D24,24,카오스 어게인,사용자 확인(대부분 8/14 영상 눈판독) — D24 의 4·5·6·7·8·9 외 13 번이 맞았다. 번호는 단조라 그 점이 맞으면 못 본 구간 4~52 전체의 밀림이 없다,구간확정(미검증)
D24,25,헤라클레스,사용자 확인(대부분 8/14 영상 눈판독) — D24 의 4·5·6·7·8·9 외 13 번이 맞았다. 번호는 단조라 그 점이 맞으면 못 본 구간 4~52 전체의 밀림이 없다,구간확정(미검증)
D24,26,에렌델,사용자 확인(대부분 8/14 영상 눈판독) — D24 의 4·5·6·7·8·9 외 13 번이 맞았다. 번호는 단조라 그 점이 맞으면 못 본 구간 4~52 전체의 밀림이 없다,구간확정(미검증)
D24,27,머독 vs 오타다,사용자 확인(대부분 8/14 영상 눈판독) — D24 의 4·5·6·7·8·9 외 13 번이 맞았다. 번호는 단조라 그 점이 맞으면 못 본 구간 4~52 전체의 밀림이 없다,구간확정(미검증)
D24,28,크림슨 후드,사용자 확인(대부분 8/14 영상 눈판독) — D24 의 4·5·6·7·8·9 외 13 번이 맞았다. 번호는 단조라 그 점이 맞으면 못 본 구간 4~52 전체의 밀림이 없다,구간확정(미검증)
D24,29,도플갱어,사용자 확인(대부분 8/14 영상 눈판독) — D24 의 4·5·6·7·8·9 외 13 번이 맞았다. 번호는 단조라 그 점이 맞으면 못 본 구간 4~52 전체의 밀림이 없다,구간확정(미검증)
D24,30,아이올라이트 스카이,사용자 확인(대부분 8/14 영상 눈판독) — D24 의 4·5·6·7·8·9 외 13 번이 맞았다. 번호는 단조라 그 점이 맞으면 못 본 구간 4~52 전체의 밀림이 없다,구간확정(미검증)
D24,31,금혼식,사용자 확인(대부분 8/14 영상 눈판독) — D24 의 4·5·6·7·8·9 외 13 번이 맞았다. 번호는 단조라 그 점이 맞으면 못 본 구간 4~52 전체의 밀림이 없다,구간확정(미검증)
D24,32,배니쉬,사용자 확인(대부분 8/14 영상 눈판독) — D24 의 4·5·6·7·8·9 외 13 번이 맞았다. 번호는 단조라 그 점이 맞으면 못 본 구간 4~52 전체의 밀림이 없다,구간확정(미검증)
D24,33,탄탄멘,사용자 확인(대부분 8/14 영상 눈판독) — D24 의 4·5·6·7·8·9 외 13 번이 맞았다. 번호는 단조라 그 점이 맞으면 못 본 구간 4~52 전체의 밀림이 없다,구간확정(미검증)
D24,34,아마겟돈,사용자 확인(대부분 8/14 영상 눈판독) — D24 의 4·5·6·7·8·9 외 13 번이 맞았다. 번호는 단조라 그 점이 맞으면 못 본 구간 4~52 전체의 밀림이 없다,구간확정(미검증)
D24,35,슈브 니구라스,사용자 확인(대부분 8/14 영상 눈판독) — D24 의 4·5·6·7·8·9 외 13 번이 맞았다. 번호는 단조라 그 점이 맞으면 못 본 구간 4~52 전체의 밀림이 없다,구간확정(미검증)
D24,36,다람쥐 헌 쳇바퀴에 타고파,사용자 확인(대부분 8/14 영상 눈판독) — D24 의 4·5·6·7·8·9 외 13 번이 맞았다. 번호는 단조라 그 점이 맞으면 못 본 구간 4~52 전체의 밀림이 없다,구간확정(미검증)
D24,37,사라반드,사용자 확인(대부분 8/14 영상 눈판독) — D24 의 4·5·6·7·8·9 외 13 번이 맞았다. 번호는 단조라 그 점이 맞으면 못 본 구간 4~52 전체의 밀림이 없다,구간확정(미검증)
D24,38,가장신자,사용자 확인(대부분 8/14 영상 눈판독) — D24 의 4·5·6·7·8·9 외 13 번이 맞았다. 번호는 단조라 그 점이 맞으면 못 본 구간 4~52 전체의 밀림이 없다,구간확정(미검증)
D24,39,HTTP,사용자 확인(대부분 8/14 영상 눈판독) — D24 의 4·5·6·7·8·9 외 13 번이 맞았다. 번호는 단조라 그 점이 맞으면 못 본 구간 4~52 전체의 밀림이 없다,구간확정(미검증)
D24,40,어웨이크닝,사용자 확인(대부분 8/14 영상 눈판독) — D24 의 4·5·6·7·8·9 외 13 번이 맞았다. 번호는 단조라 그 점이 맞으면 못 본 구간 4~52 전체의 밀림이 없다,구간확정(미검증)
D24,41,캇코이,사용자 확인(대부분 8/14 영상 눈판독) — D24 의 4·5·6·7·8·9 외 13 번이 맞았다. 번호는 단조라 그 점이 맞으면 못 본 구간 4~52 전체의 밀림이 없다,구간확정(미검증)
D24,42,요그 소토스,사용자 확인(대부분 8/14 영상 눈판독) — D24 의 4·5·6·7·8·9 외 13 번이 맞았다. 번호는 단조라 그 점이 맞으면 못 본 구간 4~52 전체의 밀림이 없다,구간확정(미검증)
D24,43,히아신스,사용자 확인(대부분 8/14 영상 눈판독) — D24 의 4·5·6·7·8·9 외 13 번이 맞았다. 번호는 단조라 그 점이 맞으면 못 본 구간 4~52 전체의 밀림이 없다,구간확정(미검증)
D24,44,어나이얼레이터 메소드,사용자 확인(대부분 8/14 영상 눈판독) — D24 의 4·5·6·7·8·9 외 13 번이 맞았다. 번호는 단조라 그 점이 맞으면 못 본 구간 4~52 전체의 밀림이 없다,구간확정(미검증)
D24,45,로봇 배틀,사용자 확인(대부분 8/14 영상 눈판독) — D24 의 4·5·6·7·8·9 외 13 번이 맞았다. 번호는 단조라 그 점이 맞으면 못 본 구간 4~52 전체의 밀림이 없다,구간확정(미검증)
D24,46,이그니스 패터스(DM Ashura 믹스),사용자 확인(대부분 8/14 영상 눈판독) — D24 의 4·5·6·7·8·9 외 13 번이 맞았다. 번호는 단조라 그 점이 맞으면 못 본 구간 4~52 전체의 밀림이 없다,구간확정(미검증)
D24,47,에프 에프 에프,사용자 확인(대부분 8/14 영상 눈판독) — D24 의 4·5·6·7·8·9 외 13 번이 맞았다. 번호는 단조라 그 점이 맞으면 못 본 구간 4~52 전체의 밀림이 없다,구간확정(미검증)
D24,48,루시드(PIU Edit),사용자 확인(대부분 8/14 영상 눈판독) — D24 의 4·5·6·7·8·9 외 13 번이 맞았다. 번호는 단조라 그 점이 맞으면 못 본 구간 4~52 전체의 밀림이 없다,구간확정(미검증)
D24,49,멘탈 라이더,사용자 확인(대부분 8/14 영상 눈판독) — D24 의 4·5·6·7·8·9 외 13 번이 맞았다. 번호는 단조라 그 점이 맞으면 못 본 구간 4~52 전체의 밀림이 없다,구간확정(미검증)
D24,50,테이크 아웃,사용자 확인(대부분 8/14 영상 눈판독) — D24 의 4·5·6·7·8·9 외 13 번이 맞았다. 번호는 단조라 그 점이 맞으면 못 본 구간 4~52 전체의 밀림이 없다,구간확정(미검증)
D24,51,소서리스 엘리제,사용자 확인(대부분 8/14 영상 눈판독) — D24 의 4·5·6·7·8·9 외 13 번이 맞았다. 번호는 단조라 그 점이 맞으면 못 본 구간 4~52 전체의 밀림이 없다,구간확정(미검증)
D24,52,파이널 오디션 에피소드 2-X,사용자 확인(대부분 8/14 영상 눈판독) — D24 의 4·5·6·7·8·9 외 13 번이 맞았다. 번호는 단조라 그 점이 맞으면 못 본 구간 4~52 전체의 밀림이 없다,구간확정(미검증)
D24,58,비,사용자 확인(대부분 8/14 영상 눈판독) — D24 의 58·59·60 번이 맞았다. 번호는 단조라 그 점이 맞으면 못 본 구간 58~60 전체의 밀림이 없다,구간확정(미검증)
D24,59,비트 오브 더 워,사용자 확인(대부분 8/14 영상 눈판독) — D24 의 58·59·60 번이 맞았다. 번호는 단조라 그 점이 맞으면 못 본 구간 58~60 전체의 밀림이 없다,구간확정(미검증)
D24,60,베토벤 바이러스,사용자 확인(대부분 8/14 영상 눈판독) — D24 의 58·59·60 번이 맞았다. 번호는 단조라 그 점이 맞으면 못 본 구간 58~60 전체의 밀림이 없다,구간확정(미검증)
D24,81,디스트로0ㅣ어,사용자 확인(대부분 8/14 영상 눈판독) — D24 의 81·82·83·84·85·86 외 2 번이 맞았다. 번호는 단조라 그 점이 맞으면 못 본 구간 81~91 전체의 밀림이 없다,구간확정(미검증)
D24,82,쵸빗 플레이버,사용자 확인(대부분 8/14 영상 눈판독) — D24 의 81·82·83·84·85·86 외 2 번이 맞았다. 번호는 단조라 그 점이 맞으면 못 본 구간 81~91 전체의 밀림이 없다,구간확정(미검증)
D24,83,얼라이브,사용자 확인(대부분 8/14 영상 눈판독) — D24 의 81·82·83·84·85·86 외 2 번이 맞았다. 번호는 단조라 그 점이 맞으면 못 본 구간 81~91 전체의 밀림이 없다,구간확정(미검증)
D24,84,익스트림 음악학원 2교시  feat. Nanahira,사용자 확인(대부분 8/14 영상 눈판독) — D24 의 81·82·83·84·85·86 외 2 번이 맞았다. 번호는 단조라 그 점이 맞으면 못 본 구간 81~91 전체의 밀림이 없다,구간확정(미검증)
D24,85,배틀 넘버원,사용자 확인(대부분 8/14 영상 눈판독) — D24 의 81·82·83·84·85·86 외 2 번이 맞았다. 번호는 단조라 그 점이 맞으면 못 본 구간 81~91 전체의 밀림이 없다,구간확정(미검증)
D24,86,호랑풍류가,사용자 확인(대부분 8/14 영상 눈판독) — D24 의 81·82·83·84·85·86 외 2 번이 맞았다. 번호는 단조라 그 점이 맞으면 못 본 구간 81~91 전체의 밀림이 없다,구간확정(미검증)
D24,87,페이브 가든,사용자 확인(대부분 8/14 영상 눈판독) — D24 의 81·82·83·84·85·86 외 2 번이 맞았다. 번호는 단조라 그 점이 맞으면 못 본 구간 81~91 전체의 밀림이 없다,구간확정(미검증)
D24,88,크로싱 델타,사용자 확인(대부분 8/14 영상 눈판독) — D24 의 81·82·83·84·85·86 외 2 번이 맞았다. 번호는 단조라 그 점이 맞으면 못 본 구간 81~91 전체의 밀림이 없다,구간확정(미검증)
D24,89,클럽 나이트,사용자 확인(대부분 8/14 영상 눈판독) — D24 의 81·82·83·84·85·86 외 2 번이 맞았다. 번호는 단조라 그 점이 맞으면 못 본 구간 81~91 전체의 밀림이 없다,구간확정(미검증)
D24,90,크로스 소울,사용자 확인(대부분 8/14 영상 눈판독) — D24 의 81·82·83·84·85·86 외 2 번이 맞았다. 번호는 단조라 그 점이 맞으면 못 본 구간 81~91 전체의 밀림이 없다,구간확정(미검증)
D24,91,"팔랑크스 ""RS2018 edit""",사용자 확인(대부분 8/14 영상 눈판독) — D24 의 81·82·83·84·85·86 외 2 번이 맞았다. 번호는 단조라 그 점이 맞으면 못 본 구간 81~91 전체의 밀림이 없다,구간확정(미검증)
D25,5,더 라스트 리벨리온,사용자 확인(대부분 8/14 영상 눈판독) — D25 의 5·6·7 번이 맞았다. 번호는 단조라 그 점이 맞으면 못 본 구간 5~11 전체의 밀림이 없다,구간확정(미검증)
D25,6,레전더리 도미니언,사용자 확인(대부분 8/14 영상 눈판독) — D25 의 5·6·7 번이 맞았다. 번호는 단조라 그 점이 맞으면 못 본 구간 5~11 전체의 밀림이 없다,구간확정(미검증)
D25,7,이터널 유니버스,사용자 확인(대부분 8/14 영상 눈판독) — D25 의 5·6·7 번이 맞았다. 번호는 단조라 그 점이 맞으면 못 본 구간 5~11 전체의 밀림이 없다,구간확정(미검증)
D25,8,쥬핀,사용자 확인(대부분 8/14 영상 눈판독) — D25 의 5·6·7 번이 맞았다. 번호는 단조라 그 점이 맞으면 못 본 구간 5~11 전체의 밀림이 없다,구간확정(미검증)
D25,9,그로스,사용자 확인(대부분 8/14 영상 눈판독) — D25 의 5·6·7 번이 맞았다. 번호는 단조라 그 점이 맞으면 못 본 구간 5~11 전체의 밀림이 없다,구간확정(미검증)
D25,10,꼭두각시,사용자 확인(대부분 8/14 영상 눈판독) — D25 의 5·6·7 번이 맞았다. 번호는 단조라 그 점이 맞으면 못 본 구간 5~11 전체의 밀림이 없다,구간확정(미검증)
D25,11,추격,사용자 확인(대부분 8/14 영상 눈판독) — D25 의 5·6·7 번이 맞았다. 번호는 단조라 그 점이 맞으면 못 본 구간 5~11 전체의 밀림이 없다,구간확정(미검증)
D25,21,머독 vs 오타다,사용자 확인(대부분 8/14 영상 눈판독) — D25 의 21·22·23·24 번이 맞았다. 번호는 단조라 그 점이 맞으면 못 본 구간 21~30 전체의 밀림이 없다,구간확정(미검증)
D25,22,니알라토텝,사용자 확인(대부분 8/14 영상 눈판독) — D25 의 21·22·23·24 번이 맞았다. 번호는 단조라 그 점이 맞으면 못 본 구간 21~30 전체의 밀림이 없다,구간확정(미검증)
D25,23,하트 래빗 코스터,사용자 확인(대부분 8/14 영상 눈판독) — D25 의 21·22·23·24 번이 맞았다. 번호는 단조라 그 점이 맞으면 못 본 구간 21~30 전체의 밀림이 없다,구간확정(미검증)
D25,24,스켑틱,사용자 확인(대부분 8/14 영상 눈판독) — D25 의 21·22·23·24 번이 맞았다. 번호는 단조라 그 점이 맞으면 못 본 구간 21~30 전체의 밀림이 없다,구간확정(미검증)
D25,25,퍼더,사용자 확인(대부분 8/14 영상 눈판독) — D25 의 21·22·23·24 번이 맞았다. 번호는 단조라 그 점이 맞으면 못 본 구간 21~30 전체의 밀림이 없다,구간확정(미검증)
D25,26,요그 소토스,사용자 확인(대부분 8/14 영상 눈판독) — D25 의 21·22·23·24 번이 맞았다. 번호는 단조라 그 점이 맞으면 못 본 구간 21~30 전체의 밀림이 없다,구간확정(미검증)
D25,27,아발란치,사용자 확인(대부분 8/14 영상 눈판독) — D25 의 21·22·23·24 번이 맞았다. 번호는 단조라 그 점이 맞으면 못 본 구간 21~30 전체의 밀림이 없다,구간확정(미검증)
D25,28,1950,사용자 확인(대부분 8/14 영상 눈판독) — D25 의 21·22·23·24 번이 맞았다. 번호는 단조라 그 점이 맞으면 못 본 구간 21~30 전체의 밀림이 없다,구간확정(미검증)
D25,29,이그니스 패터스(DM Ashura 믹스),사용자 확인(대부분 8/14 영상 눈판독) — D25 의 21·22·23·24 번이 맞았다. 번호는 단조라 그 점이 맞으면 못 본 구간 21~30 전체의 밀림이 없다,구간확정(미검증)
D25,30,클리너,사용자 확인(대부분 8/14 영상 눈판독) — D25 의 21·22·23·24 번이 맞았다. 번호는 단조라 그 점이 맞으면 못 본 구간 21~30 전체의 밀림이 없다,구간확정(미검증)
D26,9,크림슨 후드,사용자 확인(대부분 8/14 영상 눈판독) — D26 의 9·10·11·12·13·15 번이 맞았다. 번호는 단조라 그 점이 맞으면 못 본 구간 9~15 전체의 밀림이 없다,구간확정(미검증)
D26,10,도플갱어,사용자 확인(대부분 8/14 영상 눈판독) — D26 의 9·10·11·12·13·15 번이 맞았다. 번호는 단조라 그 점이 맞으면 못 본 구간 9~15 전체의 밀림이 없다,구간확정(미검증)
D26,11,1949,사용자 확인(대부분 8/14 영상 눈판독) — D26 의 9·10·11·12·13·15 번이 맞았다. 번호는 단조라 그 점이 맞으면 못 본 구간 9~15 전체의 밀림이 없다,구간확정(미검증)
D26,12,텔링 포츈 플라워,사용자 확인(대부분 8/14 영상 눈판독) — D26 의 9·10·11·12·13·15 번이 맞았다. 번호는 단조라 그 점이 맞으면 못 본 구간 9~15 전체의 밀림이 없다,구간확정(미검증)
D26,13,리펜턴스,사용자 확인(대부분 8/14 영상 눈판독) — D26 의 9·10·11·12·13·15 번이 맞았다. 번호는 단조라 그 점이 맞으면 못 본 구간 9~15 전체의 밀림이 없다,구간확정(미검증)
D26,14,슈브 니구라스,사용자 확인(대부분 8/14 영상 눈판독) — D26 의 9·10·11·12·13·15 번이 맞았다. 번호는 단조라 그 점이 맞으면 못 본 구간 9~15 전체의 밀림이 없다,구간확정(미검증)
D26,15,이스케이프,사용자 확인(대부분 8/14 영상 눈판독) — D26 의 9·10·11·12·13·15 번이 맞았다. 번호는 단조라 그 점이 맞으면 못 본 구간 9~15 전체의 밀림이 없다,구간확정(미검증)
D26,21,이렐리아,사용자 확인(대부분 8/14 영상 눈판독) — D26 의 21·22·23 번이 맞았다. 번호는 단조라 그 점이 맞으면 못 본 구간 21~23 전체의 밀림이 없다,구간확정(미검증)
D26,22,* 이 게임은 존재하지 않습니다 *,사용자 확인(대부분 8/14 영상 눈판독) — D26 의 21·22·23 번이 맞았다. 번호는 단조라 그 점이 맞으면 못 본 구간 21~23 전체의 밀림이 없다,구간확정(미검증)
D26,23,아라가미,사용자 확인(대부분 8/14 영상 눈판독) — D26 의 21·22·23 번이 맞았다. 번호는 단조라 그 점이 맞으면 못 본 구간 21~23 전체의 밀림이 없다,구간확정(미검증)
D7,4,웨딩 크래셔,사용자 확인 — **D7 존 전체**를 봤다고 하셨다 (번호 없이 존 단위). 못 본 구간 4~5 을 연다,구간확정(미검증)
D7,5,트란사칼리아,사용자 확인 — **D7 존 전체**를 봤다고 하셨다 (번호 없이 존 단위). 못 본 구간 4~5 을 연다,구간확정(미검증)
D8,10,사람들은 몰랐다네,사용자 확인 — **D8 존 전체**를 봤다고 하셨다 (번호 없이 존 단위). 못 본 구간 10~10 을 연다,구간확정(미검증)
ORIGINAL,4,,사용자 확인(대부분 8/14 영상 눈판독) — ORIGINAL 의 4·5·6·7·8·9 번이 맞았다. 번호는 단조라 그 점이 맞으면 못 본 구간 4~36 전체의 밀림이 없다,구간확정(미검증)
ORIGINAL,5,,사용자 확인(대부분 8/14 영상 눈판독) — ORIGINAL 의 4·5·6·7·8·9 번이 맞았다. 번호는 단조라 그 점이 맞으면 못 본 구간 4~36 전체의 밀림이 없다,구간확정(미검증)
ORIGINAL,6,,사용자 확인(대부분 8/14 영상 눈판독) — ORIGINAL 의 4·5·6·7·8·9 번이 맞았다. 번호는 단조라 그 점이 맞으면 못 본 구간 4~36 전체의 밀림이 없다,구간확정(미검증)
ORIGINAL,7,,사용자 확인(대부분 8/14 영상 눈판독) — ORIGINAL 의 4·5·6·7·8·9 번이 맞았다. 번호는 단조라 그 점이 맞으면 못 본 구간 4~36 전체의 밀림이 없다,구간확정(미검증)
ORIGINAL,8,,사용자 확인(대부분 8/14 영상 눈판독) — ORIGINAL 의 4·5·6·7·8·9 번이 맞았다. 번호는 단조라 그 점이 맞으면 못 본 구간 4~36 전체의 밀림이 없다,구간확정(미검증)
ORIGINAL,9,,사용자 확인(대부분 8/14 영상 눈판독) — ORIGINAL 의 4·5·6·7·8·9 번이 맞았다. 번호는 단조라 그 점이 맞으면 못 본 구간 4~36 전체의 밀림이 없다,구간확정(미검증)
ORIGINAL,10,,사용자 확인(대부분 8/14 영상 눈판독) — ORIGINAL 의 4·5·6·7·8·9 번이 맞았다. 번호는 단조라 그 점이 맞으면 못 본 구간 4~36 전체의 밀림이 없다,구간확정(미검증)
ORIGINAL,11,,사용자 확인(대부분 8/14 영상 눈판독) — ORIGINAL 의 4·5·6·7·8·9 번이 맞았다. 번호는 단조라 그 점이 맞으면 못 본 구간 4~36 전체의 밀림이 없다,구간확정(미검증)
ORIGINAL,12,,사용자 확인(대부분 8/14 영상 눈판독) — ORIGINAL 의 4·5·6·7·8·9 번이 맞았다. 번호는 단조라 그 점이 맞으면 못 본 구간 4~36 전체의 밀림이 없다,구간확정(미검증)
ORIGINAL,13,,사용자 확인(대부분 8/14 영상 눈판독) — ORIGINAL 의 4·5·6·7·8·9 번이 맞았다. 번호는 단조라 그 점이 맞으면 못 본 구간 4~36 전체의 밀림이 없다,구간확정(미검증)
ORIGINAL,14,,사용자 확인(대부분 8/14 영상 눈판독) — ORIGINAL 의 4·5·6·7·8·9 번이 맞았다. 번호는 단조라 그 점이 맞으면 못 본 구간 4~36 전체의 밀림이 없다,구간확정(미검증)
ORIGINAL,15,,사용자 확인(대부분 8/14 영상 눈판독) — ORIGINAL 의 4·5·6·7·8·9 번이 맞았다. 번호는 단조라 그 점이 맞으면 못 본 구간 4~36 전체의 밀림이 없다,구간확정(미검증)
ORIGINAL,16,,사용자 확인(대부분 8/14 영상 눈판독) — ORIGINAL 의 4·5·6·7·8·9 번이 맞았다. 번호는 단조라 그 점이 맞으면 못 본 구간 4~36 전체의 밀림이 없다,구간확정(미검증)
ORIGINAL,17,,사용자 확인(대부분 8/14 영상 눈판독) — ORIGINAL 의 4·5·6·7·8·9 번이 맞았다. 번호는 단조라 그 점이 맞으면 못 본 구간 4~36 전체의 밀림이 없다,구간확정(미검증)
ORIGINAL,18,,사용자 확인(대부분 8/14 영상 눈판독) — ORIGINAL 의 4·5·6·7·8·9 번이 맞았다. 번호는 단조라 그 점이 맞으면 못 본 구간 4~36 전체의 밀림이 없다,구간확정(미검증)
ORIGINAL,19,,사용자 확인(대부분 8/14 영상 눈판독) — ORIGINAL 의 4·5·6·7·8·9 번이 맞았다. 번호는 단조라 그 점이 맞으면 못 본 구간 4~36 전체의 밀림이 없다,구간확정(미검증)
ORIGINAL,20,,사용자 확인(대부분 8/14 영상 눈판독) — ORIGINAL 의 4·5·6·7·8·9 번이 맞았다. 번호는 단조라 그 점이 맞으면 못 본 구간 4~36 전체의 밀림이 없다,구간확정(미검증)
ORIGINAL,21,,사용자 확인(대부분 8/14 영상 눈판독) — ORIGINAL 의 4·5·6·7·8·9 번이 맞았다. 번호는 단조라 그 점이 맞으면 못 본 구간 4~36 전체의 밀림이 없다,구간확정(미검증)
ORIGINAL,22,,사용자 확인(대부분 8/14 영상 눈판독) — ORIGINAL 의 4·5·6·7·8·9 번이 맞았다. 번호는 단조라 그 점이 맞으면 못 본 구간 4~36 전체의 밀림이 없다,구간확정(미검증)
ORIGINAL,23,,사용자 확인(대부분 8/14 영상 눈판독) — ORIGINAL 의 4·5·6·7·8·9 번이 맞았다. 번호는 단조라 그 점이 맞으면 못 본 구간 4~36 전체의 밀림이 없다,구간확정(미검증)
ORIGINAL,24,,사용자 확인(대부분 8/14 영상 눈판독) — ORIGINAL 의 4·5·6·7·8·9 번이 맞았다. 번호는 단조라 그 점이 맞으면 못 본 구간 4~36 전체의 밀림이 없다,구간확정(미검증)
ORIGINAL,25,,사용자 확인(대부분 8/14 영상 눈판독) — ORIGINAL 의 4·5·6·7·8·9 번이 맞았다. 번호는 단조라 그 점이 맞으면 못 본 구간 4~36 전체의 밀림이 없다,구간확정(미검증)
ORIGINAL,26,,사용자 확인(대부분 8/14 영상 눈판독) — ORIGINAL 의 4·5·6·7·8·9 번이 맞았다. 번호는 단조라 그 점이 맞으면 못 본 구간 4~36 전체의 밀림이 없다,구간확정(미검증)
ORIGINAL,27,,사용자 확인(대부분 8/14 영상 눈판독) — ORIGINAL 의 4·5·6·7·8·9 번이 맞았다. 번호는 단조라 그 점이 맞으면 못 본 구간 4~36 전체의 밀림이 없다,구간확정(미검증)
ORIGINAL,28,,사용자 확인(대부분 8/14 영상 눈판독) — ORIGINAL 의 4·5·6·7·8·9 번이 맞았다. 번호는 단조라 그 점이 맞으면 못 본 구간 4~36 전체의 밀림이 없다,구간확정(미검증)
ORIGINAL,29,,사용자 확인(대부분 8/14 영상 눈판독) — ORIGINAL 의 4·5·6·7·8·9 번이 맞았다. 번호는 단조라 그 점이 맞으면 못 본 구간 4~36 전체의 밀림이 없다,구간확정(미검증)
ORIGINAL,30,,사용자 확인(대부분 8/14 영상 눈판독) — ORIGINAL 의 4·5·6·7·8·9 번이 맞았다. 번호는 단조라 그 점이 맞으면 못 본 구간 4~36 전체의 밀림이 없다,구간확정(미검증)
ORIGINAL,31,,사용자 확인(대부분 8/14 영상 눈판독) — ORIGINAL 의 4·5·6·7·8·9 번이 맞았다. 번호는 단조라 그 점이 맞으면 못 본 구간 4~36 전체의 밀림이 없다,구간확정(미검증)
ORIGINAL,32,,사용자 확인(대부분 8/14 영상 눈판독) — ORIGINAL 의 4·5·6·7·8·9 번이 맞았다. 번호는 단조라 그 점이 맞으면 못 본 구간 4~36 전체의 밀림이 없다,구간확정(미검증)
ORIGINAL,33,,사용자 확인(대부분 8/14 영상 눈판독) — ORIGINAL 의 4·5·6·7·8·9 번이 맞았다. 번호는 단조라 그 점이 맞으면 못 본 구간 4~36 전체의 밀림이 없다,구간확정(미검증)
ORIGINAL,34,,사용자 확인(대부분 8/14 영상 눈판독) — ORIGINAL 의 4·5·6·7·8·9 번이 맞았다. 번호는 단조라 그 점이 맞으면 못 본 구간 4~36 전체의 밀림이 없다,구간확정(미검증)
ORIGINAL,35,,사용자 확인(대부분 8/14 영상 눈판독) — ORIGINAL 의 4·5·6·7·8·9 번이 맞았다. 번호는 단조라 그 점이 맞으면 못 본 구간 4~36 전체의 밀림이 없다,구간확정(미검증)
ORIGINAL,36,,사용자 확인(대부분 8/14 영상 눈판독) — ORIGINAL 의 4·5·6·7·8·9 번이 맞았다. 번호는 단조라 그 점이 맞으면 못 본 구간 4~36 전체의 밀림이 없다,구간확정(미검증)
ORIGINAL,38,,사용자 확인(대부분 8/14 영상 눈판독) — ORIGINAL 의 43·44·45·46·47·48 외 11 번이 맞았다. 번호는 단조라 그 점이 맞으면 못 본 구간 38~73 전체의 밀림이 없다,구간확정(미검증)
ORIGINAL,39,,사용자 확인(대부분 8/14 영상 눈판독) — ORIGINAL 의 43·44·45·46·47·48 외 11 번이 맞았다. 번호는 단조라 그 점이 맞으면 못 본 구간 38~73 전체의 밀림이 없다,구간확정(미검증)
ORIGINAL,40,,사용자 확인(대부분 8/14 영상 눈판독) — ORIGINAL 의 43·44·45·46·47·48 외 11 번이 맞았다. 번호는 단조라 그 점이 맞으면 못 본 구간 38~73 전체의 밀림이 없다,구간확정(미검증)
ORIGINAL,41,,사용자 확인(대부분 8/14 영상 눈판독) — ORIGINAL 의 43·44·45·46·47·48 외 11 번이 맞았다. 번호는 단조라 그 점이 맞으면 못 본 구간 38~73 전체의 밀림이 없다,구간확정(미검증)
ORIGINAL,42,,사용자 확인(대부분 8/14 영상 눈판독) — ORIGINAL 의 43·44·45·46·47·48 외 11 번이 맞았다. 번호는 단조라 그 점이 맞으면 못 본 구간 38~73 전체의 밀림이 없다,구간확정(미검증)
ORIGINAL,43,,사용자 확인(대부분 8/14 영상 눈판독) — ORIGINAL 의 43·44·45·46·47·48 외 11 번이 맞았다. 번호는 단조라 그 점이 맞으면 못 본 구간 38~73 전체의 밀림이 없다,구간확정(미검증)
ORIGINAL,44,,사용자 확인(대부분 8/14 영상 눈판독) — ORIGINAL 의 43·44·45·46·47·48 외 11 번이 맞았다. 번호는 단조라 그 점이 맞으면 못 본 구간 38~73 전체의 밀림이 없다,구간확정(미검증)
ORIGINAL,45,,사용자 확인(대부분 8/14 영상 눈판독) — ORIGINAL 의 43·44·45·46·47·48 외 11 번이 맞았다. 번호는 단조라 그 점이 맞으면 못 본 구간 38~73 전체의 밀림이 없다,구간확정(미검증)
ORIGINAL,46,,사용자 확인(대부분 8/14 영상 눈판독) — ORIGINAL 의 43·44·45·46·47·48 외 11 번이 맞았다. 번호는 단조라 그 점이 맞으면 못 본 구간 38~73 전체의 밀림이 없다,구간확정(미검증)
ORIGINAL,47,,사용자 확인(대부분 8/14 영상 눈판독) — ORIGINAL 의 43·44·45·46·47·48 외 11 번이 맞았다. 번호는 단조라 그 점이 맞으면 못 본 구간 38~73 전체의 밀림이 없다,구간확정(미검증)
ORIGINAL,48,,사용자 확인(대부분 8/14 영상 눈판독) — ORIGINAL 의 43·44·45·46·47·48 외 11 번이 맞았다. 번호는 단조라 그 점이 맞으면 못 본 구간 38~73 전체의 밀림이 없다,구간확정(미검증)
ORIGINAL,49,,사용자 확인(대부분 8/14 영상 눈판독) — ORIGINAL 의 43·44·45·46·47·48 외 11 번이 맞았다. 번호는 단조라 그 점이 맞으면 못 본 구간 38~73 전체의 밀림이 없다,구간확정(미검증)
ORIGINAL,50,,사용자 확인(대부분 8/14 영상 눈판독) — ORIGINAL 의 43·44·45·46·47·48 외 11 번이 맞았다. 번호는 단조라 그 점이 맞으면 못 본 구간 38~73 전체의 밀림이 없다,구간확정(미검증)
ORIGINAL,51,,사용자 확인(대부분 8/14 영상 눈판독) — ORIGINAL 의 43·44·45·46·47·48 외 11 번이 맞았다. 번호는 단조라 그 점이 맞으면 못 본 구간 38~73 전체의 밀림이 없다,구간확정(미검증)
ORIGINAL,52,,사용자 확인(대부분 8/14 영상 눈판독) — ORIGINAL 의 43·44·45·46·47·48 외 11 번이 맞았다. 번호는 단조라 그 점이 맞으면 못 본 구간 38~73 전체의 밀림이 없다,구간확정(미검증)
ORIGINAL,53,,사용자 확인(대부분 8/14 영상 눈판독) — ORIGINAL 의 43·44·45·46·47·48 외 11 번이 맞았다. 번호는 단조라 그 점이 맞으면 못 본 구간 38~73 전체의 밀림이 없다,구간확정(미검증)
ORIGINAL,54,,사용자 확인(대부분 8/14 영상 눈판독) — ORIGINAL 의 43·44·45·46·47·48 외 11 번이 맞았다. 번호는 단조라 그 점이 맞으면 못 본 구간 38~73 전체의 밀림이 없다,구간확정(미검증)
ORIGINAL,55,,사용자 확인(대부분 8/14 영상 눈판독) — ORIGINAL 의 43·44·45·46·47·48 외 11 번이 맞았다. 번호는 단조라 그 점이 맞으면 못 본 구간 38~73 전체의 밀림이 없다,구간확정(미검증)
ORIGINAL,56,,사용자 확인(대부분 8/14 영상 눈판독) — ORIGINAL 의 43·44·45·46·47·48 외 11 번이 맞았다. 번호는 단조라 그 점이 맞으면 못 본 구간 38~73 전체의 밀림이 없다,구간확정(미검증)
ORIGINAL,57,,사용자 확인(대부분 8/14 영상 눈판독) — ORIGINAL 의 43·44·45·46·47·48 외 11 번이 맞았다. 번호는 단조라 그 점이 맞으면 못 본 구간 38~73 전체의 밀림이 없다,구간확정(미검증)
ORIGINAL,58,,사용자 확인(대부분 8/14 영상 눈판독) — ORIGINAL 의 43·44·45·46·47·48 외 11 번이 맞았다. 번호는 단조라 그 점이 맞으면 못 본 구간 38~73 전체의 밀림이 없다,구간확정(미검증)
ORIGINAL,59,,사용자 확인(대부분 8/14 영상 눈판독) — ORIGINAL 의 43·44·45·46·47·48 외 11 번이 맞았다. 번호는 단조라 그 점이 맞으면 못 본 구간 38~73 전체의 밀림이 없다,구간확정(미검증)
ORIGINAL,60,,사용자 확인(대부분 8/14 영상 눈판독) — ORIGINAL 의 43·44·45·46·47·48 외 11 번이 맞았다. 번호는 단조라 그 점이 맞으면 못 본 구간 38~73 전체의 밀림이 없다,구간확정(미검증)
ORIGINAL,61,,사용자 확인(대부분 8/14 영상 눈판독) — ORIGINAL 의 43·44·45·46·47·48 외 11 번이 맞았다. 번호는 단조라 그 점이 맞으면 못 본 구간 38~73 전체의 밀림이 없다,구간확정(미검증)
ORIGINAL,62,,사용자 확인(대부분 8/14 영상 눈판독) — ORIGINAL 의 43·44·45·46·47·48 외 11 번이 맞았다. 번호는 단조라 그 점이 맞으면 못 본 구간 38~73 전체의 밀림이 없다,구간확정(미검증)
ORIGINAL,63,,사용자 확인(대부분 8/14 영상 눈판독) — ORIGINAL 의 43·44·45·46·47·48 외 11 번이 맞았다. 번호는 단조라 그 점이 맞으면 못 본 구간 38~73 전체의 밀림이 없다,구간확정(미검증)
ORIGINAL,64,,사용자 확인(대부분 8/14 영상 눈판독) — ORIGINAL 의 43·44·45·46·47·48 외 11 번이 맞았다. 번호는 단조라 그 점이 맞으면 못 본 구간 38~73 전체의 밀림이 없다,구간확정(미검증)
ORIGINAL,65,,사용자 확인(대부분 8/14 영상 눈판독) — ORIGINAL 의 43·44·45·46·47·48 외 11 번이 맞았다. 번호는 단조라 그 점이 맞으면 못 본 구간 38~73 전체의 밀림이 없다,구간확정(미검증)
ORIGINAL,66,,사용자 확인(대부분 8/14 영상 눈판독) — ORIGINAL 의 43·44·45·46·47·48 외 11 번이 맞았다. 번호는 단조라 그 점이 맞으면 못 본 구간 38~73 전체의 밀림이 없다,구간확정(미검증)
ORIGINAL,67,,사용자 확인(대부분 8/14 영상 눈판독) — ORIGINAL 의 43·44·45·46·47·48 외 11 번이 맞았다. 번호는 단조라 그 점이 맞으면 못 본 구간 38~73 전체의 밀림이 없다,구간확정(미검증)
ORIGINAL,68,,사용자 확인(대부분 8/14 영상 눈판독) — ORIGINAL 의 43·44·45·46·47·48 외 11 번이 맞았다. 번호는 단조라 그 점이 맞으면 못 본 구간 38~73 전체의 밀림이 없다,구간확정(미검증)
ORIGINAL,69,,사용자 확인(대부분 8/14 영상 눈판독) — ORIGINAL 의 43·44·45·46·47·48 외 11 번이 맞았다. 번호는 단조라 그 점이 맞으면 못 본 구간 38~73 전체의 밀림이 없다,구간확정(미검증)
ORIGINAL,70,,사용자 확인(대부분 8/14 영상 눈판독) — ORIGINAL 의 43·44·45·46·47·48 외 11 번이 맞았다. 번호는 단조라 그 점이 맞으면 못 본 구간 38~73 전체의 밀림이 없다,구간확정(미검증)
ORIGINAL,71,,사용자 확인(대부분 8/14 영상 눈판독) — ORIGINAL 의 43·44·45·46·47·48 외 11 번이 맞았다. 번호는 단조라 그 점이 맞으면 못 본 구간 38~73 전체의 밀림이 없다,구간확정(미검증)
ORIGINAL,72,,사용자 확인(대부분 8/14 영상 눈판독) — ORIGINAL 의 43·44·45·46·47·48 외 11 번이 맞았다. 번호는 단조라 그 점이 맞으면 못 본 구간 38~73 전체의 밀림이 없다,구간확정(미검증)
ORIGINAL,73,,사용자 확인(대부분 8/14 영상 눈판독) — ORIGINAL 의 43·44·45·46·47·48 외 11 번이 맞았다. 번호는 단조라 그 점이 맞으면 못 본 구간 38~73 전체의 밀림이 없다,구간확정(미검증)
ORIGINAL,75,,사용자 확인(대부분 8/14 영상 눈판독) — ORIGINAL 의 75·76·77·78·79·109 외 2 번이 맞았다. 번호는 단조라 그 점이 맞으면 못 본 구간 75~111 전체의 밀림이 없다,구간확정(미검증)
ORIGINAL,76,,사용자 확인(대부분 8/14 영상 눈판독) — ORIGINAL 의 75·76·77·78·79·109 외 2 번이 맞았다. 번호는 단조라 그 점이 맞으면 못 본 구간 75~111 전체의 밀림이 없다,구간확정(미검증)
ORIGINAL,77,,사용자 확인(대부분 8/14 영상 눈판독) — ORIGINAL 의 75·76·77·78·79·109 외 2 번이 맞았다. 번호는 단조라 그 점이 맞으면 못 본 구간 75~111 전체의 밀림이 없다,구간확정(미검증)
ORIGINAL,78,,사용자 확인(대부분 8/14 영상 눈판독) — ORIGINAL 의 75·76·77·78·79·109 외 2 번이 맞았다. 번호는 단조라 그 점이 맞으면 못 본 구간 75~111 전체의 밀림이 없다,구간확정(미검증)
ORIGINAL,79,,사용자 확인(대부분 8/14 영상 눈판독) — ORIGINAL 의 75·76·77·78·79·109 외 2 번이 맞았다. 번호는 단조라 그 점이 맞으면 못 본 구간 75~111 전체의 밀림이 없다,구간확정(미검증)
ORIGINAL,80,,사용자 확인(대부분 8/14 영상 눈판독) — ORIGINAL 의 75·76·77·78·79·109 외 2 번이 맞았다. 번호는 단조라 그 점이 맞으면 못 본 구간 75~111 전체의 밀림이 없다,구간확정(미검증)
ORIGINAL,81,,사용자 확인(대부분 8/14 영상 눈판독) — ORIGINAL 의 75·76·77·78·79·109 외 2 번이 맞았다. 번호는 단조라 그 점이 맞으면 못 본 구간 75~111 전체의 밀림이 없다,구간확정(미검증)
ORIGINAL,82,,사용자 확인(대부분 8/14 영상 눈판독) — ORIGINAL 의 75·76·77·78·79·109 외 2 번이 맞았다. 번호는 단조라 그 점이 맞으면 못 본 구간 75~111 전체의 밀림이 없다,구간확정(미검증)
ORIGINAL,83,,사용자 확인(대부분 8/14 영상 눈판독) — ORIGINAL 의 75·76·77·78·79·109 외 2 번이 맞았다. 번호는 단조라 그 점이 맞으면 못 본 구간 75~111 전체의 밀림이 없다,구간확정(미검증)
ORIGINAL,84,,사용자 확인(대부분 8/14 영상 눈판독) — ORIGINAL 의 75·76·77·78·79·109 외 2 번이 맞았다. 번호는 단조라 그 점이 맞으면 못 본 구간 75~111 전체의 밀림이 없다,구간확정(미검증)
ORIGINAL,85,,사용자 확인(대부분 8/14 영상 눈판독) — ORIGINAL 의 75·76·77·78·79·109 외 2 번이 맞았다. 번호는 단조라 그 점이 맞으면 못 본 구간 75~111 전체의 밀림이 없다,구간확정(미검증)
ORIGINAL,86,,사용자 확인(대부분 8/14 영상 눈판독) — ORIGINAL 의 75·76·77·78·79·109 외 2 번이 맞았다. 번호는 단조라 그 점이 맞으면 못 본 구간 75~111 전체의 밀림이 없다,구간확정(미검증)
ORIGINAL,87,,사용자 확인(대부분 8/14 영상 눈판독) — ORIGINAL 의 75·76·77·78·79·109 외 2 번이 맞았다. 번호는 단조라 그 점이 맞으면 못 본 구간 75~111 전체의 밀림이 없다,구간확정(미검증)
ORIGINAL,88,,사용자 확인(대부분 8/14 영상 눈판독) — ORIGINAL 의 75·76·77·78·79·109 외 2 번이 맞았다. 번호는 단조라 그 점이 맞으면 못 본 구간 75~111 전체의 밀림이 없다,구간확정(미검증)
ORIGINAL,89,,사용자 확인(대부분 8/14 영상 눈판독) — ORIGINAL 의 75·76·77·78·79·109 외 2 번이 맞았다. 번호는 단조라 그 점이 맞으면 못 본 구간 75~111 전체의 밀림이 없다,구간확정(미검증)
ORIGINAL,90,,사용자 확인(대부분 8/14 영상 눈판독) — ORIGINAL 의 75·76·77·78·79·109 외 2 번이 맞았다. 번호는 단조라 그 점이 맞으면 못 본 구간 75~111 전체의 밀림이 없다,구간확정(미검증)
ORIGINAL,91,,사용자 확인(대부분 8/14 영상 눈판독) — ORIGINAL 의 75·76·77·78·79·109 외 2 번이 맞았다. 번호는 단조라 그 점이 맞으면 못 본 구간 75~111 전체의 밀림이 없다,구간확정(미검증)
ORIGINAL,92,,사용자 확인(대부분 8/14 영상 눈판독) — ORIGINAL 의 75·76·77·78·79·109 외 2 번이 맞았다. 번호는 단조라 그 점이 맞으면 못 본 구간 75~111 전체의 밀림이 없다,구간확정(미검증)
ORIGINAL,93,,사용자 확인(대부분 8/14 영상 눈판독) — ORIGINAL 의 75·76·77·78·79·109 외 2 번이 맞았다. 번호는 단조라 그 점이 맞으면 못 본 구간 75~111 전체의 밀림이 없다,구간확정(미검증)
ORIGINAL,94,,사용자 확인(대부분 8/14 영상 눈판독) — ORIGINAL 의 75·76·77·78·79·109 외 2 번이 맞았다. 번호는 단조라 그 점이 맞으면 못 본 구간 75~111 전체의 밀림이 없다,구간확정(미검증)
ORIGINAL,95,,사용자 확인(대부분 8/14 영상 눈판독) — ORIGINAL 의 75·76·77·78·79·109 외 2 번이 맞았다. 번호는 단조라 그 점이 맞으면 못 본 구간 75~111 전체의 밀림이 없다,구간확정(미검증)
ORIGINAL,96,,사용자 확인(대부분 8/14 영상 눈판독) — ORIGINAL 의 75·76·77·78·79·109 외 2 번이 맞았다. 번호는 단조라 그 점이 맞으면 못 본 구간 75~111 전체의 밀림이 없다,구간확정(미검증)
ORIGINAL,97,,사용자 확인(대부분 8/14 영상 눈판독) — ORIGINAL 의 75·76·77·78·79·109 외 2 번이 맞았다. 번호는 단조라 그 점이 맞으면 못 본 구간 75~111 전체의 밀림이 없다,구간확정(미검증)
ORIGINAL,98,,사용자 확인(대부분 8/14 영상 눈판독) — ORIGINAL 의 75·76·77·78·79·109 외 2 번이 맞았다. 번호는 단조라 그 점이 맞으면 못 본 구간 75~111 전체의 밀림이 없다,구간확정(미검증)
ORIGINAL,99,,사용자 확인(대부분 8/14 영상 눈판독) — ORIGINAL 의 75·76·77·78·79·109 외 2 번이 맞았다. 번호는 단조라 그 점이 맞으면 못 본 구간 75~111 전체의 밀림이 없다,구간확정(미검증)
ORIGINAL,100,,사용자 확인(대부분 8/14 영상 눈판독) — ORIGINAL 의 75·76·77·78·79·109 외 2 번이 맞았다. 번호는 단조라 그 점이 맞으면 못 본 구간 75~111 전체의 밀림이 없다,구간확정(미검증)
ORIGINAL,101,,사용자 확인(대부분 8/14 영상 눈판독) — ORIGINAL 의 75·76·77·78·79·109 외 2 번이 맞았다. 번호는 단조라 그 점이 맞으면 못 본 구간 75~111 전체의 밀림이 없다,구간확정(미검증)
ORIGINAL,102,,사용자 확인(대부분 8/14 영상 눈판독) — ORIGINAL 의 75·76·77·78·79·109 외 2 번이 맞았다. 번호는 단조라 그 점이 맞으면 못 본 구간 75~111 전체의 밀림이 없다,구간확정(미검증)
ORIGINAL,103,,사용자 확인(대부분 8/14 영상 눈판독) — ORIGINAL 의 75·76·77·78·79·109 외 2 번이 맞았다. 번호는 단조라 그 점이 맞으면 못 본 구간 75~111 전체의 밀림이 없다,구간확정(미검증)
ORIGINAL,104,,사용자 확인(대부분 8/14 영상 눈판독) — ORIGINAL 의 75·76·77·78·79·109 외 2 번이 맞았다. 번호는 단조라 그 점이 맞으면 못 본 구간 75~111 전체의 밀림이 없다,구간확정(미검증)
ORIGINAL,105,,사용자 확인(대부분 8/14 영상 눈판독) — ORIGINAL 의 75·76·77·78·79·109 외 2 번이 맞았다. 번호는 단조라 그 점이 맞으면 못 본 구간 75~111 전체의 밀림이 없다,구간확정(미검증)
ORIGINAL,106,,사용자 확인(대부분 8/14 영상 눈판독) — ORIGINAL 의 75·76·77·78·79·109 외 2 번이 맞았다. 번호는 단조라 그 점이 맞으면 못 본 구간 75~111 전체의 밀림이 없다,구간확정(미검증)
ORIGINAL,107,,사용자 확인(대부분 8/14 영상 눈판독) — ORIGINAL 의 75·76·77·78·79·109 외 2 번이 맞았다. 번호는 단조라 그 점이 맞으면 못 본 구간 75~111 전체의 밀림이 없다,구간확정(미검증)
ORIGINAL,108,,사용자 확인(대부분 8/14 영상 눈판독) — ORIGINAL 의 75·76·77·78·79·109 외 2 번이 맞았다. 번호는 단조라 그 점이 맞으면 못 본 구간 75~111 전체의 밀림이 없다,구간확정(미검증)
ORIGINAL,109,,사용자 확인(대부분 8/14 영상 눈판독) — ORIGINAL 의 75·76·77·78·79·109 외 2 번이 맞았다. 번호는 단조라 그 점이 맞으면 못 본 구간 75~111 전체의 밀림이 없다,구간확정(미검증)
ORIGINAL,110,,사용자 확인(대부분 8/14 영상 눈판독) — ORIGINAL 의 75·76·77·78·79·109 외 2 번이 맞았다. 번호는 단조라 그 점이 맞으면 못 본 구간 75~111 전체의 밀림이 없다,구간확정(미검증)
ORIGINAL,111,,사용자 확인(대부분 8/14 영상 눈판독) — ORIGINAL 의 75·76·77·78·79·109 외 2 번이 맞았다. 번호는 단조라 그 점이 맞으면 못 본 구간 75~111 전체의 밀림이 없다,구간확정(미검증)
ORIGINAL,113,,사용자 확인(대부분 8/14 영상 눈판독) — ORIGINAL 의 113·114·115·116·117·118 외 42 번이 맞았다. 번호는 단조라 그 점이 맞으면 못 본 구간 113~260 전체의 밀림이 없다,구간확정(미검증)
ORIGINAL,114,,사용자 확인(대부분 8/14 영상 눈판독) — ORIGINAL 의 113·114·115·116·117·118 외 42 번이 맞았다. 번호는 단조라 그 점이 맞으면 못 본 구간 113~260 전체의 밀림이 없다,구간확정(미검증)
ORIGINAL,115,,사용자 확인(대부분 8/14 영상 눈판독) — ORIGINAL 의 113·114·115·116·117·118 외 42 번이 맞았다. 번호는 단조라 그 점이 맞으면 못 본 구간 113~260 전체의 밀림이 없다,구간확정(미검증)
ORIGINAL,116,,사용자 확인(대부분 8/14 영상 눈판독) — ORIGINAL 의 113·114·115·116·117·118 외 42 번이 맞았다. 번호는 단조라 그 점이 맞으면 못 본 구간 113~260 전체의 밀림이 없다,구간확정(미검증)
ORIGINAL,117,,사용자 확인(대부분 8/14 영상 눈판독) — ORIGINAL 의 113·114·115·116·117·118 외 42 번이 맞았다. 번호는 단조라 그 점이 맞으면 못 본 구간 113~260 전체의 밀림이 없다,구간확정(미검증)
ORIGINAL,118,,사용자 확인(대부분 8/14 영상 눈판독) — ORIGINAL 의 113·114·115·116·117·118 외 42 번이 맞았다. 번호는 단조라 그 점이 맞으면 못 본 구간 113~260 전체의 밀림이 없다,구간확정(미검증)
ORIGINAL,119,,사용자 확인(대부분 8/14 영상 눈판독) — ORIGINAL 의 113·114·115·116·117·118 외 42 번이 맞았다. 번호는 단조라 그 점이 맞으면 못 본 구간 113~260 전체의 밀림이 없다,구간확정(미검증)
ORIGINAL,120,,사용자 확인(대부분 8/14 영상 눈판독) — ORIGINAL 의 113·114·115·116·117·118 외 42 번이 맞았다. 번호는 단조라 그 점이 맞으면 못 본 구간 113~260 전체의 밀림이 없다,구간확정(미검증)
ORIGINAL,121,,사용자 확인(대부분 8/14 영상 눈판독) — ORIGINAL 의 113·114·115·116·117·118 외 42 번이 맞았다. 번호는 단조라 그 점이 맞으면 못 본 구간 113~260 전체의 밀림이 없다,구간확정(미검증)
ORIGINAL,122,,사용자 확인(대부분 8/14 영상 눈판독) — ORIGINAL 의 113·114·115·116·117·118 외 42 번이 맞았다. 번호는 단조라 그 점이 맞으면 못 본 구간 113~260 전체의 밀림이 없다,구간확정(미검증)
ORIGINAL,123,,사용자 확인(대부분 8/14 영상 눈판독) — ORIGINAL 의 113·114·115·116·117·118 외 42 번이 맞았다. 번호는 단조라 그 점이 맞으면 못 본 구간 113~260 전체의 밀림이 없다,구간확정(미검증)
ORIGINAL,124,,사용자 확인(대부분 8/14 영상 눈판독) — ORIGINAL 의 113·114·115·116·117·118 외 42 번이 맞았다. 번호는 단조라 그 점이 맞으면 못 본 구간 113~260 전체의 밀림이 없다,구간확정(미검증)
ORIGINAL,125,,사용자 확인(대부분 8/14 영상 눈판독) — ORIGINAL 의 113·114·115·116·117·118 외 42 번이 맞았다. 번호는 단조라 그 점이 맞으면 못 본 구간 113~260 전체의 밀림이 없다,구간확정(미검증)
ORIGINAL,126,,사용자 확인(대부분 8/14 영상 눈판독) — ORIGINAL 의 113·114·115·116·117·118 외 42 번이 맞았다. 번호는 단조라 그 점이 맞으면 못 본 구간 113~260 전체의 밀림이 없다,구간확정(미검증)
ORIGINAL,127,,사용자 확인(대부분 8/14 영상 눈판독) — ORIGINAL 의 113·114·115·116·117·118 외 42 번이 맞았다. 번호는 단조라 그 점이 맞으면 못 본 구간 113~260 전체의 밀림이 없다,구간확정(미검증)
ORIGINAL,128,,사용자 확인(대부분 8/14 영상 눈판독) — ORIGINAL 의 113·114·115·116·117·118 외 42 번이 맞았다. 번호는 단조라 그 점이 맞으면 못 본 구간 113~260 전체의 밀림이 없다,구간확정(미검증)
ORIGINAL,129,,사용자 확인(대부분 8/14 영상 눈판독) — ORIGINAL 의 113·114·115·116·117·118 외 42 번이 맞았다. 번호는 단조라 그 점이 맞으면 못 본 구간 113~260 전체의 밀림이 없다,구간확정(미검증)
ORIGINAL,130,,사용자 확인(대부분 8/14 영상 눈판독) — ORIGINAL 의 113·114·115·116·117·118 외 42 번이 맞았다. 번호는 단조라 그 점이 맞으면 못 본 구간 113~260 전체의 밀림이 없다,구간확정(미검증)
ORIGINAL,131,,사용자 확인(대부분 8/14 영상 눈판독) — ORIGINAL 의 113·114·115·116·117·118 외 42 번이 맞았다. 번호는 단조라 그 점이 맞으면 못 본 구간 113~260 전체의 밀림이 없다,구간확정(미검증)
ORIGINAL,132,,사용자 확인(대부분 8/14 영상 눈판독) — ORIGINAL 의 113·114·115·116·117·118 외 42 번이 맞았다. 번호는 단조라 그 점이 맞으면 못 본 구간 113~260 전체의 밀림이 없다,구간확정(미검증)
ORIGINAL,133,,사용자 확인(대부분 8/14 영상 눈판독) — ORIGINAL 의 113·114·115·116·117·118 외 42 번이 맞았다. 번호는 단조라 그 점이 맞으면 못 본 구간 113~260 전체의 밀림이 없다,구간확정(미검증)
ORIGINAL,134,,사용자 확인(대부분 8/14 영상 눈판독) — ORIGINAL 의 113·114·115·116·117·118 외 42 번이 맞았다. 번호는 단조라 그 점이 맞으면 못 본 구간 113~260 전체의 밀림이 없다,구간확정(미검증)
ORIGINAL,135,,사용자 확인(대부분 8/14 영상 눈판독) — ORIGINAL 의 113·114·115·116·117·118 외 42 번이 맞았다. 번호는 단조라 그 점이 맞으면 못 본 구간 113~260 전체의 밀림이 없다,구간확정(미검증)
ORIGINAL,136,,사용자 확인(대부분 8/14 영상 눈판독) — ORIGINAL 의 113·114·115·116·117·118 외 42 번이 맞았다. 번호는 단조라 그 점이 맞으면 못 본 구간 113~260 전체의 밀림이 없다,구간확정(미검증)
ORIGINAL,137,,사용자 확인(대부분 8/14 영상 눈판독) — ORIGINAL 의 113·114·115·116·117·118 외 42 번이 맞았다. 번호는 단조라 그 점이 맞으면 못 본 구간 113~260 전체의 밀림이 없다,구간확정(미검증)
ORIGINAL,138,,사용자 확인(대부분 8/14 영상 눈판독) — ORIGINAL 의 113·114·115·116·117·118 외 42 번이 맞았다. 번호는 단조라 그 점이 맞으면 못 본 구간 113~260 전체의 밀림이 없다,구간확정(미검증)
ORIGINAL,139,,사용자 확인(대부분 8/14 영상 눈판독) — ORIGINAL 의 113·114·115·116·117·118 외 42 번이 맞았다. 번호는 단조라 그 점이 맞으면 못 본 구간 113~260 전체의 밀림이 없다,구간확정(미검증)
ORIGINAL,140,,사용자 확인(대부분 8/14 영상 눈판독) — ORIGINAL 의 113·114·115·116·117·118 외 42 번이 맞았다. 번호는 단조라 그 점이 맞으면 못 본 구간 113~260 전체의 밀림이 없다,구간확정(미검증)
ORIGINAL,141,,사용자 확인(대부분 8/14 영상 눈판독) — ORIGINAL 의 113·114·115·116·117·118 외 42 번이 맞았다. 번호는 단조라 그 점이 맞으면 못 본 구간 113~260 전체의 밀림이 없다,구간확정(미검증)
ORIGINAL,142,,사용자 확인(대부분 8/14 영상 눈판독) — ORIGINAL 의 113·114·115·116·117·118 외 42 번이 맞았다. 번호는 단조라 그 점이 맞으면 못 본 구간 113~260 전체의 밀림이 없다,구간확정(미검증)
ORIGINAL,143,,사용자 확인(대부분 8/14 영상 눈판독) — ORIGINAL 의 113·114·115·116·117·118 외 42 번이 맞았다. 번호는 단조라 그 점이 맞으면 못 본 구간 113~260 전체의 밀림이 없다,구간확정(미검증)
ORIGINAL,144,,사용자 확인(대부분 8/14 영상 눈판독) — ORIGINAL 의 113·114·115·116·117·118 외 42 번이 맞았다. 번호는 단조라 그 점이 맞으면 못 본 구간 113~260 전체의 밀림이 없다,구간확정(미검증)
ORIGINAL,145,,사용자 확인(대부분 8/14 영상 눈판독) — ORIGINAL 의 113·114·115·116·117·118 외 42 번이 맞았다. 번호는 단조라 그 점이 맞으면 못 본 구간 113~260 전체의 밀림이 없다,구간확정(미검증)
ORIGINAL,146,,사용자 확인(대부분 8/14 영상 눈판독) — ORIGINAL 의 113·114·115·116·117·118 외 42 번이 맞았다. 번호는 단조라 그 점이 맞으면 못 본 구간 113~260 전체의 밀림이 없다,구간확정(미검증)
ORIGINAL,147,,사용자 확인(대부분 8/14 영상 눈판독) — ORIGINAL 의 113·114·115·116·117·118 외 42 번이 맞았다. 번호는 단조라 그 점이 맞으면 못 본 구간 113~260 전체의 밀림이 없다,구간확정(미검증)
ORIGINAL,148,,사용자 확인(대부분 8/14 영상 눈판독) — ORIGINAL 의 113·114·115·116·117·118 외 42 번이 맞았다. 번호는 단조라 그 점이 맞으면 못 본 구간 113~260 전체의 밀림이 없다,구간확정(미검증)
ORIGINAL,149,,사용자 확인(대부분 8/14 영상 눈판독) — ORIGINAL 의 113·114·115·116·117·118 외 42 번이 맞았다. 번호는 단조라 그 점이 맞으면 못 본 구간 113~260 전체의 밀림이 없다,구간확정(미검증)
ORIGINAL,150,,사용자 확인(대부분 8/14 영상 눈판독) — ORIGINAL 의 113·114·115·116·117·118 외 42 번이 맞았다. 번호는 단조라 그 점이 맞으면 못 본 구간 113~260 전체의 밀림이 없다,구간확정(미검증)
ORIGINAL,151,,사용자 확인(대부분 8/14 영상 눈판독) — ORIGINAL 의 113·114·115·116·117·118 외 42 번이 맞았다. 번호는 단조라 그 점이 맞으면 못 본 구간 113~260 전체의 밀림이 없다,구간확정(미검증)
ORIGINAL,152,,사용자 확인(대부분 8/14 영상 눈판독) — ORIGINAL 의 113·114·115·116·117·118 외 42 번이 맞았다. 번호는 단조라 그 점이 맞으면 못 본 구간 113~260 전체의 밀림이 없다,구간확정(미검증)
ORIGINAL,153,,사용자 확인(대부분 8/14 영상 눈판독) — ORIGINAL 의 113·114·115·116·117·118 외 42 번이 맞았다. 번호는 단조라 그 점이 맞으면 못 본 구간 113~260 전체의 밀림이 없다,구간확정(미검증)
ORIGINAL,154,,사용자 확인(대부분 8/14 영상 눈판독) — ORIGINAL 의 113·114·115·116·117·118 외 42 번이 맞았다. 번호는 단조라 그 점이 맞으면 못 본 구간 113~260 전체의 밀림이 없다,구간확정(미검증)
ORIGINAL,155,,사용자 확인(대부분 8/14 영상 눈판독) — ORIGINAL 의 113·114·115·116·117·118 외 42 번이 맞았다. 번호는 단조라 그 점이 맞으면 못 본 구간 113~260 전체의 밀림이 없다,구간확정(미검증)
ORIGINAL,156,,사용자 확인(대부분 8/14 영상 눈판독) — ORIGINAL 의 113·114·115·116·117·118 외 42 번이 맞았다. 번호는 단조라 그 점이 맞으면 못 본 구간 113~260 전체의 밀림이 없다,구간확정(미검증)
ORIGINAL,157,,사용자 확인(대부분 8/14 영상 눈판독) — ORIGINAL 의 113·114·115·116·117·118 외 42 번이 맞았다. 번호는 단조라 그 점이 맞으면 못 본 구간 113~260 전체의 밀림이 없다,구간확정(미검증)
ORIGINAL,158,,사용자 확인(대부분 8/14 영상 눈판독) — ORIGINAL 의 113·114·115·116·117·118 외 42 번이 맞았다. 번호는 단조라 그 점이 맞으면 못 본 구간 113~260 전체의 밀림이 없다,구간확정(미검증)
ORIGINAL,159,,사용자 확인(대부분 8/14 영상 눈판독) — ORIGINAL 의 113·114·115·116·117·118 외 42 번이 맞았다. 번호는 단조라 그 점이 맞으면 못 본 구간 113~260 전체의 밀림이 없다,구간확정(미검증)
ORIGINAL,160,,사용자 확인(대부분 8/14 영상 눈판독) — ORIGINAL 의 113·114·115·116·117·118 외 42 번이 맞았다. 번호는 단조라 그 점이 맞으면 못 본 구간 113~260 전체의 밀림이 없다,구간확정(미검증)
ORIGINAL,161,,사용자 확인(대부분 8/14 영상 눈판독) — ORIGINAL 의 113·114·115·116·117·118 외 42 번이 맞았다. 번호는 단조라 그 점이 맞으면 못 본 구간 113~260 전체의 밀림이 없다,구간확정(미검증)
ORIGINAL,162,,사용자 확인(대부분 8/14 영상 눈판독) — ORIGINAL 의 113·114·115·116·117·118 외 42 번이 맞았다. 번호는 단조라 그 점이 맞으면 못 본 구간 113~260 전체의 밀림이 없다,구간확정(미검증)
ORIGINAL,163,,사용자 확인(대부분 8/14 영상 눈판독) — ORIGINAL 의 113·114·115·116·117·118 외 42 번이 맞았다. 번호는 단조라 그 점이 맞으면 못 본 구간 113~260 전체의 밀림이 없다,구간확정(미검증)
ORIGINAL,164,,사용자 확인(대부분 8/14 영상 눈판독) — ORIGINAL 의 113·114·115·116·117·118 외 42 번이 맞았다. 번호는 단조라 그 점이 맞으면 못 본 구간 113~260 전체의 밀림이 없다,구간확정(미검증)
ORIGINAL,165,,사용자 확인(대부분 8/14 영상 눈판독) — ORIGINAL 의 113·114·115·116·117·118 외 42 번이 맞았다. 번호는 단조라 그 점이 맞으면 못 본 구간 113~260 전체의 밀림이 없다,구간확정(미검증)
ORIGINAL,166,,사용자 확인(대부분 8/14 영상 눈판독) — ORIGINAL 의 113·114·115·116·117·118 외 42 번이 맞았다. 번호는 단조라 그 점이 맞으면 못 본 구간 113~260 전체의 밀림이 없다,구간확정(미검증)
ORIGINAL,167,,사용자 확인(대부분 8/14 영상 눈판독) — ORIGINAL 의 113·114·115·116·117·118 외 42 번이 맞았다. 번호는 단조라 그 점이 맞으면 못 본 구간 113~260 전체의 밀림이 없다,구간확정(미검증)
ORIGINAL,168,,사용자 확인(대부분 8/14 영상 눈판독) — ORIGINAL 의 113·114·115·116·117·118 외 42 번이 맞았다. 번호는 단조라 그 점이 맞으면 못 본 구간 113~260 전체의 밀림이 없다,구간확정(미검증)
ORIGINAL,169,,사용자 확인(대부분 8/14 영상 눈판독) — ORIGINAL 의 113·114·115·116·117·118 외 42 번이 맞았다. 번호는 단조라 그 점이 맞으면 못 본 구간 113~260 전체의 밀림이 없다,구간확정(미검증)
ORIGINAL,170,,사용자 확인(대부분 8/14 영상 눈판독) — ORIGINAL 의 113·114·115·116·117·118 외 42 번이 맞았다. 번호는 단조라 그 점이 맞으면 못 본 구간 113~260 전체의 밀림이 없다,구간확정(미검증)
ORIGINAL,171,,사용자 확인(대부분 8/14 영상 눈판독) — ORIGINAL 의 113·114·115·116·117·118 외 42 번이 맞았다. 번호는 단조라 그 점이 맞으면 못 본 구간 113~260 전체의 밀림이 없다,구간확정(미검증)
ORIGINAL,172,,사용자 확인(대부분 8/14 영상 눈판독) — ORIGINAL 의 113·114·115·116·117·118 외 42 번이 맞았다. 번호는 단조라 그 점이 맞으면 못 본 구간 113~260 전체의 밀림이 없다,구간확정(미검증)
ORIGINAL,173,,사용자 확인(대부분 8/14 영상 눈판독) — ORIGINAL 의 113·114·115·116·117·118 외 42 번이 맞았다. 번호는 단조라 그 점이 맞으면 못 본 구간 113~260 전체의 밀림이 없다,구간확정(미검증)
ORIGINAL,174,,사용자 확인(대부분 8/14 영상 눈판독) — ORIGINAL 의 113·114·115·116·117·118 외 42 번이 맞았다. 번호는 단조라 그 점이 맞으면 못 본 구간 113~260 전체의 밀림이 없다,구간확정(미검증)
ORIGINAL,175,,사용자 확인(대부분 8/14 영상 눈판독) — ORIGINAL 의 113·114·115·116·117·118 외 42 번이 맞았다. 번호는 단조라 그 점이 맞으면 못 본 구간 113~260 전체의 밀림이 없다,구간확정(미검증)
ORIGINAL,176,,사용자 확인(대부분 8/14 영상 눈판독) — ORIGINAL 의 113·114·115·116·117·118 외 42 번이 맞았다. 번호는 단조라 그 점이 맞으면 못 본 구간 113~260 전체의 밀림이 없다,구간확정(미검증)
ORIGINAL,177,,사용자 확인(대부분 8/14 영상 눈판독) — ORIGINAL 의 113·114·115·116·117·118 외 42 번이 맞았다. 번호는 단조라 그 점이 맞으면 못 본 구간 113~260 전체의 밀림이 없다,구간확정(미검증)
ORIGINAL,178,,사용자 확인(대부분 8/14 영상 눈판독) — ORIGINAL 의 113·114·115·116·117·118 외 42 번이 맞았다. 번호는 단조라 그 점이 맞으면 못 본 구간 113~260 전체의 밀림이 없다,구간확정(미검증)
ORIGINAL,179,,사용자 확인(대부분 8/14 영상 눈판독) — ORIGINAL 의 113·114·115·116·117·118 외 42 번이 맞았다. 번호는 단조라 그 점이 맞으면 못 본 구간 113~260 전체의 밀림이 없다,구간확정(미검증)
ORIGINAL,180,,사용자 확인(대부분 8/14 영상 눈판독) — ORIGINAL 의 113·114·115·116·117·118 외 42 번이 맞았다. 번호는 단조라 그 점이 맞으면 못 본 구간 113~260 전체의 밀림이 없다,구간확정(미검증)
ORIGINAL,181,,사용자 확인(대부분 8/14 영상 눈판독) — ORIGINAL 의 113·114·115·116·117·118 외 42 번이 맞았다. 번호는 단조라 그 점이 맞으면 못 본 구간 113~260 전체의 밀림이 없다,구간확정(미검증)
ORIGINAL,182,,사용자 확인(대부분 8/14 영상 눈판독) — ORIGINAL 의 113·114·115·116·117·118 외 42 번이 맞았다. 번호는 단조라 그 점이 맞으면 못 본 구간 113~260 전체의 밀림이 없다,구간확정(미검증)
ORIGINAL,183,,사용자 확인(대부분 8/14 영상 눈판독) — ORIGINAL 의 113·114·115·116·117·118 외 42 번이 맞았다. 번호는 단조라 그 점이 맞으면 못 본 구간 113~260 전체의 밀림이 없다,구간확정(미검증)
ORIGINAL,184,,사용자 확인(대부분 8/14 영상 눈판독) — ORIGINAL 의 113·114·115·116·117·118 외 42 번이 맞았다. 번호는 단조라 그 점이 맞으면 못 본 구간 113~260 전체의 밀림이 없다,구간확정(미검증)
ORIGINAL,185,,사용자 확인(대부분 8/14 영상 눈판독) — ORIGINAL 의 113·114·115·116·117·118 외 42 번이 맞았다. 번호는 단조라 그 점이 맞으면 못 본 구간 113~260 전체의 밀림이 없다,구간확정(미검증)
ORIGINAL,186,,사용자 확인(대부분 8/14 영상 눈판독) — ORIGINAL 의 113·114·115·116·117·118 외 42 번이 맞았다. 번호는 단조라 그 점이 맞으면 못 본 구간 113~260 전체의 밀림이 없다,구간확정(미검증)
ORIGINAL,187,,사용자 확인(대부분 8/14 영상 눈판독) — ORIGINAL 의 113·114·115·116·117·118 외 42 번이 맞았다. 번호는 단조라 그 점이 맞으면 못 본 구간 113~260 전체의 밀림이 없다,구간확정(미검증)
ORIGINAL,188,,사용자 확인(대부분 8/14 영상 눈판독) — ORIGINAL 의 113·114·115·116·117·118 외 42 번이 맞았다. 번호는 단조라 그 점이 맞으면 못 본 구간 113~260 전체의 밀림이 없다,구간확정(미검증)
ORIGINAL,189,,사용자 확인(대부분 8/14 영상 눈판독) — ORIGINAL 의 113·114·115·116·117·118 외 42 번이 맞았다. 번호는 단조라 그 점이 맞으면 못 본 구간 113~260 전체의 밀림이 없다,구간확정(미검증)
ORIGINAL,190,,사용자 확인(대부분 8/14 영상 눈판독) — ORIGINAL 의 113·114·115·116·117·118 외 42 번이 맞았다. 번호는 단조라 그 점이 맞으면 못 본 구간 113~260 전체의 밀림이 없다,구간확정(미검증)
ORIGINAL,191,,사용자 확인(대부분 8/14 영상 눈판독) — ORIGINAL 의 113·114·115·116·117·118 외 42 번이 맞았다. 번호는 단조라 그 점이 맞으면 못 본 구간 113~260 전체의 밀림이 없다,구간확정(미검증)
ORIGINAL,192,,사용자 확인(대부분 8/14 영상 눈판독) — ORIGINAL 의 113·114·115·116·117·118 외 42 번이 맞았다. 번호는 단조라 그 점이 맞으면 못 본 구간 113~260 전체의 밀림이 없다,구간확정(미검증)
ORIGINAL,193,,사용자 확인(대부분 8/14 영상 눈판독) — ORIGINAL 의 113·114·115·116·117·118 외 42 번이 맞았다. 번호는 단조라 그 점이 맞으면 못 본 구간 113~260 전체의 밀림이 없다,구간확정(미검증)
ORIGINAL,194,,사용자 확인(대부분 8/14 영상 눈판독) — ORIGINAL 의 113·114·115·116·117·118 외 42 번이 맞았다. 번호는 단조라 그 점이 맞으면 못 본 구간 113~260 전체의 밀림이 없다,구간확정(미검증)
ORIGINAL,195,,사용자 확인(대부분 8/14 영상 눈판독) — ORIGINAL 의 113·114·115·116·117·118 외 42 번이 맞았다. 번호는 단조라 그 점이 맞으면 못 본 구간 113~260 전체의 밀림이 없다,구간확정(미검증)
ORIGINAL,196,,사용자 확인(대부분 8/14 영상 눈판독) — ORIGINAL 의 113·114·115·116·117·118 외 42 번이 맞았다. 번호는 단조라 그 점이 맞으면 못 본 구간 113~260 전체의 밀림이 없다,구간확정(미검증)
ORIGINAL,197,,사용자 확인(대부분 8/14 영상 눈판독) — ORIGINAL 의 113·114·115·116·117·118 외 42 번이 맞았다. 번호는 단조라 그 점이 맞으면 못 본 구간 113~260 전체의 밀림이 없다,구간확정(미검증)
ORIGINAL,198,,사용자 확인(대부분 8/14 영상 눈판독) — ORIGINAL 의 113·114·115·116·117·118 외 42 번이 맞았다. 번호는 단조라 그 점이 맞으면 못 본 구간 113~260 전체의 밀림이 없다,구간확정(미검증)
ORIGINAL,199,,사용자 확인(대부분 8/14 영상 눈판독) — ORIGINAL 의 113·114·115·116·117·118 외 42 번이 맞았다. 번호는 단조라 그 점이 맞으면 못 본 구간 113~260 전체의 밀림이 없다,구간확정(미검증)
ORIGINAL,200,,사용자 확인(대부분 8/14 영상 눈판독) — ORIGINAL 의 113·114·115·116·117·118 외 42 번이 맞았다. 번호는 단조라 그 점이 맞으면 못 본 구간 113~260 전체의 밀림이 없다,구간확정(미검증)
ORIGINAL,201,,사용자 확인(대부분 8/14 영상 눈판독) — ORIGINAL 의 113·114·115·116·117·118 외 42 번이 맞았다. 번호는 단조라 그 점이 맞으면 못 본 구간 113~260 전체의 밀림이 없다,구간확정(미검증)
ORIGINAL,202,,사용자 확인(대부분 8/14 영상 눈판독) — ORIGINAL 의 113·114·115·116·117·118 외 42 번이 맞았다. 번호는 단조라 그 점이 맞으면 못 본 구간 113~260 전체의 밀림이 없다,구간확정(미검증)
ORIGINAL,203,,사용자 확인(대부분 8/14 영상 눈판독) — ORIGINAL 의 113·114·115·116·117·118 외 42 번이 맞았다. 번호는 단조라 그 점이 맞으면 못 본 구간 113~260 전체의 밀림이 없다,구간확정(미검증)
ORIGINAL,204,,사용자 확인(대부분 8/14 영상 눈판독) — ORIGINAL 의 113·114·115·116·117·118 외 42 번이 맞았다. 번호는 단조라 그 점이 맞으면 못 본 구간 113~260 전체의 밀림이 없다,구간확정(미검증)
ORIGINAL,205,,사용자 확인(대부분 8/14 영상 눈판독) — ORIGINAL 의 113·114·115·116·117·118 외 42 번이 맞았다. 번호는 단조라 그 점이 맞으면 못 본 구간 113~260 전체의 밀림이 없다,구간확정(미검증)
ORIGINAL,206,,사용자 확인(대부분 8/14 영상 눈판독) — ORIGINAL 의 113·114·115·116·117·118 외 42 번이 맞았다. 번호는 단조라 그 점이 맞으면 못 본 구간 113~260 전체의 밀림이 없다,구간확정(미검증)
ORIGINAL,207,,사용자 확인(대부분 8/14 영상 눈판독) — ORIGINAL 의 113·114·115·116·117·118 외 42 번이 맞았다. 번호는 단조라 그 점이 맞으면 못 본 구간 113~260 전체의 밀림이 없다,구간확정(미검증)
ORIGINAL,208,,사용자 확인(대부분 8/14 영상 눈판독) — ORIGINAL 의 113·114·115·116·117·118 외 42 번이 맞았다. 번호는 단조라 그 점이 맞으면 못 본 구간 113~260 전체의 밀림이 없다,구간확정(미검증)
ORIGINAL,209,,사용자 확인(대부분 8/14 영상 눈판독) — ORIGINAL 의 113·114·115·116·117·118 외 42 번이 맞았다. 번호는 단조라 그 점이 맞으면 못 본 구간 113~260 전체의 밀림이 없다,구간확정(미검증)
ORIGINAL,210,,사용자 확인(대부분 8/14 영상 눈판독) — ORIGINAL 의 113·114·115·116·117·118 외 42 번이 맞았다. 번호는 단조라 그 점이 맞으면 못 본 구간 113~260 전체의 밀림이 없다,구간확정(미검증)
ORIGINAL,211,,사용자 확인(대부분 8/14 영상 눈판독) — ORIGINAL 의 113·114·115·116·117·118 외 42 번이 맞았다. 번호는 단조라 그 점이 맞으면 못 본 구간 113~260 전체의 밀림이 없다,구간확정(미검증)
ORIGINAL,212,,사용자 확인(대부분 8/14 영상 눈판독) — ORIGINAL 의 113·114·115·116·117·118 외 42 번이 맞았다. 번호는 단조라 그 점이 맞으면 못 본 구간 113~260 전체의 밀림이 없다,구간확정(미검증)
ORIGINAL,213,,사용자 확인(대부분 8/14 영상 눈판독) — ORIGINAL 의 113·114·115·116·117·118 외 42 번이 맞았다. 번호는 단조라 그 점이 맞으면 못 본 구간 113~260 전체의 밀림이 없다,구간확정(미검증)
ORIGINAL,214,,사용자 확인(대부분 8/14 영상 눈판독) — ORIGINAL 의 113·114·115·116·117·118 외 42 번이 맞았다. 번호는 단조라 그 점이 맞으면 못 본 구간 113~260 전체의 밀림이 없다,구간확정(미검증)
ORIGINAL,215,,사용자 확인(대부분 8/14 영상 눈판독) — ORIGINAL 의 113·114·115·116·117·118 외 42 번이 맞았다. 번호는 단조라 그 점이 맞으면 못 본 구간 113~260 전체의 밀림이 없다,구간확정(미검증)
ORIGINAL,216,,사용자 확인(대부분 8/14 영상 눈판독) — ORIGINAL 의 113·114·115·116·117·118 외 42 번이 맞았다. 번호는 단조라 그 점이 맞으면 못 본 구간 113~260 전체의 밀림이 없다,구간확정(미검증)
ORIGINAL,217,,사용자 확인(대부분 8/14 영상 눈판독) — ORIGINAL 의 113·114·115·116·117·118 외 42 번이 맞았다. 번호는 단조라 그 점이 맞으면 못 본 구간 113~260 전체의 밀림이 없다,구간확정(미검증)
ORIGINAL,218,,사용자 확인(대부분 8/14 영상 눈판독) — ORIGINAL 의 113·114·115·116·117·118 외 42 번이 맞았다. 번호는 단조라 그 점이 맞으면 못 본 구간 113~260 전체의 밀림이 없다,구간확정(미검증)
ORIGINAL,219,,사용자 확인(대부분 8/14 영상 눈판독) — ORIGINAL 의 113·114·115·116·117·118 외 42 번이 맞았다. 번호는 단조라 그 점이 맞으면 못 본 구간 113~260 전체의 밀림이 없다,구간확정(미검증)
ORIGINAL,220,,사용자 확인(대부분 8/14 영상 눈판독) — ORIGINAL 의 113·114·115·116·117·118 외 42 번이 맞았다. 번호는 단조라 그 점이 맞으면 못 본 구간 113~260 전체의 밀림이 없다,구간확정(미검증)
ORIGINAL,221,,사용자 확인(대부분 8/14 영상 눈판독) — ORIGINAL 의 113·114·115·116·117·118 외 42 번이 맞았다. 번호는 단조라 그 점이 맞으면 못 본 구간 113~260 전체의 밀림이 없다,구간확정(미검증)
ORIGINAL,222,,사용자 확인(대부분 8/14 영상 눈판독) — ORIGINAL 의 113·114·115·116·117·118 외 42 번이 맞았다. 번호는 단조라 그 점이 맞으면 못 본 구간 113~260 전체의 밀림이 없다,구간확정(미검증)
ORIGINAL,223,,사용자 확인(대부분 8/14 영상 눈판독) — ORIGINAL 의 113·114·115·116·117·118 외 42 번이 맞았다. 번호는 단조라 그 점이 맞으면 못 본 구간 113~260 전체의 밀림이 없다,구간확정(미검증)
ORIGINAL,224,,사용자 확인(대부분 8/14 영상 눈판독) — ORIGINAL 의 113·114·115·116·117·118 외 42 번이 맞았다. 번호는 단조라 그 점이 맞으면 못 본 구간 113~260 전체의 밀림이 없다,구간확정(미검증)
ORIGINAL,225,,사용자 확인(대부분 8/14 영상 눈판독) — ORIGINAL 의 113·114·115·116·117·118 외 42 번이 맞았다. 번호는 단조라 그 점이 맞으면 못 본 구간 113~260 전체의 밀림이 없다,구간확정(미검증)
ORIGINAL,226,,사용자 확인(대부분 8/14 영상 눈판독) — ORIGINAL 의 113·114·115·116·117·118 외 42 번이 맞았다. 번호는 단조라 그 점이 맞으면 못 본 구간 113~260 전체의 밀림이 없다,구간확정(미검증)
ORIGINAL,227,,사용자 확인(대부분 8/14 영상 눈판독) — ORIGINAL 의 113·114·115·116·117·118 외 42 번이 맞았다. 번호는 단조라 그 점이 맞으면 못 본 구간 113~260 전체의 밀림이 없다,구간확정(미검증)
ORIGINAL,228,,사용자 확인(대부분 8/14 영상 눈판독) — ORIGINAL 의 113·114·115·116·117·118 외 42 번이 맞았다. 번호는 단조라 그 점이 맞으면 못 본 구간 113~260 전체의 밀림이 없다,구간확정(미검증)
ORIGINAL,229,,사용자 확인(대부분 8/14 영상 눈판독) — ORIGINAL 의 113·114·115·116·117·118 외 42 번이 맞았다. 번호는 단조라 그 점이 맞으면 못 본 구간 113~260 전체의 밀림이 없다,구간확정(미검증)
ORIGINAL,230,,사용자 확인(대부분 8/14 영상 눈판독) — ORIGINAL 의 113·114·115·116·117·118 외 42 번이 맞았다. 번호는 단조라 그 점이 맞으면 못 본 구간 113~260 전체의 밀림이 없다,구간확정(미검증)
ORIGINAL,231,,사용자 확인(대부분 8/14 영상 눈판독) — ORIGINAL 의 113·114·115·116·117·118 외 42 번이 맞았다. 번호는 단조라 그 점이 맞으면 못 본 구간 113~260 전체의 밀림이 없다,구간확정(미검증)
ORIGINAL,232,,사용자 확인(대부분 8/14 영상 눈판독) — ORIGINAL 의 113·114·115·116·117·118 외 42 번이 맞았다. 번호는 단조라 그 점이 맞으면 못 본 구간 113~260 전체의 밀림이 없다,구간확정(미검증)
ORIGINAL,233,,사용자 확인(대부분 8/14 영상 눈판독) — ORIGINAL 의 113·114·115·116·117·118 외 42 번이 맞았다. 번호는 단조라 그 점이 맞으면 못 본 구간 113~260 전체의 밀림이 없다,구간확정(미검증)
ORIGINAL,234,,사용자 확인(대부분 8/14 영상 눈판독) — ORIGINAL 의 113·114·115·116·117·118 외 42 번이 맞았다. 번호는 단조라 그 점이 맞으면 못 본 구간 113~260 전체의 밀림이 없다,구간확정(미검증)
ORIGINAL,235,,사용자 확인(대부분 8/14 영상 눈판독) — ORIGINAL 의 113·114·115·116·117·118 외 42 번이 맞았다. 번호는 단조라 그 점이 맞으면 못 본 구간 113~260 전체의 밀림이 없다,구간확정(미검증)
ORIGINAL,236,,사용자 확인(대부분 8/14 영상 눈판독) — ORIGINAL 의 113·114·115·116·117·118 외 42 번이 맞았다. 번호는 단조라 그 점이 맞으면 못 본 구간 113~260 전체의 밀림이 없다,구간확정(미검증)
ORIGINAL,237,,사용자 확인(대부분 8/14 영상 눈판독) — ORIGINAL 의 113·114·115·116·117·118 외 42 번이 맞았다. 번호는 단조라 그 점이 맞으면 못 본 구간 113~260 전체의 밀림이 없다,구간확정(미검증)
ORIGINAL,238,,사용자 확인(대부분 8/14 영상 눈판독) — ORIGINAL 의 113·114·115·116·117·118 외 42 번이 맞았다. 번호는 단조라 그 점이 맞으면 못 본 구간 113~260 전체의 밀림이 없다,구간확정(미검증)
ORIGINAL,239,,사용자 확인(대부분 8/14 영상 눈판독) — ORIGINAL 의 113·114·115·116·117·118 외 42 번이 맞았다. 번호는 단조라 그 점이 맞으면 못 본 구간 113~260 전체의 밀림이 없다,구간확정(미검증)
ORIGINAL,240,,사용자 확인(대부분 8/14 영상 눈판독) — ORIGINAL 의 113·114·115·116·117·118 외 42 번이 맞았다. 번호는 단조라 그 점이 맞으면 못 본 구간 113~260 전체의 밀림이 없다,구간확정(미검증)
ORIGINAL,241,,사용자 확인(대부분 8/14 영상 눈판독) — ORIGINAL 의 113·114·115·116·117·118 외 42 번이 맞았다. 번호는 단조라 그 점이 맞으면 못 본 구간 113~260 전체의 밀림이 없다,구간확정(미검증)
ORIGINAL,242,,사용자 확인(대부분 8/14 영상 눈판독) — ORIGINAL 의 113·114·115·116·117·118 외 42 번이 맞았다. 번호는 단조라 그 점이 맞으면 못 본 구간 113~260 전체의 밀림이 없다,구간확정(미검증)
ORIGINAL,243,,사용자 확인(대부분 8/14 영상 눈판독) — ORIGINAL 의 113·114·115·116·117·118 외 42 번이 맞았다. 번호는 단조라 그 점이 맞으면 못 본 구간 113~260 전체의 밀림이 없다,구간확정(미검증)
ORIGINAL,244,,사용자 확인(대부분 8/14 영상 눈판독) — ORIGINAL 의 113·114·115·116·117·118 외 42 번이 맞았다. 번호는 단조라 그 점이 맞으면 못 본 구간 113~260 전체의 밀림이 없다,구간확정(미검증)
ORIGINAL,245,,사용자 확인(대부분 8/14 영상 눈판독) — ORIGINAL 의 113·114·115·116·117·118 외 42 번이 맞았다. 번호는 단조라 그 점이 맞으면 못 본 구간 113~260 전체의 밀림이 없다,구간확정(미검증)
ORIGINAL,246,,사용자 확인(대부분 8/14 영상 눈판독) — ORIGINAL 의 113·114·115·116·117·118 외 42 번이 맞았다. 번호는 단조라 그 점이 맞으면 못 본 구간 113~260 전체의 밀림이 없다,구간확정(미검증)
ORIGINAL,247,,사용자 확인(대부분 8/14 영상 눈판독) — ORIGINAL 의 113·114·115·116·117·118 외 42 번이 맞았다. 번호는 단조라 그 점이 맞으면 못 본 구간 113~260 전체의 밀림이 없다,구간확정(미검증)
ORIGINAL,248,,사용자 확인(대부분 8/14 영상 눈판독) — ORIGINAL 의 113·114·115·116·117·118 외 42 번이 맞았다. 번호는 단조라 그 점이 맞으면 못 본 구간 113~260 전체의 밀림이 없다,구간확정(미검증)
ORIGINAL,249,,사용자 확인(대부분 8/14 영상 눈판독) — ORIGINAL 의 113·114·115·116·117·118 외 42 번이 맞았다. 번호는 단조라 그 점이 맞으면 못 본 구간 113~260 전체의 밀림이 없다,구간확정(미검증)
ORIGINAL,250,,사용자 확인(대부분 8/14 영상 눈판독) — ORIGINAL 의 113·114·115·116·117·118 외 42 번이 맞았다. 번호는 단조라 그 점이 맞으면 못 본 구간 113~260 전체의 밀림이 없다,구간확정(미검증)
ORIGINAL,251,,사용자 확인(대부분 8/14 영상 눈판독) — ORIGINAL 의 113·114·115·116·117·118 외 42 번이 맞았다. 번호는 단조라 그 점이 맞으면 못 본 구간 113~260 전체의 밀림이 없다,구간확정(미검증)
ORIGINAL,252,,사용자 확인(대부분 8/14 영상 눈판독) — ORIGINAL 의 113·114·115·116·117·118 외 42 번이 맞았다. 번호는 단조라 그 점이 맞으면 못 본 구간 113~260 전체의 밀림이 없다,구간확정(미검증)
ORIGINAL,253,,사용자 확인(대부분 8/14 영상 눈판독) — ORIGINAL 의 113·114·115·116·117·118 외 42 번이 맞았다. 번호는 단조라 그 점이 맞으면 못 본 구간 113~260 전체의 밀림이 없다,구간확정(미검증)
ORIGINAL,254,,사용자 확인(대부분 8/14 영상 눈판독) — ORIGINAL 의 113·114·115·116·117·118 외 42 번이 맞았다. 번호는 단조라 그 점이 맞으면 못 본 구간 113~260 전체의 밀림이 없다,구간확정(미검증)
ORIGINAL,255,,사용자 확인(대부분 8/14 영상 눈판독) — ORIGINAL 의 113·114·115·116·117·118 외 42 번이 맞았다. 번호는 단조라 그 점이 맞으면 못 본 구간 113~260 전체의 밀림이 없다,구간확정(미검증)
ORIGINAL,256,,사용자 확인(대부분 8/14 영상 눈판독) — ORIGINAL 의 113·114·115·116·117·118 외 42 번이 맞았다. 번호는 단조라 그 점이 맞으면 못 본 구간 113~260 전체의 밀림이 없다,구간확정(미검증)
ORIGINAL,257,,사용자 확인(대부분 8/14 영상 눈판독) — ORIGINAL 의 113·114·115·116·117·118 외 42 번이 맞았다. 번호는 단조라 그 점이 맞으면 못 본 구간 113~260 전체의 밀림이 없다,구간확정(미검증)
ORIGINAL,258,,사용자 확인(대부분 8/14 영상 눈판독) — ORIGINAL 의 113·114·115·116·117·118 외 42 번이 맞았다. 번호는 단조라 그 점이 맞으면 못 본 구간 113~260 전체의 밀림이 없다,구간확정(미검증)
ORIGINAL,259,,사용자 확인(대부분 8/14 영상 눈판독) — ORIGINAL 의 113·114·115·116·117·118 외 42 번이 맞았다. 번호는 단조라 그 점이 맞으면 못 본 구간 113~260 전체의 밀림이 없다,구간확정(미검증)
ORIGINAL,260,,사용자 확인(대부분 8/14 영상 눈판독) — ORIGINAL 의 113·114·115·116·117·118 외 42 번이 맞았다. 번호는 단조라 그 점이 맞으면 못 본 구간 113~260 전체의 밀림이 없다,구간확정(미검증)
ORIGINAL,262,,사용자 확인(대부분 8/14 영상 눈판독) — ORIGINAL 의 262·263·296·297 번이 맞았다. 번호는 단조라 그 점이 맞으면 못 본 구간 262~297 전체의 밀림이 없다,구간확정(미검증)
ORIGINAL,263,,사용자 확인(대부분 8/14 영상 눈판독) — ORIGINAL 의 262·263·296·297 번이 맞았다. 번호는 단조라 그 점이 맞으면 못 본 구간 262~297 전체의 밀림이 없다,구간확정(미검증)
ORIGINAL,264,,사용자 확인(대부분 8/14 영상 눈판독) — ORIGINAL 의 262·263·296·297 번이 맞았다. 번호는 단조라 그 점이 맞으면 못 본 구간 262~297 전체의 밀림이 없다,구간확정(미검증)
ORIGINAL,265,,사용자 확인(대부분 8/14 영상 눈판독) — ORIGINAL 의 262·263·296·297 번이 맞았다. 번호는 단조라 그 점이 맞으면 못 본 구간 262~297 전체의 밀림이 없다,구간확정(미검증)
ORIGINAL,266,,사용자 확인(대부분 8/14 영상 눈판독) — ORIGINAL 의 262·263·296·297 번이 맞았다. 번호는 단조라 그 점이 맞으면 못 본 구간 262~297 전체의 밀림이 없다,구간확정(미검증)
ORIGINAL,267,,사용자 확인(대부분 8/14 영상 눈판독) — ORIGINAL 의 262·263·296·297 번이 맞았다. 번호는 단조라 그 점이 맞으면 못 본 구간 262~297 전체의 밀림이 없다,구간확정(미검증)
ORIGINAL,268,,사용자 확인(대부분 8/14 영상 눈판독) — ORIGINAL 의 262·263·296·297 번이 맞았다. 번호는 단조라 그 점이 맞으면 못 본 구간 262~297 전체의 밀림이 없다,구간확정(미검증)
ORIGINAL,269,,사용자 확인(대부분 8/14 영상 눈판독) — ORIGINAL 의 262·263·296·297 번이 맞았다. 번호는 단조라 그 점이 맞으면 못 본 구간 262~297 전체의 밀림이 없다,구간확정(미검증)
ORIGINAL,270,,사용자 확인(대부분 8/14 영상 눈판독) — ORIGINAL 의 262·263·296·297 번이 맞았다. 번호는 단조라 그 점이 맞으면 못 본 구간 262~297 전체의 밀림이 없다,구간확정(미검증)
ORIGINAL,271,,사용자 확인(대부분 8/14 영상 눈판독) — ORIGINAL 의 262·263·296·297 번이 맞았다. 번호는 단조라 그 점이 맞으면 못 본 구간 262~297 전체의 밀림이 없다,구간확정(미검증)
ORIGINAL,272,,사용자 확인(대부분 8/14 영상 눈판독) — ORIGINAL 의 262·263·296·297 번이 맞았다. 번호는 단조라 그 점이 맞으면 못 본 구간 262~297 전체의 밀림이 없다,구간확정(미검증)
ORIGINAL,273,,사용자 확인(대부분 8/14 영상 눈판독) — ORIGINAL 의 262·263·296·297 번이 맞았다. 번호는 단조라 그 점이 맞으면 못 본 구간 262~297 전체의 밀림이 없다,구간확정(미검증)
ORIGINAL,274,,사용자 확인(대부분 8/14 영상 눈판독) — ORIGINAL 의 262·263·296·297 번이 맞았다. 번호는 단조라 그 점이 맞으면 못 본 구간 262~297 전체의 밀림이 없다,구간확정(미검증)
ORIGINAL,275,,사용자 확인(대부분 8/14 영상 눈판독) — ORIGINAL 의 262·263·296·297 번이 맞았다. 번호는 단조라 그 점이 맞으면 못 본 구간 262~297 전체의 밀림이 없다,구간확정(미검증)
ORIGINAL,276,,사용자 확인(대부분 8/14 영상 눈판독) — ORIGINAL 의 262·263·296·297 번이 맞았다. 번호는 단조라 그 점이 맞으면 못 본 구간 262~297 전체의 밀림이 없다,구간확정(미검증)
ORIGINAL,277,,사용자 확인(대부분 8/14 영상 눈판독) — ORIGINAL 의 262·263·296·297 번이 맞았다. 번호는 단조라 그 점이 맞으면 못 본 구간 262~297 전체의 밀림이 없다,구간확정(미검증)
ORIGINAL,278,,사용자 확인(대부분 8/14 영상 눈판독) — ORIGINAL 의 262·263·296·297 번이 맞았다. 번호는 단조라 그 점이 맞으면 못 본 구간 262~297 전체의 밀림이 없다,구간확정(미검증)
ORIGINAL,279,,사용자 확인(대부분 8/14 영상 눈판독) — ORIGINAL 의 262·263·296·297 번이 맞았다. 번호는 단조라 그 점이 맞으면 못 본 구간 262~297 전체의 밀림이 없다,구간확정(미검증)
ORIGINAL,280,,사용자 확인(대부분 8/14 영상 눈판독) — ORIGINAL 의 262·263·296·297 번이 맞았다. 번호는 단조라 그 점이 맞으면 못 본 구간 262~297 전체의 밀림이 없다,구간확정(미검증)
ORIGINAL,281,,사용자 확인(대부분 8/14 영상 눈판독) — ORIGINAL 의 262·263·296·297 번이 맞았다. 번호는 단조라 그 점이 맞으면 못 본 구간 262~297 전체의 밀림이 없다,구간확정(미검증)
ORIGINAL,282,,사용자 확인(대부분 8/14 영상 눈판독) — ORIGINAL 의 262·263·296·297 번이 맞았다. 번호는 단조라 그 점이 맞으면 못 본 구간 262~297 전체의 밀림이 없다,구간확정(미검증)
ORIGINAL,283,,사용자 확인(대부분 8/14 영상 눈판독) — ORIGINAL 의 262·263·296·297 번이 맞았다. 번호는 단조라 그 점이 맞으면 못 본 구간 262~297 전체의 밀림이 없다,구간확정(미검증)
ORIGINAL,284,,사용자 확인(대부분 8/14 영상 눈판독) — ORIGINAL 의 262·263·296·297 번이 맞았다. 번호는 단조라 그 점이 맞으면 못 본 구간 262~297 전체의 밀림이 없다,구간확정(미검증)
ORIGINAL,285,,사용자 확인(대부분 8/14 영상 눈판독) — ORIGINAL 의 262·263·296·297 번이 맞았다. 번호는 단조라 그 점이 맞으면 못 본 구간 262~297 전체의 밀림이 없다,구간확정(미검증)
ORIGINAL,286,,사용자 확인(대부분 8/14 영상 눈판독) — ORIGINAL 의 262·263·296·297 번이 맞았다. 번호는 단조라 그 점이 맞으면 못 본 구간 262~297 전체의 밀림이 없다,구간확정(미검증)
ORIGINAL,287,,사용자 확인(대부분 8/14 영상 눈판독) — ORIGINAL 의 262·263·296·297 번이 맞았다. 번호는 단조라 그 점이 맞으면 못 본 구간 262~297 전체의 밀림이 없다,구간확정(미검증)
ORIGINAL,288,,사용자 확인(대부분 8/14 영상 눈판독) — ORIGINAL 의 262·263·296·297 번이 맞았다. 번호는 단조라 그 점이 맞으면 못 본 구간 262~297 전체의 밀림이 없다,구간확정(미검증)
ORIGINAL,289,,사용자 확인(대부분 8/14 영상 눈판독) — ORIGINAL 의 262·263·296·297 번이 맞았다. 번호는 단조라 그 점이 맞으면 못 본 구간 262~297 전체의 밀림이 없다,구간확정(미검증)
ORIGINAL,290,,사용자 확인(대부분 8/14 영상 눈판독) — ORIGINAL 의 262·263·296·297 번이 맞았다. 번호는 단조라 그 점이 맞으면 못 본 구간 262~297 전체의 밀림이 없다,구간확정(미검증)
ORIGINAL,291,,사용자 확인(대부분 8/14 영상 눈판독) — ORIGINAL 의 262·263·296·297 번이 맞았다. 번호는 단조라 그 점이 맞으면 못 본 구간 262~297 전체의 밀림이 없다,구간확정(미검증)
ORIGINAL,292,,사용자 확인(대부분 8/14 영상 눈판독) — ORIGINAL 의 262·263·296·297 번이 맞았다. 번호는 단조라 그 점이 맞으면 못 본 구간 262~297 전체의 밀림이 없다,구간확정(미검증)
ORIGINAL,293,,사용자 확인(대부분 8/14 영상 눈판독) — ORIGINAL 의 262·263·296·297 번이 맞았다. 번호는 단조라 그 점이 맞으면 못 본 구간 262~297 전체의 밀림이 없다,구간확정(미검증)
ORIGINAL,294,,사용자 확인(대부분 8/14 영상 눈판독) — ORIGINAL 의 262·263·296·297 번이 맞았다. 번호는 단조라 그 점이 맞으면 못 본 구간 262~297 전체의 밀림이 없다,구간확정(미검증)
ORIGINAL,295,,사용자 확인(대부분 8/14 영상 눈판독) — ORIGINAL 의 262·263·296·297 번이 맞았다. 번호는 단조라 그 점이 맞으면 못 본 구간 262~297 전체의 밀림이 없다,구간확정(미검증)
ORIGINAL,296,,사용자 확인(대부분 8/14 영상 눈판독) — ORIGINAL 의 262·263·296·297 번이 맞았다. 번호는 단조라 그 점이 맞으면 못 본 구간 262~297 전체의 밀림이 없다,구간확정(미검증)
ORIGINAL,297,,사용자 확인(대부분 8/14 영상 눈판독) — ORIGINAL 의 262·263·296·297 번이 맞았다. 번호는 단조라 그 점이 맞으면 못 본 구간 262~297 전체의 밀림이 없다,구간확정(미검증)
ORIGINAL,299,,사용자 확인(대부분 8/14 영상 눈판독) — ORIGINAL 의 299·300·325·326·327·328 외 1 번이 맞았다. 번호는 단조라 그 점이 맞으면 못 본 구간 299~329 전체의 밀림이 없다,구간확정(미검증)
ORIGINAL,300,,사용자 확인(대부분 8/14 영상 눈판독) — ORIGINAL 의 299·300·325·326·327·328 외 1 번이 맞았다. 번호는 단조라 그 점이 맞으면 못 본 구간 299~329 전체의 밀림이 없다,구간확정(미검증)
ORIGINAL,301,,사용자 확인(대부분 8/14 영상 눈판독) — ORIGINAL 의 299·300·325·326·327·328 외 1 번이 맞았다. 번호는 단조라 그 점이 맞으면 못 본 구간 299~329 전체의 밀림이 없다,구간확정(미검증)
ORIGINAL,302,,사용자 확인(대부분 8/14 영상 눈판독) — ORIGINAL 의 299·300·325·326·327·328 외 1 번이 맞았다. 번호는 단조라 그 점이 맞으면 못 본 구간 299~329 전체의 밀림이 없다,구간확정(미검증)
ORIGINAL,303,,사용자 확인(대부분 8/14 영상 눈판독) — ORIGINAL 의 299·300·325·326·327·328 외 1 번이 맞았다. 번호는 단조라 그 점이 맞으면 못 본 구간 299~329 전체의 밀림이 없다,구간확정(미검증)
ORIGINAL,304,,사용자 확인(대부분 8/14 영상 눈판독) — ORIGINAL 의 299·300·325·326·327·328 외 1 번이 맞았다. 번호는 단조라 그 점이 맞으면 못 본 구간 299~329 전체의 밀림이 없다,구간확정(미검증)
ORIGINAL,305,,사용자 확인(대부분 8/14 영상 눈판독) — ORIGINAL 의 299·300·325·326·327·328 외 1 번이 맞았다. 번호는 단조라 그 점이 맞으면 못 본 구간 299~329 전체의 밀림이 없다,구간확정(미검증)
ORIGINAL,306,,사용자 확인(대부분 8/14 영상 눈판독) — ORIGINAL 의 299·300·325·326·327·328 외 1 번이 맞았다. 번호는 단조라 그 점이 맞으면 못 본 구간 299~329 전체의 밀림이 없다,구간확정(미검증)
ORIGINAL,307,,사용자 확인(대부분 8/14 영상 눈판독) — ORIGINAL 의 299·300·325·326·327·328 외 1 번이 맞았다. 번호는 단조라 그 점이 맞으면 못 본 구간 299~329 전체의 밀림이 없다,구간확정(미검증)
ORIGINAL,308,,사용자 확인(대부분 8/14 영상 눈판독) — ORIGINAL 의 299·300·325·326·327·328 외 1 번이 맞았다. 번호는 단조라 그 점이 맞으면 못 본 구간 299~329 전체의 밀림이 없다,구간확정(미검증)
ORIGINAL,309,,사용자 확인(대부분 8/14 영상 눈판독) — ORIGINAL 의 299·300·325·326·327·328 외 1 번이 맞았다. 번호는 단조라 그 점이 맞으면 못 본 구간 299~329 전체의 밀림이 없다,구간확정(미검증)
ORIGINAL,310,,사용자 확인(대부분 8/14 영상 눈판독) — ORIGINAL 의 299·300·325·326·327·328 외 1 번이 맞았다. 번호는 단조라 그 점이 맞으면 못 본 구간 299~329 전체의 밀림이 없다,구간확정(미검증)
ORIGINAL,311,,사용자 확인(대부분 8/14 영상 눈판독) — ORIGINAL 의 299·300·325·326·327·328 외 1 번이 맞았다. 번호는 단조라 그 점이 맞으면 못 본 구간 299~329 전체의 밀림이 없다,구간확정(미검증)
ORIGINAL,312,,사용자 확인(대부분 8/14 영상 눈판독) — ORIGINAL 의 299·300·325·326·327·328 외 1 번이 맞았다. 번호는 단조라 그 점이 맞으면 못 본 구간 299~329 전체의 밀림이 없다,구간확정(미검증)
ORIGINAL,313,,사용자 확인(대부분 8/14 영상 눈판독) — ORIGINAL 의 299·300·325·326·327·328 외 1 번이 맞았다. 번호는 단조라 그 점이 맞으면 못 본 구간 299~329 전체의 밀림이 없다,구간확정(미검증)
ORIGINAL,314,,사용자 확인(대부분 8/14 영상 눈판독) — ORIGINAL 의 299·300·325·326·327·328 외 1 번이 맞았다. 번호는 단조라 그 점이 맞으면 못 본 구간 299~329 전체의 밀림이 없다,구간확정(미검증)
ORIGINAL,315,,사용자 확인(대부분 8/14 영상 눈판독) — ORIGINAL 의 299·300·325·326·327·328 외 1 번이 맞았다. 번호는 단조라 그 점이 맞으면 못 본 구간 299~329 전체의 밀림이 없다,구간확정(미검증)
ORIGINAL,316,,사용자 확인(대부분 8/14 영상 눈판독) — ORIGINAL 의 299·300·325·326·327·328 외 1 번이 맞았다. 번호는 단조라 그 점이 맞으면 못 본 구간 299~329 전체의 밀림이 없다,구간확정(미검증)
ORIGINAL,317,,사용자 확인(대부분 8/14 영상 눈판독) — ORIGINAL 의 299·300·325·326·327·328 외 1 번이 맞았다. 번호는 단조라 그 점이 맞으면 못 본 구간 299~329 전체의 밀림이 없다,구간확정(미검증)
ORIGINAL,318,,사용자 확인(대부분 8/14 영상 눈판독) — ORIGINAL 의 299·300·325·326·327·328 외 1 번이 맞았다. 번호는 단조라 그 점이 맞으면 못 본 구간 299~329 전체의 밀림이 없다,구간확정(미검증)
ORIGINAL,319,,사용자 확인(대부분 8/14 영상 눈판독) — ORIGINAL 의 299·300·325·326·327·328 외 1 번이 맞았다. 번호는 단조라 그 점이 맞으면 못 본 구간 299~329 전체의 밀림이 없다,구간확정(미검증)
ORIGINAL,320,,사용자 확인(대부분 8/14 영상 눈판독) — ORIGINAL 의 299·300·325·326·327·328 외 1 번이 맞았다. 번호는 단조라 그 점이 맞으면 못 본 구간 299~329 전체의 밀림이 없다,구간확정(미검증)
ORIGINAL,321,,사용자 확인(대부분 8/14 영상 눈판독) — ORIGINAL 의 299·300·325·326·327·328 외 1 번이 맞았다. 번호는 단조라 그 점이 맞으면 못 본 구간 299~329 전체의 밀림이 없다,구간확정(미검증)
ORIGINAL,322,,사용자 확인(대부분 8/14 영상 눈판독) — ORIGINAL 의 299·300·325·326·327·328 외 1 번이 맞았다. 번호는 단조라 그 점이 맞으면 못 본 구간 299~329 전체의 밀림이 없다,구간확정(미검증)
ORIGINAL,323,,사용자 확인(대부분 8/14 영상 눈판독) — ORIGINAL 의 299·300·325·326·327·328 외 1 번이 맞았다. 번호는 단조라 그 점이 맞으면 못 본 구간 299~329 전체의 밀림이 없다,구간확정(미검증)
ORIGINAL,324,,사용자 확인(대부분 8/14 영상 눈판독) — ORIGINAL 의 299·300·325·326·327·328 외 1 번이 맞았다. 번호는 단조라 그 점이 맞으면 못 본 구간 299~329 전체의 밀림이 없다,구간확정(미검증)
ORIGINAL,325,,사용자 확인(대부분 8/14 영상 눈판독) — ORIGINAL 의 299·300·325·326·327·328 외 1 번이 맞았다. 번호는 단조라 그 점이 맞으면 못 본 구간 299~329 전체의 밀림이 없다,구간확정(미검증)
ORIGINAL,326,,사용자 확인(대부분 8/14 영상 눈판독) — ORIGINAL 의 299·300·325·326·327·328 외 1 번이 맞았다. 번호는 단조라 그 점이 맞으면 못 본 구간 299~329 전체의 밀림이 없다,구간확정(미검증)
ORIGINAL,327,,사용자 확인(대부분 8/14 영상 눈판독) — ORIGINAL 의 299·300·325·326·327·328 외 1 번이 맞았다. 번호는 단조라 그 점이 맞으면 못 본 구간 299~329 전체의 밀림이 없다,구간확정(미검증)
ORIGINAL,328,,사용자 확인(대부분 8/14 영상 눈판독) — ORIGINAL 의 299·300·325·326·327·328 외 1 번이 맞았다. 번호는 단조라 그 점이 맞으면 못 본 구간 299~329 전체의 밀림이 없다,구간확정(미검증)
ORIGINAL,329,,사용자 확인(대부분 8/14 영상 눈판독) — ORIGINAL 의 299·300·325·326·327·328 외 1 번이 맞았다. 번호는 단조라 그 점이 맞으면 못 본 구간 299~329 전체의 밀림이 없다,구간확정(미검증)
PHOENIX,5,ESP,사용자 확인 — **PHOENIX 존 전체**를 봤다고 하셨다 (번호 없이 존 단위). 못 본 구간 5~35 을 연다,구간확정
PHOENIX,6,하이웨이 체이서,사용자 확인 — **PHOENIX 존 전체**를 봤다고 하셨다 (번호 없이 존 단위). 못 본 구간 5~35 을 연다,구간확정
PHOENIX,7,이터널 유니버스,사용자 확인 — **PHOENIX 존 전체**를 봤다고 하셨다 (번호 없이 존 단위). 못 본 구간 5~35 을 연다,구간확정
PHOENIX,8,번 아웃,사용자 확인 — **PHOENIX 존 전체**를 봤다고 하셨다 (번호 없이 존 단위). 못 본 구간 5~35 을 연다,구간확정
PHOENIX,9,4NT,사용자 확인 — **PHOENIX 존 전체**를 봤다고 하셨다 (번호 없이 존 단위). 못 본 구간 5~35 을 연다,구간확정
PHOENIX,10,얼티밋 아이즈,사용자 확인 — **PHOENIX 존 전체**를 봤다고 하셨다 (번호 없이 존 단위). 못 본 구간 5~35 을 연다,구간확정
PHOENIX,11,냥-턴 (feat. KuTiNA),사용자 확인 — **PHOENIX 존 전체**를 봤다고 하셨다 (번호 없이 존 단위). 못 본 구간 5~35 을 연다,구간확정
PHOENIX,12,벡터,사용자 확인 — **PHOENIX 존 전체**를 봤다고 하셨다 (번호 없이 존 단위). 못 본 구간 5~35 을 연다,구간확정
PHOENIX,13,베르사이유,사용자 확인 — **PHOENIX 존 전체**를 봤다고 하셨다 (번호 없이 존 단위). 못 본 구간 5~35 을 연다,구간확정
PHOENIX,14,더 아포칼립스,사용자 확인 — **PHOENIX 존 전체**를 봤다고 하셨다 (번호 없이 존 단위). 못 본 구간 5~35 을 연다,구간확정
PHOENIX,15,쇼다운,사용자 확인 — **PHOENIX 존 전체**를 봤다고 하셨다 (번호 없이 존 단위). 못 본 구간 5~35 을 연다,구간확정
PHOENIX,16,붐!!,사용자 확인 — **PHOENIX 존 전체**를 봤다고 하셨다 (번호 없이 존 단위). 못 본 구간 5~35 을 연다,구간확정
PHOENIX,17,유포리아닉,사용자 확인 — **PHOENIX 존 전체**를 봤다고 하셨다 (번호 없이 존 단위). 못 본 구간 5~35 을 연다,구간확정
PHOENIX,18,할로윈 파티 ~Multiverse~,사용자 확인 — **PHOENIX 존 전체**를 봤다고 하셨다 (번호 없이 존 단위). 못 본 구간 5~35 을 연다,구간확정
PHOENIX,19,쥬핀,사용자 확인 — **PHOENIX 존 전체**를 봤다고 하셨다 (번호 없이 존 단위). 못 본 구간 5~35 을 연다,구간확정
PHOENIX,20,그로스,사용자 확인 — **PHOENIX 존 전체**를 봤다고 하셨다 (번호 없이 존 단위). 못 본 구간 5~35 을 연다,구간확정
PHOENIX,21,꼭두각시,사용자 확인 — **PHOENIX 존 전체**를 봤다고 하셨다 (번호 없이 존 단위). 못 본 구간 5~35 을 연다,구간확정
PHOENIX,22,플레이버 스텝!,사용자 확인 — **PHOENIX 존 전체**를 봤다고 하셨다 (번호 없이 존 단위). 못 본 구간 5~35 을 연다,구간확정
PHOENIX,23,데드 엔드,사용자 확인 — **PHOENIX 존 전체**를 봤다고 하셨다 (번호 없이 존 단위). 못 본 구간 5~35 을 연다,구간확정
PHOENIX,24,루시드 드림,사용자 확인 — **PHOENIX 존 전체**를 봤다고 하셨다 (번호 없이 존 단위). 못 본 구간 5~35 을 연다,구간확정
PHOENIX,25,시,사용자 확인 — **PHOENIX 존 전체**를 봤다고 하셨다 (번호 없이 존 단위). 못 본 구간 5~35 을 연다,구간확정
PHOENIX,26,추격,사용자 확인 — **PHOENIX 존 전체**를 봤다고 하셨다 (번호 없이 존 단위). 못 본 구간 5~35 을 연다,구간확정
PHOENIX,27,스타드림 -Eurobeat Remix-,사용자 확인 — **PHOENIX 존 전체**를 봤다고 하셨다 (번호 없이 존 단위). 못 본 구간 5~35 을 연다,구간확정
PHOENIX,28,1948,사용자 확인 — **PHOENIX 존 전체**를 봤다고 하셨다 (번호 없이 존 단위). 못 본 구간 5~35 을 연다,구간확정
PHOENIX,29,결투,사용자 확인 — **PHOENIX 존 전체**를 봤다고 하셨다 (번호 없이 존 단위). 못 본 구간 5~35 을 연다,구간확정
PHOENIX,30,배니쉬 2 - Roar of the invisible dragon,사용자 확인 — **PHOENIX 존 전체**를 봤다고 하셨다 (번호 없이 존 단위). 못 본 구간 5~35 을 연다,구간확정
PHOENIX,31,라크리모사,사용자 확인 — **PHOENIX 존 전체**를 봤다고 하셨다 (번호 없이 존 단위). 못 본 구간 5~35 을 연다,구간확정
PHOENIX,32,솔페지에토,사용자 확인 — **PHOENIX 존 전체**를 봤다고 하셨다 (번호 없이 존 단위). 못 본 구간 5~35 을 연다,구간확정
PHOENIX,33,머독,사용자 확인 — **PHOENIX 존 전체**를 봤다고 하셨다 (번호 없이 존 단위). 못 본 구간 5~35 을 연다,구간확정
PHOENIX,34,리틀 먼치킨,사용자 확인 — **PHOENIX 존 전체**를 봤다고 하셨다 (번호 없이 존 단위). 못 본 구간 5~35 을 연다,구간확정
PHOENIX,35,"사이먼 세이즈, 유로댄스!! (feat. Sara☆M)",사용자 확인 — **PHOENIX 존 전체**를 봤다고 하셨다 (번호 없이 존 단위). 못 본 구간 5~35 을 연다,구간확정
PHOENIX,48,소닉 붐,사용자 확인 — **PHOENIX 존 전체**를 봤다고 하셨다 (번호 없이 존 단위). 못 본 구간 48~50 을 연다,구간확정
PHOENIX,49,메가하츠,사용자 확인 — **PHOENIX 존 전체**를 봤다고 하셨다 (번호 없이 존 단위). 못 본 구간 48~50 을 연다,구간확정
PHOENIX,50,다크사이드 오브 더 마인드,사용자 확인 — **PHOENIX 존 전체**를 봤다고 하셨다 (번호 없이 존 단위). 못 본 구간 48~50 을 연다,구간확정
PHOENIX,56,데카 댄스,사용자 확인 — **PHOENIX 존 전체**를 봤다고 하셨다 (번호 없이 존 단위). 못 본 구간 56~124 을 연다,구간확정
PHOENIX,57,뉴 로즈,사용자 확인 — **PHOENIX 존 전체**를 봤다고 하셨다 (번호 없이 존 단위). 못 본 구간 56~124 을 연다,구간확정
PHOENIX,58,헤라클레스,사용자 확인 — **PHOENIX 존 전체**를 봤다고 하셨다 (번호 없이 존 단위). 못 본 구간 56~124 을 연다,구간확정
PHOENIX,59,인베이젼,사용자 확인 — **PHOENIX 존 전체**를 봤다고 하셨다 (번호 없이 존 단위). 못 본 구간 56~124 을 연다,구간확정
PHOENIX,60,에렌델,사용자 확인 — **PHOENIX 존 전체**를 봤다고 하셨다 (번호 없이 존 단위). 못 본 구간 56~124 을 연다,구간확정
PHOENIX,61,힘 오브 골든 글로리,사용자 확인 — **PHOENIX 존 전체**를 봤다고 하셨다 (번호 없이 존 단위). 못 본 구간 56~124 을 연다,구간확정
PHOENIX,62,아테나의 방패,사용자 확인 — **PHOENIX 존 전체**를 봤다고 하셨다 (번호 없이 존 단위). 못 본 구간 56~124 을 연다,구간확정
PHOENIX,63,머독 vs 오타다,사용자 확인 — **PHOENIX 존 전체**를 봤다고 하셨다 (번호 없이 존 단위). 못 본 구간 56~124 을 연다,구간확정
PHOENIX,64,위더 가든,사용자 확인 — **PHOENIX 존 전체**를 봤다고 하셨다 (번호 없이 존 단위). 못 본 구간 56~124 을 연다,구간확정
PHOENIX,65,이매저너라이즈드 시티,사용자 확인 — **PHOENIX 존 전체**를 봤다고 하셨다 (번호 없이 존 단위). 못 본 구간 56~124 을 연다,구간확정
PHOENIX,66,크림슨 후드,사용자 확인 — **PHOENIX 존 전체**를 봤다고 하셨다 (번호 없이 존 단위). 못 본 구간 56~124 을 연다,구간확정
PHOENIX,67,도플갱어,사용자 확인 — **PHOENIX 존 전체**를 봤다고 하셨다 (번호 없이 존 단위). 못 본 구간 56~124 을 연다,구간확정
PHOENIX,68,디스트릭트 V,사용자 확인 — **PHOENIX 존 전체**를 봤다고 하셨다 (번호 없이 존 단위). 못 본 구간 56~124 을 연다,구간확정
PHOENIX,69,유포리아닉 - SHORT CUT -,사용자 확인 — **PHOENIX 존 전체**를 봤다고 하셨다 (번호 없이 존 단위). 못 본 구간 56~124 을 연다,구간확정
PHOENIX,70,피닉스 오프닝 - SHORT CUT -,사용자 확인 — **PHOENIX 존 전체**를 봤다고 하셨다 (번호 없이 존 단위). 못 본 구간 56~124 을 연다,구간확정
PHOENIX,71,쥬핀 - SHORT CUT -,사용자 확인 — **PHOENIX 존 전체**를 봤다고 하셨다 (번호 없이 존 단위). 못 본 구간 56~124 을 연다,구간확정
PHOENIX,72,그로스 - SHORT CUT -,사용자 확인 — **PHOENIX 존 전체**를 봤다고 하셨다 (번호 없이 존 단위). 못 본 구간 56~124 을 연다,구간확정
PHOENIX,73,네오 카타르시스 - SHORT CUT -,사용자 확인 — **PHOENIX 존 전체**를 봤다고 하셨다 (번호 없이 존 단위). 못 본 구간 56~124 을 연다,구간확정
PHOENIX,74,힘 오브 골든 글로리 - SHORT CUT -,사용자 확인 — **PHOENIX 존 전체**를 봤다고 하셨다 (번호 없이 존 단위). 못 본 구간 56~124 을 연다,구간확정
PHOENIX,75,할로윈 파티 ~Multiverse~ - SHORT CUT -,사용자 확인 — **PHOENIX 존 전체**를 봤다고 하셨다 (번호 없이 존 단위). 못 본 구간 56~124 을 연다,구간확정
PHOENIX,76,스타드림 -Eurobeat Remix- - SHORT CUT -,사용자 확인 — **PHOENIX 존 전체**를 봤다고 하셨다 (번호 없이 존 단위). 못 본 구간 56~124 을 연다,구간확정
PHOENIX,77,프ㄹi마 마테ㄹi아 - SHORT CUT -,사용자 확인 — **PHOENIX 존 전체**를 봤다고 하셨다 (번호 없이 존 단위). 못 본 구간 56~124 을 연다,구간확정
PHOENIX,78,결투 - SHORT CUT -,사용자 확인 — **PHOENIX 존 전체**를 봤다고 하셨다 (번호 없이 존 단위). 못 본 구간 56~124 을 연다,구간확정
PHOENIX,79,머독 vs 오타다 - SHORT CUT -,사용자 확인 — **PHOENIX 존 전체**를 봤다고 하셨다 (번호 없이 존 단위). 못 본 구간 56~124 을 연다,구간확정
PHOENIX,80,솔브 마이 허트 - SHORT CUT -,사용자 확인 — **PHOENIX 존 전체**를 봤다고 하셨다 (번호 없이 존 단위). 못 본 구간 56~124 을 연다,구간확정
PHOENIX,81,바이너리 스타,사용자 확인 — **PHOENIX 존 전체**를 봤다고 하셨다 (번호 없이 존 단위). 못 본 구간 56~124 을 연다,구간확정
PHOENIX,82,어바웃 더 유니버스,사용자 확인 — **PHOENIX 존 전체**를 봤다고 하셨다 (번호 없이 존 단위). 못 본 구간 56~124 을 연다,구간확정
PHOENIX,83,퍼페츄얼,사용자 확인 — **PHOENIX 존 전체**를 봤다고 하셨다 (번호 없이 존 단위). 못 본 구간 56~124 을 연다,구간확정
PHOENIX,84,댄싱,사용자 확인 — **PHOENIX 존 전체**를 봤다고 하셨다 (번호 없이 존 단위). 못 본 구간 56~124 을 연다,구간확정
PHOENIX,85,갤럭시 컬랩스,사용자 확인 — **PHOENIX 존 전체**를 봤다고 하셨다 (번호 없이 존 단위). 못 본 구간 56~124 을 연다,구간확정
PHOENIX,86,프렉쳐 텀퍼렐르,사용자 확인 — **PHOENIX 존 전체**를 봤다고 하셨다 (번호 없이 존 단위). 못 본 구간 56~124 을 연다,구간확정
PHOENIX,87,카타스트로피,사용자 확인 — **PHOENIX 존 전체**를 봤다고 하셨다 (번호 없이 존 단위). 못 본 구간 56~124 을 연다,구간확정
PHOENIX,88,휴먼 익스팅션 (PIU Edit.),사용자 확인 — **PHOENIX 존 전체**를 봤다고 하셨다 (번호 없이 존 단위). 못 본 구간 56~124 을 연다,구간확정
PHOENIX,89,댓 키티 (PIU Edit.),사용자 확인 — **PHOENIX 존 전체**를 봤다고 하셨다 (번호 없이 존 단위). 못 본 구간 56~124 을 연다,구간확정
PHOENIX,90,언더월드 ft. Skizzo (PIU Edit.),사용자 확인 — **PHOENIX 존 전체**를 봤다고 하셨다 (번호 없이 존 단위). 못 본 구간 56~124 을 연다,구간확정
PHOENIX,91,네이드 네이드,사용자 확인 — **PHOENIX 존 전체**를 봤다고 하셨다 (번호 없이 존 단위). 못 본 구간 56~124 을 연다,구간확정
PHOENIX,92,굿텍,사용자 확인 — **PHOENIX 존 전체**를 봤다고 하셨다 (번호 없이 존 단위). 못 본 구간 56~124 을 연다,구간확정
PHOENIX,93,코스믹 레일로드,사용자 확인 — **PHOENIX 존 전체**를 봤다고 하셨다 (번호 없이 존 단위). 못 본 구간 56~124 을 연다,구간확정
PHOENIX,94,에너지 시너지 매트릭스,사용자 확인 — **PHOENIX 존 전체**를 봤다고 하셨다 (번호 없이 존 단위). 못 본 구간 56~124 을 연다,구간확정
PHOENIX,95,밀크,사용자 확인 — **PHOENIX 존 전체**를 봤다고 하셨다 (번호 없이 존 단위). 못 본 구간 56~124 을 연다,구간확정
PHOENIX,96,어콰이어,사용자 확인 — **PHOENIX 존 전체**를 봤다고 하셨다 (번호 없이 존 단위). 못 본 구간 56~124 을 연다,구간확정
PHOENIX,97,진폐증 ft. Kagamine Len/GUMI,사용자 확인 — **PHOENIX 존 전체**를 봤다고 하셨다 (번호 없이 존 단위). 못 본 구간 56~124 을 연다,구간확정
PHOENIX,98,알테일,사용자 확인 — **PHOENIX 존 전체**를 봤다고 하셨다 (번호 없이 존 단위). 못 본 구간 56~124 을 연다,구간확정
PHOENIX,99,이렐리아,사용자 확인 — **PHOENIX 존 전체**를 봤다고 하셨다 (번호 없이 존 단위). 못 본 구간 56~124 을 연다,구간확정
PHOENIX,100,굿바운스,사용자 확인 — **PHOENIX 존 전체**를 봤다고 하셨다 (번호 없이 존 단위). 못 본 구간 56~124 을 연다,구간확정
PHOENIX,101,앨리스 인 미산트로프,사용자 확인 — **PHOENIX 존 전체**를 봤다고 하셨다 (번호 없이 존 단위). 못 본 구간 56~124 을 연다,구간확정
PHOENIX,102,R.I.P.,사용자 확인 — **PHOENIX 존 전체**를 봤다고 하셨다 (번호 없이 존 단위). 못 본 구간 56~124 을 연다,구간확정
PHOENIX,103,에모모모,사용자 확인 — **PHOENIX 존 전체**를 봤다고 하셨다 (번호 없이 존 단위). 못 본 구간 56~124 을 연다,구간확정
PHOENIX,104,푸파,사용자 확인 — **PHOENIX 존 전체**를 봤다고 하셨다 (번호 없이 존 단위). 못 본 구간 56~124 을 연다,구간확정
PHOENIX,105,스테이저,사용자 확인 — **PHOENIX 존 전체**를 봤다고 하셨다 (번호 없이 존 단위). 못 본 구간 56~124 을 연다,구간확정
PHOENIX,106,러쉬-모어,사용자 확인 — **PHOENIX 존 전체**를 봤다고 하셨다 (번호 없이 존 단위). 못 본 구간 56~124 을 연다,구간확정
PHOENIX,107,러쉬-아워,사용자 확인 — **PHOENIX 존 전체**를 봤다고 하셨다 (번호 없이 존 단위). 못 본 구간 56~124 을 연다,구간확정
PHOENIX,108,* 이 게임은 존재하지 않습니다 *,사용자 확인 — **PHOENIX 존 전체**를 봤다고 하셨다 (번호 없이 존 단위). 못 본 구간 56~124 을 연다,구간확정
PHOENIX,109,마히카,사용자 확인 — **PHOENIX 존 전체**를 봤다고 하셨다 (번호 없이 존 단위). 못 본 구간 56~124 을 연다,구간확정
PHOENIX,110,지젤,사용자 확인 — **PHOENIX 존 전체**를 봤다고 하셨다 (번호 없이 존 단위). 못 본 구간 56~124 을 연다,구간확정
PHOENIX,111,스푸키 마카롱,사용자 확인 — **PHOENIX 존 전체**를 봤다고 하셨다 (번호 없이 존 단위). 못 본 구간 56~124 을 연다,구간확정
PHOENIX,112,아라가미,사용자 확인 — **PHOENIX 존 전체**를 봤다고 하셨다 (번호 없이 존 단위). 못 본 구간 56~124 을 연다,구간확정
PHOENIX,113,할시온,사용자 확인 — **PHOENIX 존 전체**를 봤다고 하셨다 (번호 없이 존 단위). 못 본 구간 56~124 을 연다,구간확정
PHOENIX,114,디스트로0ㅣ어,사용자 확인 — **PHOENIX 존 전체**를 봤다고 하셨다 (번호 없이 존 단위). 못 본 구간 56~124 을 연다,구간확정
PHOENIX,115,빅 대디,사용자 확인 — **PHOENIX 존 전체**를 봤다고 하셨다 (번호 없이 존 단위). 못 본 구간 56~124 을 연다,구간확정
PHOENIX,116,플래시 아웃,사용자 확인 — **PHOENIX 존 전체**를 봤다고 하셨다 (번호 없이 존 단위). 못 본 구간 56~124 을 연다,구간확정
PHOENIX,117,오딘,사용자 확인 — **PHOENIX 존 전체**를 봤다고 하셨다 (번호 없이 존 단위). 못 본 구간 56~124 을 연다,구간확정
PHOENIX,118,비코즈 오브 유,사용자 확인 — **PHOENIX 존 전체**를 봤다고 하셨다 (번호 없이 존 단위). 못 본 구간 56~124 을 연다,구간확정
PHOENIX,119,†도프†센시†,사용자 확인 — **PHOENIX 존 전체**를 봤다고 하셨다 (번호 없이 존 단위). 못 본 구간 56~124 을 연다,구간확정
PHOENIX,120,팝핀 샤워,사용자 확인 — **PHOENIX 존 전체**를 봤다고 하셨다 (번호 없이 존 단위). 못 본 구간 56~124 을 연다,구간확정
PHOENIX,121,브레이크 스루 마이셀프 feat. Risa Yuzuki,사용자 확인 — **PHOENIX 존 전체**를 봤다고 하셨다 (번호 없이 존 단위). 못 본 구간 56~124 을 연다,구간확정
PHOENIX,122,비옐라의 악몽,사용자 확인 — **PHOENIX 존 전체**를 봤다고 하셨다 (번호 없이 존 단위). 못 본 구간 56~124 을 연다,구간확정
PHOENIX,123,쵸빗 플레이버,사용자 확인 — **PHOENIX 존 전체**를 봤다고 하셨다 (번호 없이 존 단위). 못 본 구간 56~124 을 연다,구간확정
PHOENIX,124,얼라이브,사용자 확인 — **PHOENIX 존 전체**를 봤다고 하셨다 (번호 없이 존 단위). 못 본 구간 56~124 을 연다,구간확정
PHOENIX,130,호랑풍류가,사용자 확인 — **PHOENIX 존 전체**를 봤다고 하셨다 (번호 없이 존 단위). 못 본 구간 130~130 을 연다,구간확정
PHOENIX 2,5,엔조이 더 쇼,사용자 확인 — **PHOENIX 2 존 전체**를 봤다고 하셨다 (번호 없이 존 단위). 못 본 구간 5~14 을 연다,구간확정(미검증)
PHOENIX 2,6,응징 레스토랑,사용자 확인 — **PHOENIX 2 존 전체**를 봤다고 하셨다 (번호 없이 존 단위). 못 본 구간 5~14 을 연다,구간확정(미검증)
PHOENIX 2,7,블레이저,사용자 확인 — **PHOENIX 2 존 전체**를 봤다고 하셨다 (번호 없이 존 단위). 못 본 구간 5~14 을 연다,구간확정(미검증)
PHOENIX 2,8,B3,사용자 확인 — **PHOENIX 2 존 전체**를 봤다고 하셨다 (번호 없이 존 단위). 못 본 구간 5~14 을 연다,구간확정(미검증)
PHOENIX 2,9,디기탈리스,사용자 확인 — **PHOENIX 2 존 전체**를 봤다고 하셨다 (번호 없이 존 단위). 못 본 구간 5~14 을 연다,구간확정(미검증)
PHOENIX 2,10,더 라스트 리벨리온,사용자 확인 — **PHOENIX 2 존 전체**를 봤다고 하셨다 (번호 없이 존 단위). 못 본 구간 5~14 을 연다,구간확정(미검증)
PHOENIX 2,11,오버나이트 플라워,사용자 확인 — **PHOENIX 2 존 전체**를 봤다고 하셨다 (번호 없이 존 단위). 못 본 구간 5~14 을 연다,구간확정(미검증)
PHOENIX 2,12,레전더리 도미니언,사용자 확인 — **PHOENIX 2 존 전체**를 봤다고 하셨다 (번호 없이 존 단위). 못 본 구간 5~14 을 연다,구간확정(미검증)
PHOENIX 2,13,크래쉬 랜딩 랑데부,사용자 확인 — **PHOENIX 2 존 전체**를 봤다고 하셨다 (번호 없이 존 단위). 못 본 구간 5~14 을 연다,구간확정(미검증)
PHOENIX 2,14,콰투오룩스,사용자 확인 — **PHOENIX 2 존 전체**를 봤다고 하셨다 (번호 없이 존 단위). 못 본 구간 5~14 을 연다,구간확정(미검증)
PRIME,5,요그 소토스,사용자 확인 — **PRIME 존 전체**를 봤다고 하셨다 (번호 없이 존 단위). 못 본 구간 5~13 을 연다,구간확정
PRIME,6,실루엣 이펙트,사용자 확인 — **PRIME 존 전체**를 봤다고 하셨다 (번호 없이 존 단위). 못 본 구간 5~13 을 연다,구간확정
PRIME,7,차이니즈 레스토랑,사용자 확인 — **PRIME 존 전체**를 봤다고 하셨다 (번호 없이 존 단위). 못 본 구간 5~13 을 연다,구간확정
PRIME,8,아발란치,사용자 확인 — **PRIME 존 전체**를 봤다고 하셨다 (번호 없이 존 단위). 못 본 구간 5~13 을 연다,구간확정
PRIME,9,포스 오브 라,사용자 확인 — **PRIME 존 전체**를 봤다고 하셨다 (번호 없이 존 단위). 못 본 구간 5~13 을 연다,구간확정
PRIME,10,레퀴엠,사용자 확인 — **PRIME 존 전체**를 봤다고 하셨다 (번호 없이 존 단위). 못 본 구간 5~13 을 연다,구간확정
PRIME,11,유 갓 미 크레이지,사용자 확인 — **PRIME 존 전체**를 봤다고 하셨다 (번호 없이 존 단위). 못 본 구간 5~13 을 연다,구간확정
PRIME,12,B2,사용자 확인 — **PRIME 존 전체**를 봤다고 하셨다 (번호 없이 존 단위). 못 본 구간 5~13 을 연다,구간확정
PRIME,13,메테오라이즈,사용자 확인 — **PRIME 존 전체**를 봤다고 하셨다 (번호 없이 존 단위). 못 본 구간 5~13 을 연다,구간확정
PRIME,19,슈퍼 판타지,사용자 확인 — **PRIME 존 전체**를 봤다고 하셨다 (번호 없이 존 단위). 못 본 구간 19~74 을 연다,구간확정
PRIME,20,바이올렛 퍼퓸,사용자 확인 — **PRIME 존 전체**를 봤다고 하셨다 (번호 없이 존 단위). 못 본 구간 19~74 을 연다,구간확정
PRIME,21,레드 스완,사용자 확인 — **PRIME 존 전체**를 봤다고 하셨다 (번호 없이 존 단위). 못 본 구간 19~74 을 연다,구간확정
PRIME,22,히아신스,사용자 확인 — **PRIME 존 전체**를 봤다고 하셨다 (번호 없이 존 단위). 못 본 구간 19~74 을 연다,구간확정
PRIME,23,블레이즈 이모션 (Band version),사용자 확인 — **PRIME 존 전체**를 봤다고 하셨다 (번호 없이 존 단위). 못 본 구간 19~74 을 연다,구간확정
PRIME,24,1950,사용자 확인 — **PRIME 존 전체**를 봤다고 하셨다 (번호 없이 존 단위). 못 본 구간 19~74 을 연다,구간확정
PRIME,25,설탕음모론,사용자 확인 — **PRIME 존 전체**를 봤다고 하셨다 (번호 없이 존 단위). 못 본 구간 19~74 을 연다,구간확정
PRIME,26,알레그로 피유 모쏘,사용자 확인 — **PRIME 존 전체**를 봤다고 하셨다 (번호 없이 존 단위). 못 본 구간 19~74 을 연다,구간확정
PRIME,27,어나이얼레이터 메소드,사용자 확인 — **PRIME 존 전체**를 봤다고 하셨다 (번호 없이 존 단위). 못 본 구간 19~74 을 연다,구간확정
PRIME,28,무브 댓 바디!,사용자 확인 — **PRIME 존 전체**를 봤다고 하셨다 (번호 없이 존 단위). 못 본 구간 19~74 을 연다,구간확정
PRIME,29,스콜피온 킹,사용자 확인 — **PRIME 존 전체**를 봤다고 하셨다 (번호 없이 존 단위). 못 본 구간 19~74 을 연다,구간확정
PRIME,30,포인트 제로 원,사용자 확인 — **PRIME 존 전체**를 봤다고 하셨다 (번호 없이 존 단위). 못 본 구간 19~74 을 연다,구간확정
PRIME,31,레드 스노우,사용자 확인 — **PRIME 존 전체**를 봤다고 하셨다 (번호 없이 존 단위). 못 본 구간 19~74 을 연다,구간확정
PRIME,32,캄파넬라,사용자 확인 — **PRIME 존 전체**를 봤다고 하셨다 (번호 없이 존 단위). 못 본 구간 19~74 을 연다,구간확정
PRIME,33,유 어게인 마이 러브,사용자 확인 — **PRIME 존 전체**를 봤다고 하셨다 (번호 없이 존 단위). 못 본 구간 19~74 을 연다,구간확정
PRIME,34,로봇 배틀,사용자 확인 — **PRIME 존 전체**를 봤다고 하셨다 (번호 없이 존 단위). 못 본 구간 19~74 을 연다,구간확정
PRIME,35,레미니센스,사용자 확인 — **PRIME 존 전체**를 봤다고 하셨다 (번호 없이 존 단위). 못 본 구간 19~74 을 연다,구간확정
PRIME,36,모멘트 데이,사용자 확인 — **PRIME 존 전체**를 봤다고 하셨다 (번호 없이 존 단위). 못 본 구간 19~74 을 연다,구간확정
PRIME,37,브레이크 잇 다운,사용자 확인 — **PRIME 존 전체**를 봤다고 하셨다 (번호 없이 존 단위). 못 본 구간 19~74 을 연다,구간확정
PRIME,38,하이퍼큐브,사용자 확인 — **PRIME 존 전체**를 봤다고 하셨다 (번호 없이 존 단위). 못 본 구간 19~74 을 연다,구간확정
PRIME,39,라이크 미,사용자 확인 — **PRIME 존 전체**를 봤다고 하셨다 (번호 없이 존 단위). 못 본 구간 19~74 을 연다,구간확정
PRIME,40,베토벤 인플루엔자,사용자 확인 — **PRIME 존 전체**를 봤다고 하셨다 (번호 없이 존 단위). 못 본 구간 19~74 을 연다,구간확정
PRIME,41,아발란퀴엠,사용자 확인 — **PRIME 존 전체**를 봤다고 하셨다 (번호 없이 존 단위). 못 본 구간 19~74 을 연다,구간확정
PRIME,42,패러독스,사용자 확인 — **PRIME 존 전체**를 봤다고 하셨다 (번호 없이 존 단위). 못 본 구간 19~74 을 연다,구간확정
PRIME,43,무브 댓 바디! - FULL SONG -,사용자 확인 — **PRIME 존 전체**를 봤다고 하셨다 (번호 없이 존 단위). 못 본 구간 19~74 을 연다,구간확정
PRIME,44,슈퍼 판타지 - SHORT CUT -,사용자 확인 — **PRIME 존 전체**를 봤다고 하셨다 (번호 없이 존 단위). 못 본 구간 19~74 을 연다,구간확정
PRIME,45,요그 소토스 - SHORT CUT -,사용자 확인 — **PRIME 존 전체**를 봤다고 하셨다 (번호 없이 존 단위). 못 본 구간 19~74 을 연다,구간확정
PRIME,46,실루엣 이펙트 - SHORT CUT -,사용자 확인 — **PRIME 존 전체**를 봤다고 하셨다 (번호 없이 존 단위). 못 본 구간 19~74 을 연다,구간확정
PRIME,47,무브 댓 바디! - SHORT CUT -,사용자 확인 — **PRIME 존 전체**를 봤다고 하셨다 (번호 없이 존 단위). 못 본 구간 19~74 을 연다,구간확정
PRIME,48,프라임 오프닝 - SHORT CUT -,사용자 확인 — **PRIME 존 전체**를 봤다고 하셨다 (번호 없이 존 단위). 못 본 구간 19~74 을 연다,구간확정
PRIME,49,락 더 하우스,사용자 확인 — **PRIME 존 전체**를 봤다고 하셨다 (번호 없이 존 단위). 못 본 구간 19~74 을 연다,구간확정
PRIME,50,더 레볼루션,사용자 확인 — **PRIME 존 전체**를 봤다고 하셨다 (번호 없이 존 단위). 못 본 구간 19~74 을 연다,구간확정
PRIME,51,셀피쉬니스,사용자 확인 — **PRIME 존 전체**를 봤다고 하셨다 (번호 없이 존 단위). 못 본 구간 19~74 을 연다,구간확정
PRIME,52,코스미컬 리듬,사용자 확인 — **PRIME 존 전체**를 봤다고 하셨다 (번호 없이 존 단위). 못 본 구간 19~74 을 연다,구간확정
PRIME,53,돌리 키스,사용자 확인 — **PRIME 존 전체**를 봤다고 하셨다 (번호 없이 존 단위). 못 본 구간 19~74 을 연다,구간확정
PRIME,54,마타도르,사용자 확인 — **PRIME 존 전체**를 봤다고 하셨다 (번호 없이 존 단위). 못 본 구간 19~74 을 연다,구간확정
PRIME,55,밀키 웨이 갤럭시,사용자 확인 — **PRIME 존 전체**를 봤다고 하셨다 (번호 없이 존 단위). 못 본 구간 19~74 을 연다,구간확정
PRIME,56,필 마이 해피니스,사용자 확인 — **PRIME 존 전체**를 봤다고 하셨다 (번호 없이 존 단위). 못 본 구간 19~74 을 연다,구간확정
PRIME,57,라그나로크,사용자 확인 — **PRIME 존 전체**를 봤다고 하셨다 (번호 없이 존 단위). 못 본 구간 19~74 을 연다,구간확정
PRIME,58,아클루오이아스,사용자 확인 — **PRIME 존 전체**를 봤다고 하셨다 (번호 없이 존 단위). 못 본 구간 19~74 을 연다,구간확정
PRIME,59,까랴위사따,사용자 확인 — **PRIME 존 전체**를 봤다고 하셨다 (번호 없이 존 단위). 못 본 구간 19~74 을 연다,구간확정
PRIME,60,비디오 아웃 씨,사용자 확인 — **PRIME 존 전체**를 봤다고 하셨다 (번호 없이 존 단위). 못 본 구간 19~74 을 연다,구간확정
PRIME,61,스타더스트 오버드라이브,사용자 확인 — **PRIME 존 전체**를 봤다고 하셨다 (번호 없이 존 단위). 못 본 구간 19~74 을 연다,구간확정
PRIME,62,아마이 유우와쿠 데인저러스,사용자 확인 — **PRIME 존 전체**를 봤다고 하셨다 (번호 없이 존 단위). 못 본 구간 19~74 을 연다,구간확정
PRIME,63,요로피쿠 피쿠요로!,사용자 확인 — **PRIME 존 전체**를 봤다고 하셨다 (번호 없이 존 단위). 못 본 구간 19~74 을 연다,구간확정
PRIME,64,임프린팅,사용자 확인 — **PRIME 존 전체**를 봤다고 하셨다 (번호 없이 존 단위). 못 본 구간 19~74 을 연다,구간확정
PRIME,65,서든 로맨스 [PIU Edit],사용자 확인 — **PRIME 존 전체**를 봤다고 하셨다 (번호 없이 존 단위). 못 본 구간 19~74 을 연다,구간확정
PRIME,66,미토츠다이라,사용자 확인 — **PRIME 존 전체**를 봤다고 하셨다 (번호 없이 존 단위). 못 본 구간 19~74 을 연다,구간확정
PRIME,67,스마일 다이어리,사용자 확인 — **PRIME 존 전체**를 봤다고 하셨다 (번호 없이 존 단위). 못 본 구간 19~74 을 연다,구간확정
PRIME,68,배드 애플!! feat. Nomico,사용자 확인 — **PRIME 존 전체**를 봤다고 하셨다 (번호 없이 존 단위). 못 본 구간 19~74 을 연다,구간확정
PRIME,69,프라임,사용자 확인 — **PRIME 존 전체**를 봤다고 하셨다 (번호 없이 존 단위). 못 본 구간 19~74 을 연다,구간확정
PRIME,70,퀸 오브 더 레드,사용자 확인 — **PRIME 존 전체**를 봤다고 하셨다 (번호 없이 존 단위). 못 본 구간 19~74 을 연다,구간확정
PRIME,71,아이디얼라이즈드 로맨스,사용자 확인 — **PRIME 존 전체**를 봤다고 하셨다 (번호 없이 존 단위). 못 본 구간 19~74 을 연다,구간확정
PRIME,72,저스트 홀드 온 (To All Fighters),사용자 확인 — **PRIME 존 전체**를 봤다고 하셨다 (번호 없이 존 단위). 못 본 구간 19~74 을 연다,구간확정
PRIME,73,배드 애플!! feat. Nomico - FULL SONG -,사용자 확인 — **PRIME 존 전체**를 봤다고 하셨다 (번호 없이 존 단위). 못 본 구간 19~74 을 연다,구간확정
PRIME,74,셀피쉬니스 - SHORT CUT -,사용자 확인 — **PRIME 존 전체**를 봤다고 하셨다 (번호 없이 존 단위). 못 본 구간 19~74 을 연다,구간확정
S1,4,비행기,사용자 확인 — **S1 존 전체**를 봤다고 하셨다 (번호 없이 존 단위). 못 본 구간 4~17 을 연다,구간확정(미검증)
S1,5,날아올라,사용자 확인 — **S1 존 전체**를 봤다고 하셨다 (번호 없이 존 단위). 못 본 구간 4~17 을 연다,구간확정(미검증)
S1,6,유 앤 아이,사용자 확인 — **S1 존 전체**를 봤다고 하셨다 (번호 없이 존 단위). 못 본 구간 4~17 을 연다,구간확정(미검증)
S1,7,스타드림 (feat. Romelon),사용자 확인 — **S1 존 전체**를 봤다고 하셨다 (번호 없이 존 단위). 못 본 구간 4~17 을 연다,구간확정(미검증)
S1,8,설탕음모론,사용자 확인 — **S1 존 전체**를 봤다고 하셨다 (번호 없이 존 단위). 못 본 구간 4~17 을 연다,구간확정(미검증)
S1,9,유 어게인 마이 러브,사용자 확인 — **S1 존 전체**를 봤다고 하셨다 (번호 없이 존 단위). 못 본 구간 4~17 을 연다,구간확정(미검증)
S1,10,여래아,사용자 확인 — **S1 존 전체**를 봤다고 하셨다 (번호 없이 존 단위). 못 본 구간 4~17 을 연다,구간확정(미검증)
S1,11,위 갓 투 노우,사용자 확인 — **S1 존 전체**를 봤다고 하셨다 (번호 없이 존 단위). 못 본 구간 4~17 을 연다,구간확정(미검증)
S1,12,케이.오.에이 : 엘리스 인 원더월드,사용자 확인 — **S1 존 전체**를 봤다고 하셨다 (번호 없이 존 단위). 못 본 구간 4~17 을 연다,구간확정(미검증)
S1,13,사랑가,사용자 확인 — **S1 존 전체**를 봤다고 하셨다 (번호 없이 존 단위). 못 본 구간 4~17 을 연다,구간확정(미검증)
S1,14,라라,사용자 확인 — **S1 존 전체**를 봤다고 하셨다 (번호 없이 존 단위). 못 본 구간 4~17 을 연다,구간확정(미검증)
S1,15,아마이 유우와쿠 데인저러스,사용자 확인 — **S1 존 전체**를 봤다고 하셨다 (번호 없이 존 단위). 못 본 구간 4~17 을 연다,구간확정(미검증)
S1,16,미토츠다이라,사용자 확인 — **S1 존 전체**를 봤다고 하셨다 (번호 없이 존 단위). 못 본 구간 4~17 을 연다,구간확정(미검증)
S1,17,배드 애플!! feat. Nomico,사용자 확인 — **S1 존 전체**를 봤다고 하셨다 (번호 없이 존 단위). 못 본 구간 4~17 을 연다,구간확정(미검증)
S11,5,디기탈리스,사용자 확인(대부분 8/14 영상 눈판독) — S11 의 5 번이 맞았다. 번호는 단조라 그 점이 맞으면 못 본 구간 5~5 전체의 밀림이 없다,구간확정
S11,11,더 아포칼립스,사용자 확인(대부분 8/14 영상 눈판독) — S11 의 11·12·13·14·15·16 외 9 번이 맞았다. 번호는 단조라 그 점이 맞으면 못 본 구간 11~25 전체의 밀림이 없다,구간확정
S11,12,유포리아닉,사용자 확인(대부분 8/14 영상 눈판독) — S11 의 11·12·13·14·15·16 외 9 번이 맞았다. 번호는 단조라 그 점이 맞으면 못 본 구간 11~25 전체의 밀림이 없다,구간확정
S11,13,플레이버 스텝!,사용자 확인(대부분 8/14 영상 눈판독) — S11 의 11·12·13·14·15·16 외 9 번이 맞았다. 번호는 단조라 그 점이 맞으면 못 본 구간 11~25 전체의 밀림이 없다,구간확정
S11,14,시,사용자 확인(대부분 8/14 영상 눈판독) — S11 의 11·12·13·14·15·16 외 9 번이 맞았다. 번호는 단조라 그 점이 맞으면 못 본 구간 11~25 전체의 밀림이 없다,구간확정
S11,15,추격,사용자 확인(대부분 8/14 영상 눈판독) — S11 의 11·12·13·14·15·16 외 9 번이 맞았다. 번호는 단조라 그 점이 맞으면 못 본 구간 11~25 전체의 밀림이 없다,구간확정
S11,16,머독,사용자 확인(대부분 8/14 영상 눈판독) — S11 의 11·12·13·14·15·16 외 9 번이 맞았다. 번호는 단조라 그 점이 맞으면 못 본 구간 11~25 전체의 밀림이 없다,구간확정
S11,17,"사이먼 세이즈, 유로댄스!! (feat. Sara☆M)",사용자 확인(대부분 8/14 영상 눈판독) — S11 의 11·12·13·14·15·16 외 9 번이 맞았다. 번호는 단조라 그 점이 맞으면 못 본 구간 11~25 전체의 밀림이 없다,구간확정
S11,18,바버스 매드니스,사용자 확인(대부분 8/14 영상 눈판독) — S11 의 11·12·13·14·15·16 외 9 번이 맞았다. 번호는 단조라 그 점이 맞으면 못 본 구간 11~25 전체의 밀림이 없다,구간확정
S11,19,요! 세이!! 페어리!!!,사용자 확인(대부분 8/14 영상 눈판독) — S11 의 11·12·13·14·15·16 외 9 번이 맞았다. 번호는 단조라 그 점이 맞으면 못 본 구간 11~25 전체의 밀림이 없다,구간확정
S11,20,아테나의 방패,사용자 확인(대부분 8/14 영상 눈판독) — S11 의 11·12·13·14·15·16 외 9 번이 맞았다. 번호는 단조라 그 점이 맞으면 못 본 구간 11~25 전체의 밀림이 없다,구간확정
S11,21,위더 가든,사용자 확인(대부분 8/14 영상 눈판독) — S11 의 11·12·13·14·15·16 외 9 번이 맞았다. 번호는 단조라 그 점이 맞으면 못 본 구간 11~25 전체의 밀림이 없다,구간확정
S11,22,스위트로닉,사용자 확인(대부분 8/14 영상 눈판독) — S11 의 11·12·13·14·15·16 외 9 번이 맞았다. 번호는 단조라 그 점이 맞으면 못 본 구간 11~25 전체의 밀림이 없다,구간확정
S11,23,트란사칼리아,사용자 확인(대부분 8/14 영상 눈판독) — S11 의 11·12·13·14·15·16 외 9 번이 맞았다. 번호는 단조라 그 점이 맞으면 못 본 구간 11~25 전체의 밀림이 없다,구간확정
S11,24,슈가 플럼,사용자 확인(대부분 8/14 영상 눈판독) — S11 의 11·12·13·14·15·16 외 9 번이 맞았다. 번호는 단조라 그 점이 맞으면 못 본 구간 11~25 전체의 밀림이 없다,구간확정
S11,25,아이스 오브 데스,사용자 확인(대부분 8/14 영상 눈판독) — S11 의 11·12·13·14·15·16 외 9 번이 맞았다. 번호는 단조라 그 점이 맞으면 못 본 구간 11~25 전체의 밀림이 없다,구간확정
S11,31,헬파이어,사용자 확인(대부분 8/14 영상 눈판독) — S11 의 31·32·33·34·35·36 외 19 번이 맞았다. 번호는 단조라 그 점이 맞으면 못 본 구간 31~55 전체의 밀림이 없다,구간확정
S11,32,크로스 오버 feat. LyuU,사용자 확인(대부분 8/14 영상 눈판독) — S11 의 31·32·33·34·35·36 외 19 번이 맞았다. 번호는 단조라 그 점이 맞으면 못 본 구간 31~55 전체의 밀림이 없다,구간확정
S11,33,다람쥐 헌 쳇바퀴에 타고파,사용자 확인(대부분 8/14 영상 눈판독) — S11 의 31·32·33·34·35·36 외 19 번이 맞았다. 번호는 단조라 그 점이 맞으면 못 본 구간 31~55 전체의 밀림이 없다,구간확정
S11,34,알레그로 퓨리오소,사용자 확인(대부분 8/14 영상 눈판독) — S11 의 31·32·33·34·35·36 외 19 번이 맞았다. 번호는 단조라 그 점이 맞으면 못 본 구간 31~55 전체의 밀림이 없다,구간확정
S11,35,우츠시요 노 카제 feat. Kana,사용자 확인(대부분 8/14 영상 눈판독) — S11 의 31·32·33·34·35·36 외 19 번이 맞았다. 번호는 단조라 그 점이 맞으면 못 본 구간 31~55 전체의 밀림이 없다,구간확정
S11,36,트래블 투 퓨처,사용자 확인(대부분 8/14 영상 눈판독) — S11 의 31·32·33·34·35·36 외 19 번이 맞았다. 번호는 단조라 그 점이 맞으면 못 본 구간 31~55 전체의 밀림이 없다,구간확정
S11,37,왈츠 오브 도지,사용자 확인(대부분 8/14 영상 눈판독) — S11 의 31·32·33·34·35·36 외 19 번이 맞았다. 번호는 단조라 그 점이 맞으면 못 본 구간 31~55 전체의 밀림이 없다,구간확정
S11,38,하트 어택,사용자 확인(대부분 8/14 영상 눈판독) — S11 의 31·32·33·34·35·36 외 19 번이 맞았다. 번호는 단조라 그 점이 맞으면 못 본 구간 31~55 전체의 밀림이 없다,구간확정
S11,39,캇코이,사용자 확인(대부분 8/14 영상 눈판독) — S11 의 31·32·33·34·35·36 외 19 번이 맞았다. 번호는 단조라 그 점이 맞으면 못 본 구간 31~55 전체의 밀림이 없다,구간확정
S11,40,아발란치,사용자 확인(대부분 8/14 영상 눈판독) — S11 의 31·32·33·34·35·36 외 19 번이 맞았다. 번호는 단조라 그 점이 맞으면 못 본 구간 31~55 전체의 밀림이 없다,구간확정
S11,41,암피트리온,사용자 확인(대부분 8/14 영상 눈판독) — S11 의 31·32·33·34·35·36 외 19 번이 맞았다. 번호는 단조라 그 점이 맞으면 못 본 구간 31~55 전체의 밀림이 없다,구간확정
S11,42,어나이얼레이터 메소드,사용자 확인(대부분 8/14 영상 눈판독) — S11 의 31·32·33·34·35·36 외 19 번이 맞았다. 번호는 단조라 그 점이 맞으면 못 본 구간 31~55 전체의 밀림이 없다,구간확정
S11,43,레드 스노우,사용자 확인(대부분 8/14 영상 눈판독) — S11 의 31·32·33·34·35·36 외 19 번이 맞았다. 번호는 단조라 그 점이 맞으면 못 본 구간 31~55 전체의 밀림이 없다,구간확정
S11,44,힙노시스(SynthWulf 믹스),사용자 확인(대부분 8/14 영상 눈판독) — S11 의 31·32·33·34·35·36 외 19 번이 맞았다. 번호는 단조라 그 점이 맞으면 못 본 구간 31~55 전체의 밀림이 없다,구간확정
S11,45,제네시스,사용자 확인(대부분 8/14 영상 눈판독) — S11 의 31·32·33·34·35·36 외 19 번이 맞았다. 번호는 단조라 그 점이 맞으면 못 본 구간 31~55 전체의 밀림이 없다,구간확정
S11,46,겟 업 (앤 고),사용자 확인(대부분 8/14 영상 눈판독) — S11 의 31·32·33·34·35·36 외 19 번이 맞았다. 번호는 단조라 그 점이 맞으면 못 본 구간 31~55 전체의 밀림이 없다,구간확정
S11,47,토카타,사용자 확인(대부분 8/14 영상 눈판독) — S11 의 31·32·33·34·35·36 외 19 번이 맞았다. 번호는 단조라 그 점이 맞으면 못 본 구간 31~55 전체의 밀림이 없다,구간확정
S11,48,비트 더 고스트,사용자 확인(대부분 8/14 영상 눈판독) — S11 의 31·32·33·34·35·36 외 19 번이 맞았다. 번호는 단조라 그 점이 맞으면 못 본 구간 31~55 전체의 밀림이 없다,구간확정
S11,49,투우사의 노래,사용자 확인(대부분 8/14 영상 눈판독) — S11 의 31·32·33·34·35·36 외 19 번이 맞았다. 번호는 단조라 그 점이 맞으면 못 본 구간 31~55 전체의 밀림이 없다,구간확정
S11,50,비트 오브 더 워 2,사용자 확인(대부분 8/14 영상 눈판독) — S11 의 31·32·33·34·35·36 외 19 번이 맞았다. 번호는 단조라 그 점이 맞으면 못 본 구간 31~55 전체의 밀림이 없다,구간확정
S11,51,월광,사용자 확인(대부분 8/14 영상 눈판독) — S11 의 31·32·33·34·35·36 외 19 번이 맞았다. 번호는 단조라 그 점이 맞으면 못 본 구간 31~55 전체의 밀림이 없다,구간확정
S11,52,러브 이즈 어 데인저 존 pt.2,사용자 확인(대부분 8/14 영상 눈판독) — S11 의 31·32·33·34·35·36 외 19 번이 맞았다. 번호는 단조라 그 점이 맞으면 못 본 구간 31~55 전체의 밀림이 없다,구간확정
S11,53,캐논 디,사용자 확인(대부분 8/14 영상 눈판독) — S11 의 31·32·33·34·35·36 외 19 번이 맞았다. 번호는 단조라 그 점이 맞으면 못 본 구간 31~55 전체의 밀림이 없다,구간확정
S11,54,헬로우,사용자 확인(대부분 8/14 영상 눈판독) — S11 의 31·32·33·34·35·36 외 19 번이 맞았다. 번호는 단조라 그 점이 맞으면 못 본 구간 31~55 전체의 밀림이 없다,구간확정
S11,55,컴 투 미,사용자 확인(대부분 8/14 영상 눈판독) — S11 의 31·32·33·34·35·36 외 19 번이 맞았다. 번호는 단조라 그 점이 맞으면 못 본 구간 31~55 전체의 밀림이 없다,구간확정
S11,61,엑스트라바간자,사용자 확인(대부분 8/14 영상 눈판독) — S11 의 61·62·63·64·65 번이 맞았다. 번호는 단조라 그 점이 맞으면 못 본 구간 61~65 전체의 밀림이 없다,구간확정
S11,62,갤럭시 컬랩스,사용자 확인(대부분 8/14 영상 눈판독) — S11 의 61·62·63·64·65 번이 맞았다. 번호는 단조라 그 점이 맞으면 못 본 구간 61~65 전체의 밀림이 없다,구간확정
S11,63,언더월드 ft. Skizzo (PIU Edit.),사용자 확인(대부분 8/14 영상 눈판독) — S11 의 61·62·63·64·65 번이 맞았다. 번호는 단조라 그 점이 맞으면 못 본 구간 61~65 전체의 밀림이 없다,구간확정
S11,64,에너지 시너지 매트릭스,사용자 확인(대부분 8/14 영상 눈판독) — S11 의 61·62·63·64·65 번이 맞았다. 번호는 단조라 그 점이 맞으면 못 본 구간 61~65 전체의 밀림이 없다,구간확정
S11,65,밀크,사용자 확인(대부분 8/14 영상 눈판독) — S11 의 61·62·63·64·65 번이 맞았다. 번호는 단조라 그 점이 맞으면 못 본 구간 61~65 전체의 밀림이 없다,구간확정
S11,73,솔저스 (TANO*C W TEAM RED ANTHEM),사용자 확인(대부분 8/14 영상 눈판독) — S11 의 79 번이 맞았다. 번호는 단조라 그 점이 맞으면 못 본 구간 73~79 전체의 밀림이 없다,구간확정
S11,74,브로큰 카르마 (PIU EDIT),사용자 확인(대부분 8/14 영상 눈판독) — S11 의 79 번이 맞았다. 번호는 단조라 그 점이 맞으면 못 본 구간 73~79 전체의 밀림이 없다,구간확정
S11,75,컨플릭트,사용자 확인(대부분 8/14 영상 눈판독) — S11 의 79 번이 맞았다. 번호는 단조라 그 점이 맞으면 못 본 구간 73~79 전체의 밀림이 없다,구간확정
S11,76,"팔랑크스 ""RS2018 edit""",사용자 확인(대부분 8/14 영상 눈판독) — S11 의 79 번이 맞았다. 번호는 단조라 그 점이 맞으면 못 본 구간 73~79 전체의 밀림이 없다,구간확정
S11,77,포인트 제로 2,사용자 확인(대부분 8/14 영상 눈판독) — S11 의 79 번이 맞았다. 번호는 단조라 그 점이 맞으면 못 본 구간 73~79 전체의 밀림이 없다,구간확정
S11,78,브레인 파워,사용자 확인(대부분 8/14 영상 눈판독) — S11 의 79 번이 맞았다. 번호는 단조라 그 점이 맞으면 못 본 구간 73~79 전체의 밀림이 없다,구간확정
S11,79,모페모페,사용자 확인(대부분 8/14 영상 눈판독) — S11 의 79 번이 맞았다. 번호는 단조라 그 점이 맞으면 못 본 구간 73~79 전체의 밀림이 없다,구간확정
S11,86,아마이 유우와쿠 데인저러스,사용자 확인(대부분 8/14 영상 눈판독) — S11 의 86 번이 맞았다. 번호는 단조라 그 점이 맞으면 못 본 구간 86~86 전체의 밀림이 없다,구간확정
S11,92,바로크 바이러스,사용자 확인(대부분 8/14 영상 눈판독) — S11 의 95 번이 맞았다. 번호는 단조라 그 점이 맞으면 못 본 구간 92~95 전체의 밀림이 없다,구간확정
S11,93,가고일,사용자 확인(대부분 8/14 영상 눈판독) — S11 의 95 번이 맞았다. 번호는 단조라 그 점이 맞으면 못 본 구간 92~95 전체의 밀림이 없다,구간확정
S11,94,레이지 오브 파이어,사용자 확인(대부분 8/14 영상 눈판독) — S11 의 95 번이 맞았다. 번호는 단조라 그 점이 맞으면 못 본 구간 92~95 전체의 밀림이 없다,구간확정
S11,95,듀얼 레이싱 <레드 vs 블루>,사용자 확인(대부분 8/14 영상 눈판독) — S11 의 95 번이 맞았다. 번호는 단조라 그 점이 맞으면 못 본 구간 92~95 전체의 밀림이 없다,구간확정
S11,101,블랙 드래곤,영상 프레임 판독으로 **S11 의 밀림 0** 을 확인했다 — 우리 표가 이 존에서 맞다(frame_verify.csv),구간확정
S11,102,스타트 온 레드,영상 프레임 판독으로 **S11 의 밀림 0** 을 확인했다 — 우리 표가 이 존에서 맞다(frame_verify.csv),구간확정
S11,103,매지컬 베케이션,영상 프레임 판독으로 **S11 의 밀림 0** 을 확인했다 — 우리 표가 이 존에서 맞다(frame_verify.csv),구간확정
S11,104,슈퍼 스타일린,영상 프레임 판독으로 **S11 의 밀림 0** 을 확인했다 — 우리 표가 이 존에서 맞다(frame_verify.csv),구간확정
S12,5,붐!!,사용자 확인(대부분 8/14 영상 눈판독) — S12 의 5 번이 맞았다. 번호는 단조라 그 점이 맞으면 못 본 구간 5~5 전체의 밀림이 없다,구간확정
S12,11,메가하츠,영상 프레임 판독으로 **S12 의 밀림 0** 을 확인했다 — 우리 표가 이 존에서 맞다(frame_verify.csv),구간확정
S12,12,E.O.N,영상 프레임 판독으로 **S12 의 밀림 0** 을 확인했다 — 우리 표가 이 존에서 맞다(frame_verify.csv),구간확정
S12,13,뉴 로즈,영상 프레임 판독으로 **S12 의 밀림 0** 을 확인했다 — 우리 표가 이 존에서 맞다(frame_verify.csv),구간확정
S12,14,에렌델,영상 프레임 판독으로 **S12 의 밀림 0** 을 확인했다 — 우리 표가 이 존에서 맞다(frame_verify.csv),구간확정
S12,20,까르멘 버스,영상 프레임 판독으로 **S12 의 밀림 0** 을 확인했다 — 우리 표가 이 존에서 맞다(frame_verify.csv),구간확정
S12,21,마카롱 데이,영상 프레임 판독으로 **S12 의 밀림 0** 을 확인했다 — 우리 표가 이 존에서 맞다(frame_verify.csv),구간확정
S12,22,배니쉬,영상 프레임 판독으로 **S12 의 밀림 0** 을 확인했다 — 우리 표가 이 존에서 맞다(frame_verify.csv),구간확정
S12,23,테일즈 오브 펌프니아,영상 프레임 판독으로 **S12 의 밀림 0** 을 확인했다 — 우리 표가 이 존에서 맞다(frame_verify.csv),구간확정
S12,24,파괴,영상 프레임 판독으로 **S12 의 밀림 0** 을 확인했다 — 우리 표가 이 존에서 맞다(frame_verify.csv),구간확정
S12,25,슈퍼 카프리시오,영상 프레임 판독으로 **S12 의 밀림 0** 을 확인했다 — 우리 표가 이 존에서 맞다(frame_verify.csv),구간확정
S12,26,트리튬,영상 프레임 판독으로 **S12 의 밀림 0** 을 확인했다 — 우리 표가 이 존에서 맞다(frame_verify.csv),구간확정
S12,27,슈브 니구라스,영상 프레임 판독으로 **S12 의 밀림 0** 을 확인했다 — 우리 표가 이 존에서 맞다(frame_verify.csv),구간확정
S12,35,리키지 볼티지,사용자 확인(대부분 8/14 영상 눈판독) — S12 의 35·36·51·52·53·54 외 3 번이 맞았다. 번호는 단조라 그 점이 맞으면 못 본 구간 35~61 전체의 밀림이 없다,구간확정
S12,36,무브 댓 바디!,사용자 확인(대부분 8/14 영상 눈판독) — S12 의 35·36·51·52·53·54 외 3 번이 맞았다. 번호는 단조라 그 점이 맞으면 못 본 구간 35~61 전체의 밀림이 없다,구간확정
S12,37,엘리제,사용자 확인(대부분 8/14 영상 눈판독) — S12 의 35·36·51·52·53·54 외 3 번이 맞았다. 번호는 단조라 그 점이 맞으면 못 본 구간 35~61 전체의 밀림이 없다,구간확정
S12,38,이그니스 패터스(DM Ashura 믹스),사용자 확인(대부분 8/14 영상 눈판독) — S12 의 35·36·51·52·53·54 외 3 번이 맞았다. 번호는 단조라 그 점이 맞으면 못 본 구간 35~61 전체의 밀림이 없다,구간확정
S12,39,디,사용자 확인(대부분 8/14 영상 눈판독) — S12 의 35·36·51·52·53·54 외 3 번이 맞았다. 번호는 단조라 그 점이 맞으면 못 본 구간 35~61 전체의 밀림이 없다,구간확정
S12,40,인터퍼런스,사용자 확인(대부분 8/14 영상 눈판독) — S12 의 35·36·51·52·53·54 외 3 번이 맞았다. 번호는 단조라 그 점이 맞으면 못 본 구간 35~61 전체의 밀림이 없다,구간확정
S12,41,테이크 아웃,사용자 확인(대부분 8/14 영상 눈판독) — S12 의 35·36·51·52·53·54 외 3 번이 맞았다. 번호는 단조라 그 점이 맞으면 못 본 구간 35~61 전체의 밀림이 없다,구간확정
S12,42,마왕,사용자 확인(대부분 8/14 영상 눈판독) — S12 의 35·36·51·52·53·54 외 3 번이 맞았다. 번호는 단조라 그 점이 맞으면 못 본 구간 35~61 전체의 밀림이 없다,구간확정
S12,43,사랑가 -2막-,사용자 확인(대부분 8/14 영상 눈판독) — S12 의 35·36·51·52·53·54 외 3 번이 맞았다. 번호는 단조라 그 점이 맞으면 못 본 구간 35~61 전체의 밀림이 없다,구간확정
S12,44,팬텀 -인터메조-,사용자 확인(대부분 8/14 영상 눈판독) — S12 의 35·36·51·52·53·54 외 3 번이 맞았다. 번호는 단조라 그 점이 맞으면 못 본 구간 35~61 전체의 밀림이 없다,구간확정
S12,45,젓가락 변주곡,사용자 확인(대부분 8/14 영상 눈판독) — S12 의 35·36·51·52·53·54 외 3 번이 맞았다. 번호는 단조라 그 점이 맞으면 못 본 구간 35~61 전체의 밀림이 없다,구간확정
S12,46,사람들은 몰랐다네,사용자 확인(대부분 8/14 영상 눈판독) — S12 의 35·36·51·52·53·54 외 3 번이 맞았다. 번호는 단조라 그 점이 맞으면 못 본 구간 35~61 전체의 밀림이 없다,구간확정
S12,47,패스터 Z,사용자 확인(대부분 8/14 영상 눈판독) — S12 의 35·36·51·52·53·54 외 3 번이 맞았다. 번호는 단조라 그 점이 맞으면 못 본 구간 35~61 전체의 밀림이 없다,구간확정
S12,48,사랑가 2006,사용자 확인(대부분 8/14 영상 눈판독) — S12 의 35·36·51·52·53·54 외 3 번이 맞았다. 번호는 단조라 그 점이 맞으면 못 본 구간 35~61 전체의 밀림이 없다,구간확정
S12,49,위치 닥터,사용자 확인(대부분 8/14 영상 눈판독) — S12 의 35·36·51·52·53·54 외 3 번이 맞았다. 번호는 단조라 그 점이 맞으면 못 본 구간 35~61 전체의 밀림이 없다,구간확정
S12,50,점프,사용자 확인(대부분 8/14 영상 눈판독) — S12 의 35·36·51·52·53·54 외 3 번이 맞았다. 번호는 단조라 그 점이 맞으면 못 본 구간 35~61 전체의 밀림이 없다,구간확정
S12,51,몽키 핑거즈,사용자 확인(대부분 8/14 영상 눈판독) — S12 의 35·36·51·52·53·54 외 3 번이 맞았다. 번호는 단조라 그 점이 맞으면 못 본 구간 35~61 전체의 밀림이 없다,구간확정
S12,52,엑스트림,사용자 확인(대부분 8/14 영상 눈판독) — S12 의 35·36·51·52·53·54 외 3 번이 맞았다. 번호는 단조라 그 점이 맞으면 못 본 구간 35~61 전체의 밀림이 없다,구간확정
S12,53,비,사용자 확인(대부분 8/14 영상 눈판독) — S12 의 35·36·51·52·53·54 외 3 번이 맞았다. 번호는 단조라 그 점이 맞으면 못 본 구간 35~61 전체의 밀림이 없다,구간확정
S12,54,엠페러,사용자 확인(대부분 8/14 영상 눈판독) — S12 의 35·36·51·52·53·54 외 3 번이 맞았다. 번호는 단조라 그 점이 맞으면 못 본 구간 35~61 전체의 밀림이 없다,구간확정
S12,55,겟 유어 그루브 온,사용자 확인(대부분 8/14 영상 눈판독) — S12 의 35·36·51·52·53·54 외 3 번이 맞았다. 번호는 단조라 그 점이 맞으면 못 본 구간 35~61 전체의 밀림이 없다,구간확정
S12,56,마리아,사용자 확인(대부분 8/14 영상 눈판독) — S12 의 35·36·51·52·53·54 외 3 번이 맞았다. 번호는 단조라 그 점이 맞으면 못 본 구간 35~61 전체의 밀림이 없다,구간확정
S12,57,윈터,사용자 확인(대부분 8/14 영상 눈판독) — S12 의 35·36·51·52·53·54 외 3 번이 맞았다. 번호는 단조라 그 점이 맞으면 못 본 구간 35~61 전체의 밀림이 없다,구간확정
S12,58,우편마차,사용자 확인(대부분 8/14 영상 눈판독) — S12 의 35·36·51·52·53·54 외 3 번이 맞았다. 번호는 단조라 그 점이 맞으면 못 본 구간 35~61 전체의 밀림이 없다,구간확정
S12,59,라젠스키 캉캉,사용자 확인(대부분 8/14 영상 눈판독) — S12 의 35·36·51·52·53·54 외 3 번이 맞았다. 번호는 단조라 그 점이 맞으면 못 본 구간 35~61 전체의 밀림이 없다,구간확정
S12,60,베토벤 바이러스,사용자 확인(대부분 8/14 영상 눈판독) — S12 의 35·36·51·52·53·54 외 3 번이 맞았다. 번호는 단조라 그 점이 맞으면 못 본 구간 35~61 전체의 밀림이 없다,구간확정
S12,61,첫사랑,사용자 확인(대부분 8/14 영상 눈판독) — S12 의 35·36·51·52·53·54 외 3 번이 맞았다. 번호는 단조라 그 점이 맞으면 못 본 구간 35~61 전체의 밀림이 없다,구간확정
S12,67,나이트시어터,사용자 확인(대부분 8/14 영상 눈판독) — S12 의 75 번이 맞았다. 번호는 단조라 그 점이 맞으면 못 본 구간 67~75 전체의 밀림이 없다,구간확정
S12,68,어바웃 더 유니버스,사용자 확인(대부분 8/14 영상 눈판독) — S12 의 75 번이 맞았다. 번호는 단조라 그 점이 맞으면 못 본 구간 67~75 전체의 밀림이 없다,구간확정
S12,69,퍼페츄얼,사용자 확인(대부분 8/14 영상 눈판독) — S12 의 75 번이 맞았다. 번호는 단조라 그 점이 맞으면 못 본 구간 67~75 전체의 밀림이 없다,구간확정
S12,70,프렉쳐 텀퍼렐르,사용자 확인(대부분 8/14 영상 눈판독) — S12 의 75 번이 맞았다. 번호는 단조라 그 점이 맞으면 못 본 구간 67~75 전체의 밀림이 없다,구간확정
S12,71,카타스트로피,사용자 확인(대부분 8/14 영상 눈판독) — S12 의 75 번이 맞았다. 번호는 단조라 그 점이 맞으면 못 본 구간 67~75 전체의 밀림이 없다,구간확정
S12,72,휴먼 익스팅션 (PIU Edit.),사용자 확인(대부분 8/14 영상 눈판독) — S12 의 75 번이 맞았다. 번호는 단조라 그 점이 맞으면 못 본 구간 67~75 전체의 밀림이 없다,구간확정
S12,73,굿텍,사용자 확인(대부분 8/14 영상 눈판독) — S12 의 75 번이 맞았다. 번호는 단조라 그 점이 맞으면 못 본 구간 67~75 전체의 밀림이 없다,구간확정
S12,74,진폐증 ft. Kagamine Len/GUMI,사용자 확인(대부분 8/14 영상 눈판독) — S12 의 75 번이 맞았다. 번호는 단조라 그 점이 맞으면 못 본 구간 67~75 전체의 밀림이 없다,구간확정
S12,75,알테일,사용자 확인(대부분 8/14 영상 눈판독) — S12 의 75 번이 맞았다. 번호는 단조라 그 점이 맞으면 못 본 구간 67~75 전체의 밀림이 없다,구간확정
S12,82,브레이크 스루 마이셀프 feat. Risa Yuzuki,사용자 확인(대부분 8/14 영상 눈판독) — S12 의 82·97 번이 맞았다. 번호는 단조라 그 점이 맞으면 못 본 구간 82~97 전체의 밀림이 없다,구간확정
S12,83,쵸빗 플레이버,사용자 확인(대부분 8/14 영상 눈판독) — S12 의 82·97 번이 맞았다. 번호는 단조라 그 점이 맞으면 못 본 구간 82~97 전체의 밀림이 없다,구간확정
S12,84,얼라이브,사용자 확인(대부분 8/14 영상 눈판독) — S12 의 82·97 번이 맞았다. 번호는 단조라 그 점이 맞으면 못 본 구간 82~97 전체의 밀림이 없다,구간확정
S12,85,호랑풍류가,사용자 확인(대부분 8/14 영상 눈판독) — S12 의 82·97 번이 맞았다. 번호는 단조라 그 점이 맞으면 못 본 구간 82~97 전체의 밀림이 없다,구간확정
S12,86,페이브 가든,사용자 확인(대부분 8/14 영상 눈판독) — S12 의 82·97 번이 맞았다. 번호는 단조라 그 점이 맞으면 못 본 구간 82~97 전체의 밀림이 없다,구간확정
S12,87,팝 시퀀스,사용자 확인(대부분 8/14 영상 눈판독) — S12 의 82·97 번이 맞았다. 번호는 단조라 그 점이 맞으면 못 본 구간 82~97 전체의 밀림이 없다,구간확정
S12,88,인디스트럭터블,사용자 확인(대부분 8/14 영상 눈판독) — S12 의 82·97 번이 맞았다. 번호는 단조라 그 점이 맞으면 못 본 구간 82~97 전체의 밀림이 없다,구간확정
S12,89,8 6,사용자 확인(대부분 8/14 영상 눈판독) — S12 의 82·97 번이 맞았다. 번호는 단조라 그 점이 맞으면 못 본 구간 82~97 전체의 밀림이 없다,구간확정
S12,90,천년이 지나서,사용자 확인(대부분 8/14 영상 눈판독) — S12 의 82·97 번이 맞았다. 번호는 단조라 그 점이 맞으면 못 본 구간 82~97 전체의 밀림이 없다,구간확정
S12,91,데인저 & 데인저,사용자 확인(대부분 8/14 영상 눈판독) — S12 의 82·97 번이 맞았다. 번호는 단조라 그 점이 맞으면 못 본 구간 82~97 전체의 밀림이 없다,구간확정
S12,92,Re : 엔드 오브 어 드림,사용자 확인(대부분 8/14 영상 눈판독) — S12 의 82·97 번이 맞았다. 번호는 단조라 그 점이 맞으면 못 본 구간 82~97 전체의 밀림이 없다,구간확정
S12,93,크로스 레이 (feat. 月下Lia),사용자 확인(대부분 8/14 영상 눈판독) — S12 의 82·97 번이 맞았다. 번호는 단조라 그 점이 맞으면 못 본 구간 82~97 전체의 밀림이 없다,구간확정
S12,94,꺼림칙한,사용자 확인(대부분 8/14 영상 눈판독) — S12 의 82·97 번이 맞았다. 번호는 단조라 그 점이 맞으면 못 본 구간 82~97 전체의 밀림이 없다,구간확정
S12,95,더 레볼루션,사용자 확인(대부분 8/14 영상 눈판독) — S12 의 82·97 번이 맞았다. 번호는 단조라 그 점이 맞으면 못 본 구간 82~97 전체의 밀림이 없다,구간확정
S12,96,라그나로크,사용자 확인(대부분 8/14 영상 눈판독) — S12 의 82·97 번이 맞았다. 번호는 단조라 그 점이 맞으면 못 본 구간 82~97 전체의 밀림이 없다,구간확정
S12,97,퀸 오브 더 레드,사용자 확인(대부분 8/14 영상 눈판독) — S12 의 82·97 번이 맞았다. 번호는 단조라 그 점이 맞으면 못 본 구간 82~97 전체의 밀림이 없다,구간확정
S12,103,스위트 원더랜드,사용자 확인(대부분 8/14 영상 눈판독) — S12 의 103 번이 맞았다. 번호는 단조라 그 점이 맞으면 못 본 구간 103~109 전체의 밀림이 없다,구간확정
S12,104,이미지네이션,사용자 확인(대부분 8/14 영상 눈판독) — S12 의 103 번이 맞았다. 번호는 단조라 그 점이 맞으면 못 본 구간 103~109 전체의 밀림이 없다,구간확정
S12,105,블랙스완,사용자 확인(대부분 8/14 영상 눈판독) — S12 의 103 번이 맞았다. 번호는 단조라 그 점이 맞으면 못 본 구간 103~109 전체의 밀림이 없다,구간확정
S12,106,제로아이즈,사용자 확인(대부분 8/14 영상 눈판독) — S12 의 103 번이 맞았다. 번호는 단조라 그 점이 맞으면 못 본 구간 103~109 전체의 밀림이 없다,구간확정
S12,107,로키,사용자 확인(대부분 8/14 영상 눈판독) — S12 의 103 번이 맞았다. 번호는 단조라 그 점이 맞으면 못 본 구간 103~109 전체의 밀림이 없다,구간확정
S12,108,크로스 타임,사용자 확인(대부분 8/14 영상 눈판독) — S12 의 103 번이 맞았다. 번호는 단조라 그 점이 맞으면 못 본 구간 103~109 전체의 밀림이 없다,구간확정
S12,109,BS파워 익스플로전,사용자 확인(대부분 8/14 영상 눈판독) — S12 의 103 번이 맞았다. 번호는 단조라 그 점이 맞으면 못 본 구간 103~109 전체의 밀림이 없다,구간확정
S13,5,그로스,사용자 확인(대부분 8/14 영상 눈판독) — S13 의 5·6·7·8·9·22 번이 맞았다. 번호는 단조라 그 점이 맞으면 못 본 구간 5~22 전체의 밀림이 없다,구간확정
S13,6,루시드 드림,사용자 확인(대부분 8/14 영상 눈판독) — S13 의 5·6·7·8·9·22 번이 맞았다. 번호는 단조라 그 점이 맞으면 못 본 구간 5~22 전체의 밀림이 없다,구간확정
S13,7,결투,사용자 확인(대부분 8/14 영상 눈판독) — S13 의 5·6·7·8·9·22 번이 맞았다. 번호는 단조라 그 점이 맞으면 못 본 구간 5~22 전체의 밀림이 없다,구간확정
S13,8,라크리모사,사용자 확인(대부분 8/14 영상 눈판독) — S13 의 5·6·7·8·9·22 번이 맞았다. 번호는 단조라 그 점이 맞으면 못 본 구간 5~22 전체의 밀림이 없다,구간확정
S13,9,리틀 먼치킨,사용자 확인(대부분 8/14 영상 눈판독) — S13 의 5·6·7·8·9·22 번이 맞았다. 번호는 단조라 그 점이 맞으면 못 본 구간 5~22 전체의 밀림이 없다,구간확정
S13,10,피가로의 결혼 ~Celebrazione Remix~,사용자 확인(대부분 8/14 영상 눈판독) — S13 의 5·6·7·8·9·22 번이 맞았다. 번호는 단조라 그 점이 맞으면 못 본 구간 5~22 전체의 밀림이 없다,구간확정
S13,11,네오 카타르시스,사용자 확인(대부분 8/14 영상 눈판독) — S13 의 5·6·7·8·9·22 번이 맞았다. 번호는 단조라 그 점이 맞으면 못 본 구간 5~22 전체의 밀림이 없다,구간확정
S13,12,열정,사용자 확인(대부분 8/14 영상 눈판독) — S13 의 5·6·7·8·9·22 번이 맞았다. 번호는 단조라 그 점이 맞으면 못 본 구간 5~22 전체의 밀림이 없다,구간확정
S13,13,글리머 글림,사용자 확인(대부분 8/14 영상 눈판독) — S13 의 5·6·7·8·9·22 번이 맞았다. 번호는 단조라 그 점이 맞으면 못 본 구간 5~22 전체의 밀림이 없다,구간확정
S13,14,서든 어페어런스 이미지,사용자 확인(대부분 8/14 영상 눈판독) — S13 의 5·6·7·8·9·22 번이 맞았다. 번호는 단조라 그 점이 맞으면 못 본 구간 5~22 전체의 밀림이 없다,구간확정
S13,15,데카 댄스,사용자 확인(대부분 8/14 영상 눈판독) — S13 의 5·6·7·8·9·22 번이 맞았다. 번호는 단조라 그 점이 맞으면 못 본 구간 5~22 전체의 밀림이 없다,구간확정
S13,16,머독 vs 오타다,사용자 확인(대부분 8/14 영상 눈판독) — S13 의 5·6·7·8·9·22 번이 맞았다. 번호는 단조라 그 점이 맞으면 못 본 구간 5~22 전체의 밀림이 없다,구간확정
S13,17,도플갱어,사용자 확인(대부분 8/14 영상 눈판독) — S13 의 5·6·7·8·9·22 번이 맞았다. 번호는 단조라 그 점이 맞으면 못 본 구간 5~22 전체의 밀림이 없다,구간확정
S13,18,텔링 포츈 플라워,사용자 확인(대부분 8/14 영상 눈판독) — S13 의 5·6·7·8·9·22 번이 맞았다. 번호는 단조라 그 점이 맞으면 못 본 구간 5~22 전체의 밀림이 없다,구간확정
S13,19,니알라토텝,사용자 확인(대부분 8/14 영상 눈판독) — S13 의 5·6·7·8·9·22 번이 맞았다. 번호는 단조라 그 점이 맞으면 못 본 구간 5~22 전체의 밀림이 없다,구간확정
S13,20,라 그랑드 루즈,사용자 확인(대부분 8/14 영상 눈판독) — S13 의 5·6·7·8·9·22 번이 맞았다. 번호는 단조라 그 점이 맞으면 못 본 구간 5~22 전체의 밀림이 없다,구간확정
S13,21,오르비트 스테빌라이저,사용자 확인(대부분 8/14 영상 눈판독) — S13 의 5·6·7·8·9·22 번이 맞았다. 번호는 단조라 그 점이 맞으면 못 본 구간 5~22 전체의 밀림이 없다,구간확정
S13,22,캉-캉 ~Orpheus in The Party Mix~,사용자 확인(대부분 8/14 영상 눈판독) — S13 의 5·6·7·8·9·22 번이 맞았다. 번호는 단조라 그 점이 맞으면 못 본 구간 5~22 전체의 밀림이 없다,구간확정
S13,29,바이올렛 퍼퓸,사용자 확인(대부분 8/14 영상 눈판독) — S13 의 29·30·31·32·33·34 외 1 번이 맞았다. 번호는 단조라 그 점이 맞으면 못 본 구간 29~38 전체의 밀림이 없다,구간확정
S13,30,힙노시스(SynthWulf 믹스),사용자 확인(대부분 8/14 영상 눈판독) — S13 의 29·30·31·32·33·34 외 1 번이 맞았다. 번호는 단조라 그 점이 맞으면 못 본 구간 29~38 전체의 밀림이 없다,구간확정
S13,31,에프 에프 에프,사용자 확인(대부분 8/14 영상 눈판독) — S13 의 29·30·31·32·33·34 외 1 번이 맞았다. 번호는 단조라 그 점이 맞으면 못 본 구간 29~38 전체의 밀림이 없다,구간확정
S13,32,엑시던트,사용자 확인(대부분 8/14 영상 눈판독) — S13 의 29·30·31·32·33·34 외 1 번이 맞았다. 번호는 단조라 그 점이 맞으면 못 본 구간 29~38 전체의 밀림이 없다,구간확정
S13,33,루시드(PIU Edit),사용자 확인(대부분 8/14 영상 눈판독) — S13 의 29·30·31·32·33·34 외 1 번이 맞았다. 번호는 단조라 그 점이 맞으면 못 본 구간 29~38 전체의 밀림이 없다,구간확정
S13,34,윈드밀,사용자 확인(대부분 8/14 영상 눈판독) — S13 의 29·30·31·32·33·34 외 1 번이 맞았다. 번호는 단조라 그 점이 맞으면 못 본 구간 29~38 전체의 밀림이 없다,구간확정
S13,35,여래아,사용자 확인(대부분 8/14 영상 눈판독) — S13 의 29·30·31·32·33·34 외 1 번이 맞았다. 번호는 단조라 그 점이 맞으면 못 본 구간 29~38 전체의 밀림이 없다,구간확정
S13,36,멘탈 라이더,사용자 확인(대부분 8/14 영상 눈판독) — S13 의 29·30·31·32·33·34 외 1 번이 맞았다. 번호는 단조라 그 점이 맞으면 못 본 구간 29~38 전체의 밀림이 없다,구간확정
S13,37,데스티네이션,사용자 확인(대부분 8/14 영상 눈판독) — S13 의 29·30·31·32·33·34 외 1 번이 맞았다. 번호는 단조라 그 점이 맞으면 못 본 구간 29~38 전체의 밀림이 없다,구간확정
S13,38,두 잇 레게 스타일,사용자 확인(대부분 8/14 영상 눈판독) — S13 의 29·30·31·32·33·34 외 1 번이 맞았다. 번호는 단조라 그 점이 맞으면 못 본 구간 29~38 전체의 밀림이 없다,구간확정
S13,44,팬텀,영상 프레임 판독으로 **S13 의 밀림 0** 을 확인했다 — 우리 표가 이 존에서 맞다(frame_verify.csv),구간확정
S13,45,펌프 미 아마데우스,영상 프레임 판독으로 **S13 의 밀림 0** 을 확인했다 — 우리 표가 이 존에서 맞다(frame_verify.csv),구간확정
S13,46,디 갱,영상 프레임 판독으로 **S13 의 밀림 0** 을 확인했다 — 우리 표가 이 존에서 맞다(frame_verify.csv),구간확정
S13,52,파이널 오디션 에피소드 1,사용자 확인(대부분 8/14 영상 눈판독) — S13 의 52·53·54·55·56 번이 맞았다. 번호는 단조라 그 점이 맞으면 못 본 구간 52~58 전체의 밀림이 없다,구간확정
S13,53,롤링 크리스마스,사용자 확인(대부분 8/14 영상 눈판독) — S13 의 52·53·54·55·56 번이 맞았다. 번호는 단조라 그 점이 맞으면 못 본 구간 52~58 전체의 밀림이 없다,구간확정
S13,54,사랑가,사용자 확인(대부분 8/14 영상 눈판독) — S13 의 52·53·54·55·56 번이 맞았다. 번호는 단조라 그 점이 맞으면 못 본 구간 52~58 전체의 밀림이 없다,구간확정
S13,55,미스터 라푸스,사용자 확인(대부분 8/14 영상 눈판독) — S13 의 52·53·54·55·56 번이 맞았다. 번호는 단조라 그 점이 맞으면 못 본 구간 52~58 전체의 밀림이 없다,구간확정
S13,56,서울구경,사용자 확인(대부분 8/14 영상 눈판독) — S13 의 52·53·54·55·56 번이 맞았다. 번호는 단조라 그 점이 맞으면 못 본 구간 52~58 전체의 밀림이 없다,구간확정
S13,57,프리 스타일,사용자 확인(대부분 8/14 영상 눈판독) — S13 의 52·53·54·55·56 번이 맞았다. 번호는 단조라 그 점이 맞으면 못 본 구간 52~58 전체의 밀림이 없다,구간확정
S13,58,펌핑업,사용자 확인(대부분 8/14 영상 눈판독) — S13 의 52·53·54·55·56 번이 맞았다. 번호는 단조라 그 점이 맞으면 못 본 구간 52~58 전체의 밀림이 없다,구간확정
S13,69,러쉬-아워,영상 프레임 판독으로 **S13 의 밀림 0** 을 확인했다 — 우리 표가 이 존에서 맞다(frame_verify.csv),구간확정
S13,70,* 이 게임은 존재하지 않습니다 *,영상 프레임 판독으로 **S13 의 밀림 0** 을 확인했다 — 우리 표가 이 존에서 맞다(frame_verify.csv),구간확정
S13,71,마히카,영상 프레임 판독으로 **S13 의 밀림 0** 을 확인했다 — 우리 표가 이 존에서 맞다(frame_verify.csv),구간확정
S14,6,벡터,영상 프레임 판독으로 **S14 의 밀림 0** 을 확인했다 — 우리 표가 이 존에서 맞다(frame_verify.csv),구간확정
S14,7,더 아포칼립스,영상 프레임 판독으로 **S14 의 밀림 0** 을 확인했다 — 우리 표가 이 존에서 맞다(frame_verify.csv),구간확정
S14,8,쇼다운,영상 프레임 판독으로 **S14 의 밀림 0** 을 확인했다 — 우리 표가 이 존에서 맞다(frame_verify.csv),구간확정
S14,9,플레이버 스텝!,영상 프레임 판독으로 **S14 의 밀림 0** 을 확인했다 — 우리 표가 이 존에서 맞다(frame_verify.csv),구간확정
S14,10,프ㄹi마 마테ㄹi아,영상 프레임 판독으로 **S14 의 밀림 0** 을 확인했다 — 우리 표가 이 존에서 맞다(frame_verify.csv),구간확정
S14,11,임페리움,영상 프레임 판독으로 **S14 의 밀림 0** 을 확인했다 — 우리 표가 이 존에서 맞다(frame_verify.csv),구간확정
S14,12,다크사이드 오브 더 마인드,영상 프레임 판독으로 **S14 의 밀림 0** 을 확인했다 — 우리 표가 이 존에서 맞다(frame_verify.csv),구간확정
S14,13,솔브 마이 허트,영상 프레임 판독으로 **S14 의 밀림 0** 을 확인했다 — 우리 표가 이 존에서 맞다(frame_verify.csv),구간확정
S14,14,헤라클레스,영상 프레임 판독으로 **S14 의 밀림 0** 을 확인했다 — 우리 표가 이 존에서 맞다(frame_verify.csv),구간확정
S14,15,인베이젼,영상 프레임 판독으로 **S14 의 밀림 0** 을 확인했다 — 우리 표가 이 존에서 맞다(frame_verify.csv),구간확정
S14,16,위더 가든,영상 프레임 판독으로 **S14 의 밀림 0** 을 확인했다 — 우리 표가 이 존에서 맞다(frame_verify.csv),구간확정
S14,17,하트 래빗 코스터,영상 프레임 판독으로 **S14 의 밀림 0** 을 확인했다 — 우리 표가 이 존에서 맞다(frame_verify.csv),구간확정
S14,23,왈츠 오브 도지,영상 프레임 판독으로 **S14 의 밀림 0** 을 확인했다 — 우리 표가 이 존에서 맞다(frame_verify.csv),구간확정
S14,24,캇코이,영상 프레임 판독으로 **S14 의 밀림 0** 을 확인했다 — 우리 표가 이 존에서 맞다(frame_verify.csv),구간확정
S14,25,엘리시움,영상 프레임 판독으로 **S14 의 밀림 0** 을 확인했다 — 우리 표가 이 존에서 맞다(frame_verify.csv),구간확정
S14,26,히아신스,영상 프레임 판독으로 **S14 의 밀림 0** 을 확인했다 — 우리 표가 이 존에서 맞다(frame_verify.csv),구간확정
S14,27,설탕음모론,영상 프레임 판독으로 **S14 의 밀림 0** 을 확인했다 — 우리 표가 이 존에서 맞다(frame_verify.csv),구간확정
S14,28,브레이크 잇 다운,영상 프레임 판독으로 **S14 의 밀림 0** 을 확인했다 — 우리 표가 이 존에서 맞다(frame_verify.csv),구간확정
S14,29,라이크 미,영상 프레임 판독으로 **S14 의 밀림 0** 을 확인했다 — 우리 표가 이 존에서 맞다(frame_verify.csv),구간확정
S14,30,러브 이즈 어 데인저 존(Cranky 믹스),영상 프레임 판독으로 **S14 의 밀림 0** 을 확인했다 — 우리 표가 이 존에서 맞다(frame_verify.csv),구간확정
S14,31,유니크,영상 프레임 판독으로 **S14 의 밀림 0** 을 확인했다 — 우리 표가 이 존에서 맞다(frame_verify.csv),구간확정
S14,32,팔로우 미,영상 프레임 판독으로 **S14 의 밀림 0** 을 확인했다 — 우리 표가 이 존에서 맞다(frame_verify.csv),구간확정
S14,33,클리너,영상 프레임 판독으로 **S14 의 밀림 0** 을 확인했다 — 우리 표가 이 존에서 맞다(frame_verify.csv),구간확정
S14,40,오이 오이 오이,영상 프레임 판독으로 **S14 의 밀림 0** 을 확인했다 — 우리 표가 이 존에서 맞다(frame_verify.csv),구간확정
S14,41,셋 미 업,영상 프레임 판독으로 **S14 의 밀림 0** 을 확인했다 — 우리 표가 이 존에서 맞다(frame_verify.csv),구간확정
S14,42,오! 로사,영상 프레임 판독으로 **S14 의 밀림 0** 을 확인했다 — 우리 표가 이 존에서 맞다(frame_verify.csv),구간확정
S14,43,에모모모,영상 프레임 판독으로 **S14 의 밀림 0** 을 확인했다 — 우리 표가 이 존에서 맞다(frame_verify.csv),구간확정
S14,44,푸파,영상 프레임 판독으로 **S14 의 밀림 0** 을 확인했다 — 우리 표가 이 존에서 맞다(frame_verify.csv),구간확정
S14,45,스푸키 마카롱,영상 프레임 판독으로 **S14 의 밀림 0** 을 확인했다 — 우리 표가 이 존에서 맞다(frame_verify.csv),구간확정
S14,46,빅 대디,영상 프레임 판독으로 **S14 의 밀림 0** 을 확인했다 — 우리 표가 이 존에서 맞다(frame_verify.csv),구간확정
S14,47,비코즈 오브 유,영상 프레임 판독으로 **S14 의 밀림 0** 을 확인했다 — 우리 표가 이 존에서 맞다(frame_verify.csv),구간확정
S14,48,배틀 넘버원,영상 프레임 판독으로 **S14 의 밀림 0** 을 확인했다 — 우리 표가 이 존에서 맞다(frame_verify.csv),구간확정
S14,49,라라,영상 프레임 판독으로 **S14 의 밀림 0** 을 확인했다 — 우리 표가 이 존에서 맞다(frame_verify.csv),구간확정
S14,50,글로리아,영상 프레임 판독으로 **S14 의 밀림 0** 을 확인했다 — 우리 표가 이 존에서 맞다(frame_verify.csv),구간확정
S14,51,스텝,영상 프레임 판독으로 **S14 의 밀림 0** 을 확인했다 — 우리 표가 이 존에서 맞다(frame_verify.csv),구간확정
S14,52,코스미컬 리듬,영상 프레임 판독으로 **S14 의 밀림 0** 을 확인했다 — 우리 표가 이 존에서 맞다(frame_verify.csv),구간확정
S14,53,돌리 키스,영상 프레임 판독으로 **S14 의 밀림 0** 을 확인했다 — 우리 표가 이 존에서 맞다(frame_verify.csv),구간확정
S14,54,까랴위사따,영상 프레임 판독으로 **S14 의 밀림 0** 을 확인했다 — 우리 표가 이 존에서 맞다(frame_verify.csv),구간확정
S14,55,비디오 아웃 씨,영상 프레임 판독으로 **S14 의 밀림 0** 을 확인했다 — 우리 표가 이 존에서 맞다(frame_verify.csv),구간확정
S14,56,아마이 유우와쿠 데인저러스,영상 프레임 판독으로 **S14 의 밀림 0** 을 확인했다 — 우리 표가 이 존에서 맞다(frame_verify.csv),구간확정
S14,57,서든 로맨스 [PIU Edit],영상 프레임 판독으로 **S14 의 밀림 0** 을 확인했다 — 우리 표가 이 존에서 맞다(frame_verify.csv),구간확정
S15,6,날아올라,사용자 확인(대부분 8/14 영상 눈판독) — S15 의 6 번이 맞았다. 번호는 단조라 그 점이 맞으면 못 본 구간 6~6 전체의 밀림이 없다,구간확정(미검증)
S15,15,솔페지에토,사용자 확인(대부분 8/14 영상 눈판독) — S15 의 15 번이 맞았다. 번호는 단조라 그 점이 맞으면 못 본 구간 15~15 전체의 밀림이 없다,구간확정(미검증)
S15,26,포세이돈,사용자 확인(대부분 8/14 영상 눈판독) — S15 의 26·27·28·29·30·31 외 7 번이 맞았다. 번호는 단조라 그 점이 맞으면 못 본 구간 26~38 전체의 밀림이 없다,구간확정(미검증)
S15,27,아드레날린 블래스터,사용자 확인(대부분 8/14 영상 눈판독) — S15 의 26·27·28·29·30·31 외 7 번이 맞았다. 번호는 단조라 그 점이 맞으면 못 본 구간 26~38 전체의 밀림이 없다,구간확정(미검증)
S15,28,클레마티스 랩소디아,사용자 확인(대부분 8/14 영상 눈판독) — S15 의 26·27·28·29·30·31 외 7 번이 맞았다. 번호는 단조라 그 점이 맞으면 못 본 구간 26~38 전체의 밀림이 없다,구간확정(미검증)
S15,29,스타드림 (feat. Romelon),사용자 확인(대부분 8/14 영상 눈판독) — S15 의 26·27·28·29·30·31 외 7 번이 맞았다. 번호는 단조라 그 점이 맞으면 못 본 구간 26~38 전체의 밀림이 없다,구간확정(미검증)
S15,30,파파시토 (feat. KuTiNA),사용자 확인(대부분 8/14 영상 눈판독) — S15 의 26·27·28·29·30·31 외 7 번이 맞았다. 번호는 단조라 그 점이 맞으면 못 본 구간 26~38 전체의 밀림이 없다,구간확정(미검증)
S15,31,더 레버리,사용자 확인(대부분 8/14 영상 눈판독) — S15 의 26·27·28·29·30·31 외 7 번이 맞았다. 번호는 단조라 그 점이 맞으면 못 본 구간 26~38 전체의 밀림이 없다,구간확정(미검증)
S15,32,헬파이어,사용자 확인(대부분 8/14 영상 눈판독) — S15 의 26·27·28·29·30·31 외 7 번이 맞았다. 번호는 단조라 그 점이 맞으면 못 본 구간 26~38 전체의 밀림이 없다,구간확정(미검증)
S15,33,크로스 오버 feat. LyuU,사용자 확인(대부분 8/14 영상 눈판독) — S15 의 26·27·28·29·30·31 외 7 번이 맞았다. 번호는 단조라 그 점이 맞으면 못 본 구간 26~38 전체의 밀림이 없다,구간확정(미검증)
S15,34,오버블로우2,사용자 확인(대부분 8/14 영상 눈판독) — S15 의 26·27·28·29·30·31 외 7 번이 맞았다. 번호는 단조라 그 점이 맞으면 못 본 구간 26~38 전체의 밀림이 없다,구간확정(미검증)
S15,35,앵귀시드 언메이킹,사용자 확인(대부분 8/14 영상 눈판독) — S15 의 26·27·28·29·30·31 외 7 번이 맞았다. 번호는 단조라 그 점이 맞으면 못 본 구간 26~38 전체의 밀림이 없다,구간확정(미검증)
S15,36,헤이 유,사용자 확인(대부분 8/14 영상 눈판독) — S15 의 26·27·28·29·30·31 외 7 번이 맞았다. 번호는 단조라 그 점이 맞으면 못 본 구간 26~38 전체의 밀림이 없다,구간확정(미검증)
S15,37,레이브 언틸 디 어스 엔드,사용자 확인(대부분 8/14 영상 눈판독) — S15 의 26·27·28·29·30·31 외 7 번이 맞았다. 번호는 단조라 그 점이 맞으면 못 본 구간 26~38 전체의 밀림이 없다,구간확정(미검증)
S15,38,이스케이프,사용자 확인(대부분 8/14 영상 눈판독) — S15 의 26·27·28·29·30·31 외 7 번이 맞았다. 번호는 단조라 그 점이 맞으면 못 본 구간 26~38 전체의 밀림이 없다,구간확정(미검증)
S15,48,잣,사용자 확인(대부분 8/14 영상 눈판독) — S15 의 48·49·50·51·52·53 외 5 번이 맞았다. 번호는 단조라 그 점이 맞으면 못 본 구간 48~58 전체의 밀림이 없다,구간확정(미검증)
S15,49,엑스트리,사용자 확인(대부분 8/14 영상 눈판독) — S15 의 48·49·50·51·52·53 외 5 번이 맞았다. 번호는 단조라 그 점이 맞으면 못 본 구간 48~58 전체의 밀림이 없다,구간확정(미검증)
S15,50,네이팜,사용자 확인(대부분 8/14 영상 눈판독) — S15 의 48·49·50·51·52·53 외 5 번이 맞았다. 번호는 단조라 그 점이 맞으면 못 본 구간 48~58 전체의 밀림이 없다,구간확정(미검증)
S15,51,머니,사용자 확인(대부분 8/14 영상 눈판독) — S15 의 48·49·50·51·52·53 외 5 번이 맞았다. 번호는 단조라 그 점이 맞으면 못 본 구간 48~58 전체의 밀림이 없다,구간확정(미검증)
S15,52,히글디 피글디,사용자 확인(대부분 8/14 영상 눈판독) — S15 의 48·49·50·51·52·53 외 5 번이 맞았다. 번호는 단조라 그 점이 맞으면 못 본 구간 48~58 전체의 밀림이 없다,구간확정(미검증)
S15,53,아크 오브 다크니스,사용자 확인(대부분 8/14 영상 눈판독) — S15 의 48·49·50·51·52·53 외 5 번이 맞았다. 번호는 단조라 그 점이 맞으면 못 본 구간 48~58 전체의 밀림이 없다,구간확정(미검증)
S15,54,사랑가 2006,사용자 확인(대부분 8/14 영상 눈판독) — S15 의 48·49·50·51·52·53 외 5 번이 맞았다. 번호는 단조라 그 점이 맞으면 못 본 구간 48~58 전체의 밀림이 없다,구간확정(미검증)
S15,55,투우사의 노래,사용자 확인(대부분 8/14 영상 눈판독) — S15 의 48·49·50·51·52·53 외 5 번이 맞았다. 번호는 단조라 그 점이 맞으면 못 본 구간 48~58 전체의 밀림이 없다,구간확정(미검증)
S15,56,제이 봉,사용자 확인(대부분 8/14 영상 눈판독) — S15 의 48·49·50·51·52·53 외 5 번이 맞았다. 번호는 단조라 그 점이 맞으면 못 본 구간 48~58 전체의 밀림이 없다,구간확정(미검증)
S15,57,태동 2,사용자 확인(대부분 8/14 영상 눈판독) — S15 의 48·49·50·51·52·53 외 5 번이 맞았다. 번호는 단조라 그 점이 맞으면 못 본 구간 48~58 전체의 밀림이 없다,구간확정(미검증)
S15,58,몽키 핑거즈,사용자 확인(대부분 8/14 영상 눈판독) — S15 의 48·49·50·51·52·53 외 5 번이 맞았다. 번호는 단조라 그 점이 맞으면 못 본 구간 48~58 전체의 밀림이 없다,구간확정(미검증)
S15,65,미스터 라푸스,사용자 확인(대부분 8/14 영상 눈판독) — S15 의 65 번이 맞았다. 번호는 단조라 그 점이 맞으면 못 본 구간 65~65 전체의 밀림이 없다,구간확정(미검증)
S15,71,네이드 네이드,사용자 확인(대부분 8/14 영상 눈판독) — S15 의 71·72·73·74·75·76 외 2 번이 맞았다. 번호는 단조라 그 점이 맞으면 못 본 구간 71~78 전체의 밀림이 없다,구간확정(미검증)
S15,72,코스믹 레일로드,사용자 확인(대부분 8/14 영상 눈판독) — S15 의 71·72·73·74·75·76 외 2 번이 맞았다. 번호는 단조라 그 점이 맞으면 못 본 구간 71~78 전체의 밀림이 없다,구간확정(미검증)
S15,73,밀크,사용자 확인(대부분 8/14 영상 눈판독) — S15 의 71·72·73·74·75·76 외 2 번이 맞았다. 번호는 단조라 그 점이 맞으면 못 본 구간 71~78 전체의 밀림이 없다,구간확정(미검증)
S15,74,어콰이어,사용자 확인(대부분 8/14 영상 눈판독) — S15 의 71·72·73·74·75·76 외 2 번이 맞았다. 번호는 단조라 그 점이 맞으면 못 본 구간 71~78 전체의 밀림이 없다,구간확정(미검증)
S15,75,알테일,사용자 확인(대부분 8/14 영상 눈판독) — S15 의 71·72·73·74·75·76 외 2 번이 맞았다. 번호는 단조라 그 점이 맞으면 못 본 구간 71~78 전체의 밀림이 없다,구간확정(미검증)
S15,76,앨리스 인 미산트로프,사용자 확인(대부분 8/14 영상 눈판독) — S15 의 71·72·73·74·75·76 외 2 번이 맞았다. 번호는 단조라 그 점이 맞으면 못 본 구간 71~78 전체의 밀림이 없다,구간확정(미검증)
S15,77,스테이저,사용자 확인(대부분 8/14 영상 눈판독) — S15 의 71·72·73·74·75·76 외 2 번이 맞았다. 번호는 단조라 그 점이 맞으면 못 본 구간 71~78 전체의 밀림이 없다,구간확정(미검증)
S15,78,아라가미,사용자 확인(대부분 8/14 영상 눈판독) — S15 의 71·72·73·74·75·76 외 2 번이 맞았다. 번호는 단조라 그 점이 맞으면 못 본 구간 71~78 전체의 밀림이 없다,구간확정(미검증)
S15,85,솔저스 (TANO*C W TEAM RED ANTHEM),사용자 확인(대부분 8/14 영상 눈판독) — S15 의 86 번이 맞았다. 번호는 단조라 그 점이 맞으면 못 본 구간 85~86 전체의 밀림이 없다,구간확정(미검증)
S15,86,팝 시퀀스,사용자 확인(대부분 8/14 영상 눈판독) — S15 의 86 번이 맞았다. 번호는 단조라 그 점이 맞으면 못 본 구간 85~86 전체의 밀림이 없다,구간확정(미검증)
S15,93,시간의 회랑 라비린스,사용자 확인(대부분 8/14 영상 눈판독) — S15 의 93·94·95·96 번이 맞았다. 번호는 단조라 그 점이 맞으면 못 본 구간 93~96 전체의 밀림이 없다,구간확정(미검증)
S15,94,꺼림칙한,사용자 확인(대부분 8/14 영상 눈판독) — S15 의 93·94·95·96 번이 맞았다. 번호는 단조라 그 점이 맞으면 못 본 구간 93~96 전체의 밀림이 없다,구간확정(미검증)
S15,95,허쉬,사용자 확인(대부분 8/14 영상 눈판독) — S15 의 93·94·95·96 번이 맞았다. 번호는 단조라 그 점이 맞으면 못 본 구간 93~96 전체의 밀림이 없다,구간확정(미검증)
S15,96,아클루오이아스,사용자 확인(대부분 8/14 영상 눈판독) — S15 의 93·94·95·96 번이 맞았다. 번호는 단조라 그 점이 맞으면 못 본 구간 93~96 전체의 밀림이 없다,구간확정(미검증)
S15,103,슈샤,사용자 확인(대부분 8/14 영상 눈판독) — S15 의 103·104 번이 맞았다. 번호는 단조라 그 점이 맞으면 못 본 구간 103~105 전체의 밀림이 없다,구간확정(미검증)
S15,104,스타 커맨드,사용자 확인(대부분 8/14 영상 눈판독) — S15 의 103·104 번이 맞았다. 번호는 단조라 그 점이 맞으면 못 본 구간 103~105 전체의 밀림이 없다,구간확정(미검증)
S15,105,드림체이서즈,사용자 확인(대부분 8/14 영상 눈판독) — S15 의 103·104 번이 맞았다. 번호는 단조라 그 점이 맞으면 못 본 구간 103~105 전체의 밀림이 없다,구간확정(미검증)
S15,111,라이징 스타,사용자 확인(대부분 8/14 영상 눈판독) — S15 의 111·112·113·114·115·116 외 3 번이 맞았다. 번호는 단조라 그 점이 맞으면 못 본 구간 111~119 전체의 밀림이 없다,구간확정(미검증)
S15,112,일 더하기 일은 귀요미,사용자 확인(대부분 8/14 영상 눈판독) — S15 의 111·112·113·114·115·116 외 3 번이 맞았다. 번호는 단조라 그 점이 맞으면 못 본 구간 111~119 전체의 밀림이 없다,구간확정(미검증)
S15,113,헤드리스 치킨,사용자 확인(대부분 8/14 영상 눈판독) — S15 의 111·112·113·114·115·116 외 3 번이 맞았다. 번호는 단조라 그 점이 맞으면 못 본 구간 111~119 전체의 밀림이 없다,구간확정(미검증)
S15,114,디멘트 ~에프터 레전드~,사용자 확인(대부분 8/14 영상 눈판독) — S15 의 111·112·113·114·115·116 외 3 번이 맞았다. 번호는 단조라 그 점이 맞으면 못 본 구간 111~119 전체의 밀림이 없다,구간확정(미검증)
S15,115,하우스플랜,사용자 확인(대부분 8/14 영상 눈판독) — S15 의 111·112·113·114·115·116 외 3 번이 맞았다. 번호는 단조라 그 점이 맞으면 못 본 구간 111~119 전체의 밀림이 없다,구간확정(미검증)
S15,116,유어 마인드,사용자 확인(대부분 8/14 영상 눈판독) — S15 의 111·112·113·114·115·116 외 3 번이 맞았다. 번호는 단조라 그 점이 맞으면 못 본 구간 111~119 전체의 밀림이 없다,구간확정(미검증)
S15,117,타임 어택 <블루>,사용자 확인(대부분 8/14 영상 눈판독) — S15 의 111·112·113·114·115·116 외 3 번이 맞았다. 번호는 단조라 그 점이 맞으면 못 본 구간 111~119 전체의 밀림이 없다,구간확정(미검증)
S15,118,킵 온!,사용자 확인(대부분 8/14 영상 눈판독) — S15 의 111·112·113·114·115·116 외 3 번이 맞았다. 번호는 단조라 그 점이 맞으면 못 본 구간 111~119 전체의 밀림이 없다,구간확정(미검증)
S15,119,인피니티,사용자 확인(대부분 8/14 영상 눈판독) — S15 의 111·112·113·114·115·116 외 3 번이 맞았다. 번호는 단조라 그 점이 맞으면 못 본 구간 111~119 전체의 밀림이 없다,구간확정(미검증)
S16,5,풀 문,사용자 확인(대부분 8/14 영상 눈판독) — S16 의 5·6·7·8·9·10 외 1 번이 맞았다. 번호는 단조라 그 점이 맞으면 못 본 구간 5~11 전체의 밀림이 없다,구간확정
S16,6,또다른 진심,사용자 확인(대부분 8/14 영상 눈판독) — S16 의 5·6·7·8·9·10 외 1 번이 맞았다. 번호는 단조라 그 점이 맞으면 못 본 구간 5~11 전체의 밀림이 없다,구간확정
S16,7,B3,사용자 확인(대부분 8/14 영상 눈판독) — S16 의 5·6·7·8·9·10 외 1 번이 맞았다. 번호는 단조라 그 점이 맞으면 못 본 구간 5~11 전체의 밀림이 없다,구간확정
S16,8,더 라스트 리벨리온,사용자 확인(대부분 8/14 영상 눈판독) — S16 의 5·6·7·8·9·10 외 1 번이 맞았다. 번호는 단조라 그 점이 맞으면 못 본 구간 5~11 전체의 밀림이 없다,구간확정
S16,9,오버나이트 플라워,사용자 확인(대부분 8/14 영상 눈판독) — S16 의 5·6·7·8·9·10 외 1 번이 맞았다. 번호는 단조라 그 점이 맞으면 못 본 구간 5~11 전체의 밀림이 없다,구간확정
S16,10,레전더리 도미니언,사용자 확인(대부분 8/14 영상 눈판독) — S16 의 5·6·7·8·9·10 외 1 번이 맞았다. 번호는 단조라 그 점이 맞으면 못 본 구간 5~11 전체의 밀림이 없다,구간확정
S16,11,하이웨이 체이서,사용자 확인(대부분 8/14 영상 눈판독) — S16 의 5·6·7·8·9·10 외 1 번이 맞았다. 번호는 단조라 그 점이 맞으면 못 본 구간 5~11 전체의 밀림이 없다,구간확정
S16,17,더 아포칼립스,영상 프레임 판독으로 **S16 의 밀림 0** 을 확인했다 — 우리 표가 이 존에서 맞다(frame_verify.csv),구간확정
S16,18,유포리아닉,영상 프레임 판독으로 **S16 의 밀림 0** 을 확인했다 — 우리 표가 이 존에서 맞다(frame_verify.csv),구간확정
S16,19,할로윈 파티 ~Multiverse~,영상 프레임 판독으로 **S16 의 밀림 0** 을 확인했다 — 우리 표가 이 존에서 맞다(frame_verify.csv),구간확정
S16,20,그로스,영상 프레임 판독으로 **S16 의 밀림 0** 을 확인했다 — 우리 표가 이 존에서 맞다(frame_verify.csv),구간확정
S16,21,시,영상 프레임 판독으로 **S16 의 밀림 0** 을 확인했다 — 우리 표가 이 존에서 맞다(frame_verify.csv),구간확정
S16,22,결투,영상 프레임 판독으로 **S16 의 밀림 0** 을 확인했다 — 우리 표가 이 존에서 맞다(frame_verify.csv),구간확정
S16,23,리틀 먼치킨,영상 프레임 판독으로 **S16 의 밀림 0** 을 확인했다 — 우리 표가 이 존에서 맞다(frame_verify.csv),구간확정
S16,24,"사이먼 세이즈, 유로댄스!! (feat. Sara☆M)",영상 프레임 판독으로 **S16 의 밀림 0** 을 확인했다 — 우리 표가 이 존에서 맞다(frame_verify.csv),구간확정
S16,25,바버스 매드니스,영상 프레임 판독으로 **S16 의 밀림 0** 을 확인했다 — 우리 표가 이 존에서 맞다(frame_verify.csv),구간확정
S16,26,요! 세이!! 페어리!!!,영상 프레임 판독으로 **S16 의 밀림 0** 을 확인했다 — 우리 표가 이 존에서 맞다(frame_verify.csv),구간확정
S16,40,1949,영상 프레임 판독으로 **S16 의 밀림 0** 을 확인했다 — 우리 표가 이 존에서 맞다(frame_verify.csv),구간확정
S16,41,립톤 스트라이크,영상 프레임 판독으로 **S16 의 밀림 0** 을 확인했다 — 우리 표가 이 존에서 맞다(frame_verify.csv),구간확정
S16,42,아이올라이트 스카이,영상 프레임 판독으로 **S16 의 밀림 0** 을 확인했다 — 우리 표가 이 존에서 맞다(frame_verify.csv),구간확정
S16,43,금혼식,영상 프레임 판독으로 **S16 의 밀림 0** 을 확인했다 — 우리 표가 이 존에서 맞다(frame_verify.csv),구간확정
S16,44,까르멘 버스,영상 프레임 판독으로 **S16 의 밀림 0** 을 확인했다 — 우리 표가 이 존에서 맞다(frame_verify.csv),구간확정
S16,45,오르비트 스테빌라이저,영상 프레임 판독으로 **S16 의 밀림 0** 을 확인했다 — 우리 표가 이 존에서 맞다(frame_verify.csv),구간확정
S16,46,파괴,영상 프레임 판독으로 **S16 의 밀림 0** 을 확인했다 — 우리 표가 이 존에서 맞다(frame_verify.csv),구간확정
S16,47,위키드 레전드,영상 프레임 판독으로 **S16 의 밀림 0** 을 확인했다 — 우리 표가 이 존에서 맞다(frame_verify.csv),구간확정
S16,53,아마겟돈,영상 프레임 판독으로 **S16 의 밀림 0** 을 확인했다 — 우리 표가 이 존에서 맞다(frame_verify.csv),구간확정
S16,54,리펜턴스,영상 프레임 판독으로 **S16 의 밀림 0** 을 확인했다 — 우리 표가 이 존에서 맞다(frame_verify.csv),구간확정
S16,55,트로피카닉,영상 프레임 판독으로 **S16 의 밀림 0** 을 확인했다 — 우리 표가 이 존에서 맞다(frame_verify.csv),구간확정
S16,61,브레이크 아웃,사용자 확인(대부분 8/14 영상 눈판독) — S16 의 61·62·63·64·65·66 번이 맞았다. 번호는 단조라 그 점이 맞으면 못 본 구간 61~78 전체의 밀림이 없다,구간확정
S16,62,사라반드,사용자 확인(대부분 8/14 영상 눈판독) — S16 의 61·62·63·64·65·66 번이 맞았다. 번호는 단조라 그 점이 맞으면 못 본 구간 61~78 전체의 밀림이 없다,구간확정
S16,63,가장신자,사용자 확인(대부분 8/14 영상 눈판독) — S16 의 61·62·63·64·65·66 번이 맞았다. 번호는 단조라 그 점이 맞으면 못 본 구간 61~78 전체의 밀림이 없다,구간확정
S16,64,패싱 라이더,사용자 확인(대부분 8/14 영상 눈판독) — S16 의 61·62·63·64·65·66 번이 맞았다. 번호는 단조라 그 점이 맞으면 못 본 구간 61~78 전체의 밀림이 없다,구간확정
S16,65,아르카나 포스,사용자 확인(대부분 8/14 영상 눈판독) — S16 의 61·62·63·64·65·66 번이 맞았다. 번호는 단조라 그 점이 맞으면 못 본 구간 61~78 전체의 밀림이 없다,구간확정
S16,66,트위스트 오브 페이트 (feat. Ruriling),사용자 확인(대부분 8/14 영상 눈판독) — S16 의 61·62·63·64·65·66 번이 맞았다. 번호는 단조라 그 점이 맞으면 못 본 구간 61~78 전체의 밀림이 없다,구간확정
S16,67,어웨이크닝,사용자 확인(대부분 8/14 영상 눈판독) — S16 의 61·62·63·64·65·66 번이 맞았다. 번호는 단조라 그 점이 맞으면 못 본 구간 61~78 전체의 밀림이 없다,구간확정
S16,68,하트 어택,사용자 확인(대부분 8/14 영상 눈판독) — S16 의 61·62·63·64·65·66 번이 맞았다. 번호는 단조라 그 점이 맞으면 못 본 구간 61~78 전체의 밀림이 없다,구간확정
S16,69,네메시스,사용자 확인(대부분 8/14 영상 눈판독) — S16 의 61·62·63·64·65·66 번이 맞았다. 번호는 단조라 그 점이 맞으면 못 본 구간 61~78 전체의 밀림이 없다,구간확정
S16,70,요그 소토스,사용자 확인(대부분 8/14 영상 눈판독) — S16 의 61·62·63·64·65·66 번이 맞았다. 번호는 단조라 그 점이 맞으면 못 본 구간 61~78 전체의 밀림이 없다,구간확정
S16,71,차이니즈 레스토랑,사용자 확인(대부분 8/14 영상 눈판독) — S16 의 61·62·63·64·65·66 번이 맞았다. 번호는 단조라 그 점이 맞으면 못 본 구간 61~78 전체의 밀림이 없다,구간확정
S16,72,아발란치,사용자 확인(대부분 8/14 영상 눈판독) — S16 의 61·62·63·64·65·66 번이 맞았다. 번호는 단조라 그 점이 맞으면 못 본 구간 61~78 전체의 밀림이 없다,구간확정
S16,73,레퀴엠,사용자 확인(대부분 8/14 영상 눈판독) — S16 의 61·62·63·64·65·66 번이 맞았다. 번호는 단조라 그 점이 맞으면 못 본 구간 61~78 전체의 밀림이 없다,구간확정
S16,74,B2,사용자 확인(대부분 8/14 영상 눈판독) — S16 의 61·62·63·64·65·66 번이 맞았다. 번호는 단조라 그 점이 맞으면 못 본 구간 61~78 전체의 밀림이 없다,구간확정
S16,75,메테오라이즈,사용자 확인(대부분 8/14 영상 눈판독) — S16 의 61·62·63·64·65·66 번이 맞았다. 번호는 단조라 그 점이 맞으면 못 본 구간 61~78 전체의 밀림이 없다,구간확정
S16,76,슈퍼 판타지,사용자 확인(대부분 8/14 영상 눈판독) — S16 의 61·62·63·64·65·66 번이 맞았다. 번호는 단조라 그 점이 맞으면 못 본 구간 61~78 전체의 밀림이 없다,구간확정
S16,77,1950,사용자 확인(대부분 8/14 영상 눈판독) — S16 의 61·62·63·64·65·66 번이 맞았다. 번호는 단조라 그 점이 맞으면 못 본 구간 61~78 전체의 밀림이 없다,구간확정
S16,78,어나이얼레이터 메소드,사용자 확인(대부분 8/14 영상 눈판독) — S16 의 61·62·63·64·65·66 번이 맞았다. 번호는 단조라 그 점이 맞으면 못 본 구간 61~78 전체의 밀림이 없다,구간확정
S16,92,진공,사용자 확인(대부분 8/14 영상 눈판독) — S16 의 92·93·94·95 번이 맞았다. 번호는 단조라 그 점이 맞으면 못 본 구간 92~96 전체의 밀림이 없다,구간확정
S16,93,팬텀 -인터메조-,사용자 확인(대부분 8/14 영상 눈판독) — S16 의 92·93·94·95 번이 맞았다. 번호는 단조라 그 점이 맞으면 못 본 구간 92~96 전체의 밀림이 없다,구간확정
S16,94,펌핑 점핑,사용자 확인(대부분 8/14 영상 눈판독) — S16 의 92·93·94·95 번이 맞았다. 번호는 단조라 그 점이 맞으면 못 본 구간 92~96 전체의 밀림이 없다,구간확정
S16,95,블레이즈 이모션,사용자 확인(대부분 8/14 영상 눈판독) — S16 의 92·93·94·95 번이 맞았다. 번호는 단조라 그 점이 맞으면 못 본 구간 92~96 전체의 밀림이 없다,구간확정
S16,96,사람들은 몰랐다네,사용자 확인(대부분 8/14 영상 눈판독) — S16 의 92·93·94·95 번이 맞았다. 번호는 단조라 그 점이 맞으면 못 본 구간 92~96 전체의 밀림이 없다,구간확정
S16,102,점프,영상 프레임 판독으로 **S16 의 밀림 0** 을 확인했다 — 우리 표가 이 존에서 맞다(frame_verify.csv),구간확정
S16,103,하이 바이,영상 프레임 판독으로 **S16 의 밀림 0** 을 확인했다 — 우리 표가 이 존에서 맞다(frame_verify.csv),구간확정
S16,109,마리아,영상 프레임 판독으로 **S16 의 밀림 0** 을 확인했다 — 우리 표가 이 존에서 맞다(frame_verify.csv),구간확정
S16,110,마이웨이,영상 프레임 판독으로 **S16 의 밀림 0** 을 확인했다 — 우리 표가 이 존에서 맞다(frame_verify.csv),구간확정
S16,111,스트리트 쇼다운,영상 프레임 판독으로 **S16 의 밀림 0** 을 확인했다 — 우리 표가 이 존에서 맞다(frame_verify.csv),구간확정
S16,112,윈터,영상 프레임 판독으로 **S16 의 밀림 0** 을 확인했다 — 우리 표가 이 존에서 맞다(frame_verify.csv),구간확정
S16,113,윌 오 더 위스프,영상 프레임 판독으로 **S16 의 밀림 0** 을 확인했다 — 우리 표가 이 존에서 맞다(frame_verify.csv),구간확정
S16,114,부크,영상 프레임 판독으로 **S16 의 밀림 0** 을 확인했다 — 우리 표가 이 존에서 맞다(frame_verify.csv),구간확정
S16,122,댄싱,사용자 확인(대부분 8/14 영상 눈판독) — S16 의 122·123 번이 맞았다. 번호는 단조라 그 점이 맞으면 못 본 구간 122~123 전체의 밀림이 없다,구간확정
S16,123,언더월드 ft. Skizzo (PIU Edit.),사용자 확인(대부분 8/14 영상 눈판독) — S16 의 122·123 번이 맞았다. 번호는 단조라 그 점이 맞으면 못 본 구간 122~123 전체의 밀림이 없다,구간확정
S16,129,에모모모,사용자 확인(대부분 8/14 영상 눈판독) — S16 의 129·130 번이 맞았다. 번호는 단조라 그 점이 맞으면 못 본 구간 129~134 전체의 밀림이 없다,구간확정
S16,130,러쉬-모어,사용자 확인(대부분 8/14 영상 눈판독) — S16 의 129·130 번이 맞았다. 번호는 단조라 그 점이 맞으면 못 본 구간 129~134 전체의 밀림이 없다,구간확정
S16,131,러쉬-아워,사용자 확인(대부분 8/14 영상 눈판독) — S16 의 129·130 번이 맞았다. 번호는 단조라 그 점이 맞으면 못 본 구간 129~134 전체의 밀림이 없다,구간확정
S16,132,* 이 게임은 존재하지 않습니다 *,사용자 확인(대부분 8/14 영상 눈판독) — S16 의 129·130 번이 맞았다. 번호는 단조라 그 점이 맞으면 못 본 구간 129~134 전체의 밀림이 없다,구간확정
S16,133,마히카,사용자 확인(대부분 8/14 영상 눈판독) — S16 의 129·130 번이 맞았다. 번호는 단조라 그 점이 맞으면 못 본 구간 129~134 전체의 밀림이 없다,구간확정
S16,134,지젤,사용자 확인(대부분 8/14 영상 눈판독) — S16 의 129·130 번이 맞았다. 번호는 단조라 그 점이 맞으면 못 본 구간 129~134 전체의 밀림이 없다,구간확정
S16,147,포인트 제로 2,사용자 확인(대부분 8/14 영상 눈판독) — S16 의 147·148·149·150·160 번이 맞았다. 번호는 단조라 그 점이 맞으면 못 본 구간 147~160 전체의 밀림이 없다,구간확정
S16,148,브레인 파워,사용자 확인(대부분 8/14 영상 눈판독) — S16 의 147·148·149·150·160 번이 맞았다. 번호는 단조라 그 점이 맞으면 못 본 구간 147~160 전체의 밀림이 없다,구간확정
S16,149,라이프 이즈 피아노,사용자 확인(대부분 8/14 영상 눈판독) — S16 의 147·148·149·150·160 번이 맞았다. 번호는 단조라 그 점이 맞으면 못 본 구간 147~160 전체의 밀림이 없다,구간확정
S16,150,크로스 레이 (feat. 月下Lia),사용자 확인(대부분 8/14 영상 눈판독) — S16 의 147·148·149·150·160 번이 맞았다. 번호는 단조라 그 점이 맞으면 못 본 구간 147~160 전체의 밀림이 없다,구간확정
S16,151,락 더 하우스,사용자 확인(대부분 8/14 영상 눈판독) — S16 의 147·148·149·150·160 번이 맞았다. 번호는 단조라 그 점이 맞으면 못 본 구간 147~160 전체의 밀림이 없다,구간확정
S16,152,라그나로크,사용자 확인(대부분 8/14 영상 눈판독) — S16 의 147·148·149·150·160 번이 맞았다. 번호는 단조라 그 점이 맞으면 못 본 구간 147~160 전체의 밀림이 없다,구간확정
S16,153,까랴위사따,사용자 확인(대부분 8/14 영상 눈판독) — S16 의 147·148·149·150·160 번이 맞았다. 번호는 단조라 그 점이 맞으면 못 본 구간 147~160 전체의 밀림이 없다,구간확정
S16,154,스타더스트 오버드라이브,사용자 확인(대부분 8/14 영상 눈판독) — S16 의 147·148·149·150·160 번이 맞았다. 번호는 단조라 그 점이 맞으면 못 본 구간 147~160 전체의 밀림이 없다,구간확정
S16,155,스마일 다이어리,사용자 확인(대부분 8/14 영상 눈판독) — S16 의 147·148·149·150·160 번이 맞았다. 번호는 단조라 그 점이 맞으면 못 본 구간 147~160 전체의 밀림이 없다,구간확정
S16,156,프라임,사용자 확인(대부분 8/14 영상 눈판독) — S16 의 147·148·149·150·160 번이 맞았다. 번호는 단조라 그 점이 맞으면 못 본 구간 147~160 전체의 밀림이 없다,구간확정
S16,157,아이디얼라이즈드 로맨스,사용자 확인(대부분 8/14 영상 눈판독) — S16 의 147·148·149·150·160 번이 맞았다. 번호는 단조라 그 점이 맞으면 못 본 구간 147~160 전체의 밀림이 없다,구간확정
S16,158,저스트 홀드 온 (To All Fighters),사용자 확인(대부분 8/14 영상 눈판독) — S16 의 147·148·149·150·160 번이 맞았다. 번호는 단조라 그 점이 맞으면 못 본 구간 147~160 전체의 밀림이 없다,구간확정
S16,159,팝 더 트랙,사용자 확인(대부분 8/14 영상 눈판독) — S16 의 147·148·149·150·160 번이 맞았다. 번호는 단조라 그 점이 맞으면 못 본 구간 147~160 전체의 밀림이 없다,구간확정
S16,160,슈퍼☆하라구로☆팝,사용자 확인(대부분 8/14 영상 눈판독) — S16 의 147·148·149·150·160 번이 맞았다. 번호는 단조라 그 점이 맞으면 못 본 구간 147~160 전체의 밀림이 없다,구간확정
S16,173,라 그랑 블루,영상 프레임 판독으로 **S16 의 밀림 0** 을 확인했다 — 우리 표가 이 존에서 맞다(frame_verify.csv),구간확정
S16,174,어 사이트 데 라 루,영상 프레임 판독으로 **S16 의 밀림 0** 을 확인했다 — 우리 표가 이 존에서 맞다(frame_verify.csv),구간확정
S17,11,응징 레스토랑,사용자 확인(대부분 8/14 영상 눈판독) — S17 의 11·12 번이 맞았다. 번호는 단조라 그 점이 맞으면 못 본 구간 11~17 전체의 밀림이 없다,구간확정
S17,12,번 아웃,사용자 확인(대부분 8/14 영상 눈판독) — S17 의 11·12 번이 맞았다. 번호는 단조라 그 점이 맞으면 못 본 구간 11~17 전체의 밀림이 없다,구간확정
S17,13,쇼다운,사용자 확인(대부분 8/14 영상 눈판독) — S17 의 11·12 번이 맞았다. 번호는 단조라 그 점이 맞으면 못 본 구간 11~17 전체의 밀림이 없다,구간확정
S17,14,붐!!,사용자 확인(대부분 8/14 영상 눈판독) — S17 의 11·12 번이 맞았다. 번호는 단조라 그 점이 맞으면 못 본 구간 11~17 전체의 밀림이 없다,구간확정
S17,15,쥬핀,사용자 확인(대부분 8/14 영상 눈판독) — S17 의 11·12 번이 맞았다. 번호는 단조라 그 점이 맞으면 못 본 구간 11~17 전체의 밀림이 없다,구간확정
S17,16,추격,사용자 확인(대부분 8/14 영상 눈판독) — S17 의 11·12 번이 맞았다. 번호는 단조라 그 점이 맞으면 못 본 구간 11~17 전체의 밀림이 없다,구간확정
S17,17,스타드림 -Eurobeat Remix-,사용자 확인(대부분 8/14 영상 눈판독) — S17 의 11·12 번이 맞았다. 번호는 단조라 그 점이 맞으면 못 본 구간 11~17 전체의 밀림이 없다,구간확정
S17,30,스위트로닉,사용자 확인(대부분 8/14 영상 눈판독) — S17 의 30·31·32·33·53 번이 맞았다. 번호는 단조라 그 점이 맞으면 못 본 구간 30~53 전체의 밀림이 없다,구간확정
S17,31,야누스,사용자 확인(대부분 8/14 영상 눈판독) — S17 의 30·31·32·33·53 번이 맞았다. 번호는 단조라 그 점이 맞으면 못 본 구간 30~53 전체의 밀림이 없다,구간확정
S17,32,아이 원트 유,사용자 확인(대부분 8/14 영상 눈판독) — S17 의 30·31·32·33·53 번이 맞았다. 번호는 단조라 그 점이 맞으면 못 본 구간 30~53 전체의 밀림이 없다,구간확정
S17,33,텔링 포츈 플라워,사용자 확인(대부분 8/14 영상 눈판독) — S17 의 30·31·32·33·53 번이 맞았다. 번호는 단조라 그 점이 맞으면 못 본 구간 30~53 전체의 밀림이 없다,구간확정
S17,34,니알라토텝,사용자 확인(대부분 8/14 영상 눈판독) — S17 의 30·31·32·33·53 번이 맞았다. 번호는 단조라 그 점이 맞으면 못 본 구간 30~53 전체의 밀림이 없다,구간확정
S17,35,하트 래빗 코스터,사용자 확인(대부분 8/14 영상 눈판독) — S17 의 30·31·32·33·53 번이 맞았다. 번호는 단조라 그 점이 맞으면 못 본 구간 30~53 전체의 밀림이 없다,구간확정
S17,36,마카롱 데이,사용자 확인(대부분 8/14 영상 눈판독) — S17 의 30·31·32·33·53 번이 맞았다. 번호는 단조라 그 점이 맞으면 못 본 구간 30~53 전체의 밀림이 없다,구간확정
S17,37,아이스 오브 데스,사용자 확인(대부분 8/14 영상 눈판독) — S17 의 30·31·32·33·53 번이 맞았다. 번호는 단조라 그 점이 맞으면 못 본 구간 30~53 전체의 밀림이 없다,구간확정
S17,38,배니쉬,사용자 확인(대부분 8/14 영상 눈판독) — S17 의 30·31·32·33·53 번이 맞았다. 번호는 단조라 그 점이 맞으면 못 본 구간 30~53 전체의 밀림이 없다,구간확정
S17,39,테일즈 오브 펌프니아,사용자 확인(대부분 8/14 영상 눈판독) — S17 의 30·31·32·33·53 번이 맞았다. 번호는 단조라 그 점이 맞으면 못 본 구간 30~53 전체의 밀림이 없다,구간확정
S17,40,김치 핑거즈,사용자 확인(대부분 8/14 영상 눈판독) — S17 의 30·31·32·33·53 번이 맞았다. 번호는 단조라 그 점이 맞으면 못 본 구간 30~53 전체의 밀림이 없다,구간확정
S17,41,탄탄멘,사용자 확인(대부분 8/14 영상 눈판독) — S17 의 30·31·32·33·53 번이 맞았다. 번호는 단조라 그 점이 맞으면 못 본 구간 30~53 전체의 밀림이 없다,구간확정
S17,42,더 레버리,사용자 확인(대부분 8/14 영상 눈판독) — S17 의 30·31·32·33·53 번이 맞았다. 번호는 단조라 그 점이 맞으면 못 본 구간 30~53 전체의 밀림이 없다,구간확정
S17,43,시그너스,사용자 확인(대부분 8/14 영상 눈판독) — S17 의 30·31·32·33·53 번이 맞았다. 번호는 단조라 그 점이 맞으면 못 본 구간 30~53 전체의 밀림이 없다,구간확정
S17,44,갓 모드 2.0 feat. Skizzo,사용자 확인(대부분 8/14 영상 눈판독) — S17 의 30·31·32·33·53 번이 맞았다. 번호는 단조라 그 점이 맞으면 못 본 구간 30~53 전체의 밀림이 없다,구간확정
S17,45,슈퍼 카프리시오,사용자 확인(대부분 8/14 영상 눈판독) — S17 의 30·31·32·33·53 번이 맞았다. 번호는 단조라 그 점이 맞으면 못 본 구간 30~53 전체의 밀림이 없다,구간확정
S17,46,트리튬,사용자 확인(대부분 8/14 영상 눈판독) — S17 의 30·31·32·33·53 번이 맞았다. 번호는 단조라 그 점이 맞으면 못 본 구간 30~53 전체의 밀림이 없다,구간확정
S17,47,브링 백 더 비트,사용자 확인(대부분 8/14 영상 눈판독) — S17 의 30·31·32·33·53 번이 맞았다. 번호는 단조라 그 점이 맞으면 못 본 구간 30~53 전체의 밀림이 없다,구간확정
S17,48,우츠시요 노 카제 feat. Kana,사용자 확인(대부분 8/14 영상 눈판독) — S17 의 30·31·32·33·53 번이 맞았다. 번호는 단조라 그 점이 맞으면 못 본 구간 30~53 전체의 밀림이 없다,구간확정
S17,49,HTTP,사용자 확인(대부분 8/14 영상 눈판독) — S17 의 30·31·32·33·53 번이 맞았다. 번호는 단조라 그 점이 맞으면 못 본 구간 30~53 전체의 밀림이 없다,구간확정
S17,50,업 앤 업 (Produced by AWAL),사용자 확인(대부분 8/14 영상 눈판독) — S17 의 30·31·32·33·53 번이 맞았다. 번호는 단조라 그 점이 맞으면 못 본 구간 30~53 전체의 밀림이 없다,구간확정
S17,51,트래블 투 퓨처,사용자 확인(대부분 8/14 영상 눈판독) — S17 의 30·31·32·33·53 번이 맞았다. 번호는 단조라 그 점이 맞으면 못 본 구간 30~53 전체의 밀림이 없다,구간확정
S17,52,레이브 언틸 디 어스 엔드,사용자 확인(대부분 8/14 영상 눈판독) — S17 의 30·31·32·33·53 번이 맞았다. 번호는 단조라 그 점이 맞으면 못 본 구간 30~53 전체의 밀림이 없다,구간확정
S17,53,왈츠 오브 도지,사용자 확인(대부분 8/14 영상 눈판독) — S17 의 30·31·32·33·53 번이 맞았다. 번호는 단조라 그 점이 맞으면 못 본 구간 30~53 전체의 밀림이 없다,구간확정
S17,59,바이올렛 퍼퓸,사용자 확인(대부분 8/14 영상 눈판독) — S17 의 59 번이 맞았다. 번호는 단조라 그 점이 맞으면 못 본 구간 59~59 전체의 밀림이 없다,구간확정
S17,72,버터플라이,사용자 확인(대부분 8/14 영상 눈판독) — S17 의 80 번이 맞았다. 번호는 단조라 그 점이 맞으면 못 본 구간 72~80 전체의 밀림이 없다,구간확정
S17,73,위 갓 투 노우,사용자 확인(대부분 8/14 영상 눈판독) — S17 의 80 번이 맞았다. 번호는 단조라 그 점이 맞으면 못 본 구간 72~80 전체의 밀림이 없다,구간확정
S17,74,헝가리 무곡 V,사용자 확인(대부분 8/14 영상 눈판독) — S17 의 80 번이 맞았다. 번호는 단조라 그 점이 맞으면 못 본 구간 72~80 전체의 밀림이 없다,구간확정
S17,75,네이티브,사용자 확인(대부분 8/14 영상 눈판독) — S17 의 80 번이 맞았다. 번호는 단조라 그 점이 맞으면 못 본 구간 72~80 전체의 밀림이 없다,구간확정
S17,76,야근,사용자 확인(대부분 8/14 영상 눈판독) — S17 의 80 번이 맞았다. 번호는 단조라 그 점이 맞으면 못 본 구간 72~80 전체의 밀림이 없다,구간확정
S17,77,파반느,사용자 확인(대부분 8/14 영상 눈판독) — S17 의 80 번이 맞았다. 번호는 단조라 그 점이 맞으면 못 본 구간 72~80 전체의 밀림이 없다,구간확정
S17,78,ㅁㄴㅇㄹ,사용자 확인(대부분 8/14 영상 눈판독) — S17 의 80 번이 맞았다. 번호는 단조라 그 점이 맞으면 못 본 구간 72~80 전체의 밀림이 없다,구간확정
S17,79,소서리스 엘리제,사용자 확인(대부분 8/14 영상 눈판독) — S17 의 80 번이 맞았다. 번호는 단조라 그 점이 맞으면 못 본 구간 72~80 전체의 밀림이 없다,구간확정
S17,80,유 갓 투 노우,사용자 확인(대부분 8/14 영상 눈판독) — S17 의 80 번이 맞았다. 번호는 단조라 그 점이 맞으면 못 본 구간 72~80 전체의 밀림이 없다,구간확정
S17,86,펌핑 점핑,사용자 확인(대부분 8/14 영상 눈판독) — S17 의 86 번이 맞았다. 번호는 단조라 그 점이 맞으면 못 본 구간 86~93 전체의 밀림이 없다,구간확정
S17,87,테프리스,사용자 확인(대부분 8/14 영상 눈판독) — S17 의 86 번이 맞았다. 번호는 단조라 그 점이 맞으면 못 본 구간 86~93 전체의 밀림이 없다,구간확정
S17,88,블레이즈 이모션,사용자 확인(대부분 8/14 영상 눈판독) — S17 의 86 번이 맞았다. 번호는 단조라 그 점이 맞으면 못 본 구간 86~93 전체의 밀림이 없다,구간확정
S17,89,젓가락 변주곡,사용자 확인(대부분 8/14 영상 눈판독) — S17 의 86 번이 맞았다. 번호는 단조라 그 점이 맞으면 못 본 구간 86~93 전체의 밀림이 없다,구간확정
S17,90,디제이 오타다,사용자 확인(대부분 8/14 영상 눈판독) — S17 의 86 번이 맞았다. 번호는 단조라 그 점이 맞으면 못 본 구간 86~93 전체의 밀림이 없다,구간확정
S17,91,케이.오.에이 : 엘리스 인 원더월드,사용자 확인(대부분 8/14 영상 눈판독) — S17 의 86 번이 맞았다. 번호는 단조라 그 점이 맞으면 못 본 구간 86~93 전체의 밀림이 없다,구간확정
S17,92,토카타,사용자 확인(대부분 8/14 영상 눈판독) — S17 의 86 번이 맞았다. 번호는 단조라 그 점이 맞으면 못 본 구간 86~93 전체의 밀림이 없다,구간확정
S17,93,펌트리스 8비트 ver.,사용자 확인(대부분 8/14 영상 눈판독) — S17 의 86 번이 맞았다. 번호는 단조라 그 점이 맞으면 못 본 구간 86~93 전체의 밀림이 없다,구간확정
S17,99,두 유 노우 댓-올드 스쿨,사용자 확인(대부분 8/14 영상 눈판독) — S17 의 122·123·124·125·126·127 외 4 번이 맞았다. 번호는 단조라 그 점이 맞으면 못 본 구간 99~140 전체의 밀림이 없다,구간확정
S17,100,건락,사용자 확인(대부분 8/14 영상 눈판독) — S17 의 122·123·124·125·126·127 외 4 번이 맞았다. 번호는 단조라 그 점이 맞으면 못 본 구간 99~140 전체의 밀림이 없다,구간확정
S17,101,투우사의 노래,사용자 확인(대부분 8/14 영상 눈판독) — S17 의 122·123·124·125·126·127 외 4 번이 맞았다. 번호는 단조라 그 점이 맞으면 못 본 구간 99~140 전체의 밀림이 없다,구간확정
S17,102,미운 오리 새끼,사용자 확인(대부분 8/14 영상 눈판독) — S17 의 122·123·124·125·126·127 외 4 번이 맞았다. 번호는 단조라 그 점이 맞으면 못 본 구간 99~140 전체의 밀림이 없다,구간확정
S17,103,파이널 오디션 에피소드 2-2,사용자 확인(대부분 8/14 영상 눈판독) — S17 의 122·123·124·125·126·127 외 4 번이 맞았다. 번호는 단조라 그 점이 맞으면 못 본 구간 99~140 전체의 밀림이 없다,구간확정
S17,104,비트 오브 더 워 2,사용자 확인(대부분 8/14 영상 눈판독) — S17 의 122·123·124·125·126·127 외 4 번이 맞았다. 번호는 단조라 그 점이 맞으면 못 본 구간 99~140 전체의 밀림이 없다,구간확정
S17,105,위치 닥터,사용자 확인(대부분 8/14 영상 눈판독) — S17 의 122·123·124·125·126·127 외 4 번이 맞았다. 번호는 단조라 그 점이 맞으면 못 본 구간 99~140 전체의 밀림이 없다,구간확정
S17,106,러브 이즈 어 데인저 존 pt.2 어나더,사용자 확인(대부분 8/14 영상 눈판독) — S17 의 122·123·124·125·126·127 외 4 번이 맞았다. 번호는 단조라 그 점이 맞으면 못 본 구간 99~140 전체의 밀림이 없다,구간확정
S17,107,캐논 디,사용자 확인(대부분 8/14 영상 눈판독) — S17 의 122·123·124·125·126·127 외 4 번이 맞았다. 번호는 단조라 그 점이 맞으면 못 본 구간 99~140 전체의 밀림이 없다,구간확정
S17,108,파이널 오디션 3,사용자 확인(대부분 8/14 영상 눈판독) — S17 의 122·123·124·125·126·127 외 4 번이 맞았다. 번호는 단조라 그 점이 맞으면 못 본 구간 99~140 전체의 밀림이 없다,구간확정
S17,109,블레이징,사용자 확인(대부분 8/14 영상 눈판독) — S17 의 122·123·124·125·126·127 외 4 번이 맞았다. 번호는 단조라 그 점이 맞으면 못 본 구간 99~140 전체의 밀림이 없다,구간확정
S17,110,비,사용자 확인(대부분 8/14 영상 눈판독) — S17 의 122·123·124·125·126·127 외 4 번이 맞았다. 번호는 단조라 그 점이 맞으면 못 본 구간 99~140 전체의 밀림이 없다,구간확정
S17,111,헬로우,사용자 확인(대부분 8/14 영상 눈판독) — S17 의 122·123·124·125·126·127 외 4 번이 맞았다. 번호는 단조라 그 점이 맞으면 못 본 구간 99~140 전체의 밀림이 없다,구간확정
S17,112,러브 이즈 어 데인저 존,사용자 확인(대부분 8/14 영상 눈판독) — S17 의 122·123·124·125·126·127 외 4 번이 맞았다. 번호는 단조라 그 점이 맞으면 못 본 구간 99~140 전체의 밀림이 없다,구간확정
S17,113,틸 디 엔드 오브 타임,사용자 확인(대부분 8/14 영상 눈판독) — S17 의 122·123·124·125·126·127 외 4 번이 맞았다. 번호는 단조라 그 점이 맞으면 못 본 구간 99~140 전체의 밀림이 없다,구간확정
S17,114,치킨 윙,사용자 확인(대부분 8/14 영상 눈판독) — S17 의 122·123·124·125·126·127 외 4 번이 맞았다. 번호는 단조라 그 점이 맞으면 못 본 구간 99~140 전체의 밀림이 없다,구간확정
S17,115,라젠스키 캉캉,사용자 확인(대부분 8/14 영상 눈판독) — S17 의 122·123·124·125·126·127 외 4 번이 맞았다. 번호는 단조라 그 점이 맞으면 못 본 구간 99~140 전체의 밀림이 없다,구간확정
S17,116,파이널 오디션 에피소드 1,사용자 확인(대부분 8/14 영상 눈판독) — S17 의 122·123·124·125·126·127 외 4 번이 맞았다. 번호는 단조라 그 점이 맞으면 못 본 구간 99~140 전체의 밀림이 없다,구간확정
S17,117,롤링 크리스마스,사용자 확인(대부분 8/14 영상 눈판독) — S17 의 122·123·124·125·126·127 외 4 번이 맞았다. 번호는 단조라 그 점이 맞으면 못 본 구간 99~140 전체의 밀림이 없다,구간확정
S17,118,올 아이 원트 포 크리스마스,사용자 확인(대부분 8/14 영상 눈판독) — S17 의 122·123·124·125·126·127 외 4 번이 맞았다. 번호는 단조라 그 점이 맞으면 못 본 구간 99~140 전체의 밀림이 없다,구간확정
S17,119,베토벤 바이러스,사용자 확인(대부분 8/14 영상 눈판독) — S17 의 122·123·124·125·126·127 외 4 번이 맞았다. 번호는 단조라 그 점이 맞으면 못 본 구간 99~140 전체의 밀림이 없다,구간확정
S17,120,무혼,사용자 확인(대부분 8/14 영상 눈판독) — S17 의 122·123·124·125·126·127 외 4 번이 맞았다. 번호는 단조라 그 점이 맞으면 못 본 구간 99~140 전체의 밀림이 없다,구간확정
S17,121,터키 행진곡,사용자 확인(대부분 8/14 영상 눈판독) — S17 의 122·123·124·125·126·127 외 4 번이 맞았다. 번호는 단조라 그 점이 맞으면 못 본 구간 99~140 전체의 밀림이 없다,구간확정
S17,122,프리덤 다이브,사용자 확인(대부분 8/14 영상 눈판독) — S17 의 122·123·124·125·126·127 외 4 번이 맞았다. 번호는 단조라 그 점이 맞으면 못 본 구간 99~140 전체의 밀림이 없다,구간확정
S17,123,바이너리 스타,사용자 확인(대부분 8/14 영상 눈판독) — S17 의 122·123·124·125·126·127 외 4 번이 맞았다. 번호는 단조라 그 점이 맞으면 못 본 구간 99~140 전체의 밀림이 없다,구간확정
S17,124,댓 키티 (PIU Edit.),사용자 확인(대부분 8/14 영상 눈판독) — S17 의 122·123·124·125·126·127 외 4 번이 맞았다. 번호는 단조라 그 점이 맞으면 못 본 구간 99~140 전체의 밀림이 없다,구간확정
S17,125,밀크,사용자 확인(대부분 8/14 영상 눈판독) — S17 의 122·123·124·125·126·127 외 4 번이 맞았다. 번호는 단조라 그 점이 맞으면 못 본 구간 99~140 전체의 밀림이 없다,구간확정
S17,126,어콰이어,사용자 확인(대부분 8/14 영상 눈판독) — S17 의 122·123·124·125·126·127 외 4 번이 맞았다. 번호는 단조라 그 점이 맞으면 못 본 구간 99~140 전체의 밀림이 없다,구간확정
S17,127,앨리스 인 미산트로프,사용자 확인(대부분 8/14 영상 눈판독) — S17 의 122·123·124·125·126·127 외 4 번이 맞았다. 번호는 단조라 그 점이 맞으면 못 본 구간 99~140 전체의 밀림이 없다,구간확정
S17,128,푸파,사용자 확인(대부분 8/14 영상 눈판독) — S17 의 122·123·124·125·126·127 외 4 번이 맞았다. 번호는 단조라 그 점이 맞으면 못 본 구간 99~140 전체의 밀림이 없다,구간확정
S17,129,스테이저,사용자 확인(대부분 8/14 영상 눈판독) — S17 의 122·123·124·125·126·127 외 4 번이 맞았다. 번호는 단조라 그 점이 맞으면 못 본 구간 99~140 전체의 밀림이 없다,구간확정
S17,130,스푸키 마카롱,사용자 확인(대부분 8/14 영상 눈판독) — S17 의 122·123·124·125·126·127 외 4 번이 맞았다. 번호는 단조라 그 점이 맞으면 못 본 구간 99~140 전체의 밀림이 없다,구간확정
S17,131,아라가미,사용자 확인(대부분 8/14 영상 눈판독) — S17 의 122·123·124·125·126·127 외 4 번이 맞았다. 번호는 단조라 그 점이 맞으면 못 본 구간 99~140 전체의 밀림이 없다,구간확정
S17,132,오딘,사용자 확인(대부분 8/14 영상 눈판독) — S17 의 122·123·124·125·126·127 외 4 번이 맞았다. 번호는 단조라 그 점이 맞으면 못 본 구간 99~140 전체의 밀림이 없다,구간확정
S17,133,배틀 넘버원,사용자 확인(대부분 8/14 영상 눈판독) — S17 의 122·123·124·125·126·127 외 4 번이 맞았다. 번호는 단조라 그 점이 맞으면 못 본 구간 99~140 전체의 밀림이 없다,구간확정
S17,134,크로싱 델타,사용자 확인(대부분 8/14 영상 눈판독) — S17 의 122·123·124·125·126·127 외 4 번이 맞았다. 번호는 단조라 그 점이 맞으면 못 본 구간 99~140 전체의 밀림이 없다,구간확정
S17,135,클럽 나이트,사용자 확인(대부분 8/14 영상 눈판독) — S17 의 122·123·124·125·126·127 외 4 번이 맞았다. 번호는 단조라 그 점이 맞으면 못 본 구간 99~140 전체의 밀림이 없다,구간확정
S17,136,인디스트럭터블,사용자 확인(대부분 8/14 영상 눈판독) — S17 의 122·123·124·125·126·127 외 4 번이 맞았다. 번호는 단조라 그 점이 맞으면 못 본 구간 99~140 전체의 밀림이 없다,구간확정
S17,137,크로스 소울,사용자 확인(대부분 8/14 영상 눈판독) — S17 의 122·123·124·125·126·127 외 4 번이 맞았다. 번호는 단조라 그 점이 맞으면 못 본 구간 99~140 전체의 밀림이 없다,구간확정
S17,138,컨플릭트,사용자 확인(대부분 8/14 영상 눈판독) — S17 의 122·123·124·125·126·127 외 4 번이 맞았다. 번호는 단조라 그 점이 맞으면 못 본 구간 99~140 전체의 밀림이 없다,구간확정
S17,139,"팔랑크스 ""RS2018 edit""",사용자 확인(대부분 8/14 영상 눈판독) — S17 의 122·123·124·125·126·127 외 4 번이 맞았다. 번호는 단조라 그 점이 맞으면 못 본 구간 99~140 전체의 밀림이 없다,구간확정
S17,140,글로리아,사용자 확인(대부분 8/14 영상 눈판독) — S17 의 122·123·124·125·126·127 외 4 번이 맞았다. 번호는 단조라 그 점이 맞으면 못 본 구간 99~140 전체의 밀림이 없다,구간확정
S17,146,더 레볼루션,사용자 확인(대부분 8/14 영상 눈판독) — S17 의 146·147·148·149·150·151 번이 맞았다. 번호는 단조라 그 점이 맞으면 못 본 구간 146~160 전체의 밀림이 없다,구간확정
S17,147,셀피쉬니스,사용자 확인(대부분 8/14 영상 눈판독) — S17 의 146·147·148·149·150·151 번이 맞았다. 번호는 단조라 그 점이 맞으면 못 본 구간 146~160 전체의 밀림이 없다,구간확정
S17,148,코스미컬 리듬,사용자 확인(대부분 8/14 영상 눈판독) — S17 의 146·147·148·149·150·151 번이 맞았다. 번호는 단조라 그 점이 맞으면 못 본 구간 146~160 전체의 밀림이 없다,구간확정
S17,149,돌리 키스,사용자 확인(대부분 8/14 영상 눈판독) — S17 의 146·147·148·149·150·151 번이 맞았다. 번호는 단조라 그 점이 맞으면 못 본 구간 146~160 전체의 밀림이 없다,구간확정
S17,150,필 마이 해피니스,사용자 확인(대부분 8/14 영상 눈판독) — S17 의 146·147·148·149·150·151 번이 맞았다. 번호는 단조라 그 점이 맞으면 못 본 구간 146~160 전체의 밀림이 없다,구간확정
S17,151,아클루오이아스,사용자 확인(대부분 8/14 영상 눈판독) — S17 의 146·147·148·149·150·151 번이 맞았다. 번호는 단조라 그 점이 맞으면 못 본 구간 146~160 전체의 밀림이 없다,구간확정
S17,152,비디오 아웃 씨,사용자 확인(대부분 8/14 영상 눈판독) — S17 의 146·147·148·149·150·151 번이 맞았다. 번호는 단조라 그 점이 맞으면 못 본 구간 146~160 전체의 밀림이 없다,구간확정
S17,153,임프린팅,사용자 확인(대부분 8/14 영상 눈판독) — S17 의 146·147·148·149·150·151 번이 맞았다. 번호는 단조라 그 점이 맞으면 못 본 구간 146~160 전체의 밀림이 없다,구간확정
S17,154,배드 애플!! feat. Nomico,사용자 확인(대부분 8/14 영상 눈판독) — S17 의 146·147·148·149·150·151 번이 맞았다. 번호는 단조라 그 점이 맞으면 못 본 구간 146~160 전체의 밀림이 없다,구간확정
S17,155,파사칼리아,사용자 확인(대부분 8/14 영상 눈판독) — S17 의 146·147·148·149·150·151 번이 맞았다. 번호는 단조라 그 점이 맞으면 못 본 구간 146~160 전체의 밀림이 없다,구간확정
S17,156,바로크 바이러스,사용자 확인(대부분 8/14 영상 눈판독) — S17 의 146·147·148·149·150·151 번이 맞았다. 번호는 단조라 그 점이 맞으면 못 본 구간 146~160 전체의 밀림이 없다,구간확정
S17,157,트라이브 어택커,사용자 확인(대부분 8/14 영상 눈판독) — S17 의 146·147·148·149·150·151 번이 맞았다. 번호는 단조라 그 점이 맞으면 못 본 구간 146~160 전체의 밀림이 없다,구간확정
S17,158,유토피아,사용자 확인(대부분 8/14 영상 눈판독) — S17 의 146·147·148·149·150·151 번이 맞았다. 번호는 단조라 그 점이 맞으면 못 본 구간 146~160 전체의 밀림이 없다,구간확정
S17,159,왓 해픈드,사용자 확인(대부분 8/14 영상 눈판독) — S17 의 146·147·148·149·150·151 번이 맞았다. 번호는 단조라 그 점이 맞으면 못 본 구간 146~160 전체의 밀림이 없다,구간확정
S17,160,알레그로 콘 뿌오코,사용자 확인(대부분 8/14 영상 눈판독) — S17 의 146·147·148·149·150·151 번이 맞았다. 번호는 단조라 그 점이 맞으면 못 본 구간 146~160 전체의 밀림이 없다,구간확정
S17,166,제로아이즈,사용자 확인(대부분 8/14 영상 눈판독) — S17 의 167·168·169·170·171·172 외 3 번이 맞았다. 번호는 단조라 그 점이 맞으면 못 본 구간 166~175 전체의 밀림이 없다,구간확정
S17,167,라이징 스타,사용자 확인(대부분 8/14 영상 눈판독) — S17 의 167·168·169·170·171·172 외 3 번이 맞았다. 번호는 단조라 그 점이 맞으면 못 본 구간 166~175 전체의 밀림이 없다,구간확정
S17,168,오버 더 호라이즌,사용자 확인(대부분 8/14 영상 눈판독) — S17 의 167·168·169·170·171·172 외 3 번이 맞았다. 번호는 단조라 그 점이 맞으면 못 본 구간 166~175 전체의 밀림이 없다,구간확정
S17,169,하우스플랜,사용자 확인(대부분 8/14 영상 눈판독) — S17 의 167·168·169·170·171·172 외 3 번이 맞았다. 번호는 단조라 그 점이 맞으면 못 본 구간 166~175 전체의 밀림이 없다,구간확정
S17,170,유어 마인드,사용자 확인(대부분 8/14 영상 눈판독) — S17 의 167·168·169·170·171·172 외 3 번이 맞았다. 번호는 단조라 그 점이 맞으면 못 본 구간 166~175 전체의 밀림이 없다,구간확정
S17,171,V3,사용자 확인(대부분 8/14 영상 눈판독) — S17 의 167·168·169·170·171·172 외 3 번이 맞았다. 번호는 단조라 그 점이 맞으면 못 본 구간 166~175 전체의 밀림이 없다,구간확정
S17,172,히페리온,사용자 확인(대부분 8/14 영상 눈판독) — S17 의 167·168·169·170·171·172 외 3 번이 맞았다. 번호는 단조라 그 점이 맞으면 못 본 구간 166~175 전체의 밀림이 없다,구간확정
S17,173,블랙 드래곤,사용자 확인(대부분 8/14 영상 눈판독) — S17 의 167·168·169·170·171·172 외 3 번이 맞았다. 번호는 단조라 그 점이 맞으면 못 본 구간 166~175 전체의 밀림이 없다,구간확정
S17,174,사월,사용자 확인(대부분 8/14 영상 눈판독) — S17 의 167·168·169·170·171·172 외 3 번이 맞았다. 번호는 단조라 그 점이 맞으면 못 본 구간 166~175 전체의 밀림이 없다,구간확정
S17,175,슈퍼 스타일린,사용자 확인(대부분 8/14 영상 눈판독) — S17 의 167·168·169·170·171·172 외 3 번이 맞았다. 번호는 단조라 그 점이 맞으면 못 본 구간 166~175 전체의 밀림이 없다,구간확정
S18,5,타이밍,사용자 확인(대부분 8/14 영상 눈판독) — S18 의 5·6·7·8·9·10 외 1 번이 맞았다. 번호는 단조라 그 점이 맞으면 못 본 구간 5~26 전체의 밀림이 없다,구간확정(미검증)
S18,6,날아올라,사용자 확인(대부분 8/14 영상 눈판독) — S18 의 5·6·7·8·9·10 외 1 번이 맞았다. 번호는 단조라 그 점이 맞으면 못 본 구간 5~26 전체의 밀림이 없다,구간확정(미검증)
S18,7,슬램,사용자 확인(대부분 8/14 영상 눈판독) — S18 의 5·6·7·8·9·10 외 1 번이 맞았다. 번호는 단조라 그 점이 맞으면 못 본 구간 5~26 전체의 밀림이 없다,구간확정(미검증)
S18,8,엔조이 더 쇼,사용자 확인(대부분 8/14 영상 눈판독) — S18 의 5·6·7·8·9·10 외 1 번이 맞았다. 번호는 단조라 그 점이 맞으면 못 본 구간 5~26 전체의 밀림이 없다,구간확정(미검증)
S18,9,블레이저,사용자 확인(대부분 8/14 영상 눈판독) — S18 의 5·6·7·8·9·10 외 1 번이 맞았다. 번호는 단조라 그 점이 맞으면 못 본 구간 5~26 전체의 밀림이 없다,구간확정(미검증)
S18,10,B3,사용자 확인(대부분 8/14 영상 눈판독) — S18 의 5·6·7·8·9·10 외 1 번이 맞았다. 번호는 단조라 그 점이 맞으면 못 본 구간 5~26 전체의 밀림이 없다,구간확정(미검증)
S18,11,디기탈리스,사용자 확인(대부분 8/14 영상 눈판독) — S18 의 5·6·7·8·9·10 외 1 번이 맞았다. 번호는 단조라 그 점이 맞으면 못 본 구간 5~26 전체의 밀림이 없다,구간확정(미검증)
S18,12,ESP,사용자 확인(대부분 8/14 영상 눈판독) — S18 의 5·6·7·8·9·10 외 1 번이 맞았다. 번호는 단조라 그 점이 맞으면 못 본 구간 5~26 전체의 밀림이 없다,구간확정(미검증)
S18,13,벡터,사용자 확인(대부분 8/14 영상 눈판독) — S18 의 5·6·7·8·9·10 외 1 번이 맞았다. 번호는 단조라 그 점이 맞으면 못 본 구간 5~26 전체의 밀림이 없다,구간확정(미검증)
S18,14,더 아포칼립스,사용자 확인(대부분 8/14 영상 눈판독) — S18 의 5·6·7·8·9·10 외 1 번이 맞았다. 번호는 단조라 그 점이 맞으면 못 본 구간 5~26 전체의 밀림이 없다,구간확정(미검증)
S18,15,할로윈 파티 ~Multiverse~,사용자 확인(대부분 8/14 영상 눈판독) — S18 의 5·6·7·8·9·10 외 1 번이 맞았다. 번호는 단조라 그 점이 맞으면 못 본 구간 5~26 전체의 밀림이 없다,구간확정(미검증)
S18,16,꼭두각시,사용자 확인(대부분 8/14 영상 눈판독) — S18 의 5·6·7·8·9·10 외 1 번이 맞았다. 번호는 단조라 그 점이 맞으면 못 본 구간 5~26 전체의 밀림이 없다,구간확정(미검증)
S18,17,플레이버 스텝!,사용자 확인(대부분 8/14 영상 눈판독) — S18 의 5·6·7·8·9·10 외 1 번이 맞았다. 번호는 단조라 그 점이 맞으면 못 본 구간 5~26 전체의 밀림이 없다,구간확정(미검증)
S18,18,데드 엔드,사용자 확인(대부분 8/14 영상 눈판독) — S18 의 5·6·7·8·9·10 외 1 번이 맞았다. 번호는 단조라 그 점이 맞으면 못 본 구간 5~26 전체의 밀림이 없다,구간확정(미검증)
S18,19,1948,사용자 확인(대부분 8/14 영상 눈판독) — S18 의 5·6·7·8·9·10 외 1 번이 맞았다. 번호는 단조라 그 점이 맞으면 못 본 구간 5~26 전체의 밀림이 없다,구간확정(미검증)
S18,20,결투,사용자 확인(대부분 8/14 영상 눈판독) — S18 의 5·6·7·8·9·10 외 1 번이 맞았다. 번호는 단조라 그 점이 맞으면 못 본 구간 5~26 전체의 밀림이 없다,구간확정(미검증)
S18,21,머독,사용자 확인(대부분 8/14 영상 눈판독) — S18 의 5·6·7·8·9·10 외 1 번이 맞았다. 번호는 단조라 그 점이 맞으면 못 본 구간 5~26 전체의 밀림이 없다,구간확정(미검증)
S18,22,"사이먼 세이즈, 유로댄스!! (feat. Sara☆M)",사용자 확인(대부분 8/14 영상 눈판독) — S18 의 5·6·7·8·9·10 외 1 번이 맞았다. 번호는 단조라 그 점이 맞으면 못 본 구간 5~26 전체의 밀림이 없다,구간확정(미검증)
S18,23,바버스 매드니스,사용자 확인(대부분 8/14 영상 눈판독) — S18 의 5·6·7·8·9·10 외 1 번이 맞았다. 번호는 단조라 그 점이 맞으면 못 본 구간 5~26 전체의 밀림이 없다,구간확정(미검증)
S18,24,프ㄹi마 마테ㄹi아,사용자 확인(대부분 8/14 영상 눈판독) — S18 의 5·6·7·8·9·10 외 1 번이 맞았다. 번호는 단조라 그 점이 맞으면 못 본 구간 5~26 전체의 밀림이 없다,구간확정(미검증)
S18,25,임페리움,사용자 확인(대부분 8/14 영상 눈판독) — S18 의 5·6·7·8·9·10 외 1 번이 맞았다. 번호는 단조라 그 점이 맞으면 못 본 구간 5~26 전체의 밀림이 없다,구간확정(미검증)
S18,26,초악마황제,사용자 확인(대부분 8/14 영상 눈판독) — S18 의 5·6·7·8·9·10 외 1 번이 맞았다. 번호는 단조라 그 점이 맞으면 못 본 구간 5~26 전체의 밀림이 없다,구간확정(미검증)
S18,35,퍼센트 엑스,사용자 확인(대부분 8/14 영상 눈판독) — S18 의 35·36·37·38·57 번이 맞았다. 번호는 단조라 그 점이 맞으면 못 본 구간 35~57 전체의 밀림이 없다,구간확정(미검증)
S18,36,라 그랑드 루즈,사용자 확인(대부분 8/14 영상 눈판독) — S18 의 35·36·37·38·57 번이 맞았다. 번호는 단조라 그 점이 맞으면 못 본 구간 35~57 전체의 밀림이 없다,구간확정(미검증)
S18,37,까르멘 버스,사용자 확인(대부분 8/14 영상 눈판독) — S18 의 35·36·37·38·57 번이 맞았다. 번호는 단조라 그 점이 맞으면 못 본 구간 35~57 전체의 밀림이 없다,구간확정(미검증)
S18,38,아드레날린 블래스터,사용자 확인(대부분 8/14 영상 눈판독) — S18 의 35·36·37·38·57 번이 맞았다. 번호는 단조라 그 점이 맞으면 못 본 구간 35~57 전체의 밀림이 없다,구간확정(미검증)
S18,39,클레마티스 랩소디아,사용자 확인(대부분 8/14 영상 눈판독) — S18 의 35·36·37·38·57 번이 맞았다. 번호는 단조라 그 점이 맞으면 못 본 구간 35~57 전체의 밀림이 없다,구간확정(미검증)
S18,40,스타드림 (feat. Romelon),사용자 확인(대부분 8/14 영상 눈판독) — S18 의 35·36·37·38·57 번이 맞았다. 번호는 단조라 그 점이 맞으면 못 본 구간 35~57 전체의 밀림이 없다,구간확정(미검증)
S18,41,파이어 오브 데스티니,사용자 확인(대부분 8/14 영상 눈판독) — S18 의 35·36·37·38·57 번이 맞았다. 번호는 단조라 그 점이 맞으면 못 본 구간 35~57 전체의 밀림이 없다,구간확정(미검증)
S18,42,포가튼 뱀파이어,사용자 확인(대부분 8/14 영상 눈판독) — S18 의 35·36·37·38·57 번이 맞았다. 번호는 단조라 그 점이 맞으면 못 본 구간 35~57 전체의 밀림이 없다,구간확정(미검증)
S18,43,헬파이어,사용자 확인(대부분 8/14 영상 눈판독) — S18 의 35·36·37·38·57 번이 맞았다. 번호는 단조라 그 점이 맞으면 못 본 구간 35~57 전체의 밀림이 없다,구간확정(미검증)
S18,44,크로스 오버 feat. LyuU,사용자 확인(대부분 8/14 영상 눈판독) — S18 의 35·36·37·38·57 번이 맞았다. 번호는 단조라 그 점이 맞으면 못 본 구간 35~57 전체의 밀림이 없다,구간확정(미검증)
S18,45,갓 모드 feat. skizzo,사용자 확인(대부분 8/14 영상 눈판독) — S18 의 35·36·37·38·57 번이 맞았다. 번호는 단조라 그 점이 맞으면 못 본 구간 35~57 전체의 밀림이 없다,구간확정(미검증)
S18,46,퍼더,사용자 확인(대부분 8/14 영상 눈판독) — S18 의 35·36·37·38·57 번이 맞았다. 번호는 단조라 그 점이 맞으면 못 본 구간 35~57 전체의 밀림이 없다,구간확정(미검증)
S18,47,실버 비트 feat. ChisaUezono,사용자 확인(대부분 8/14 영상 눈판독) — S18 의 35·36·37·38·57 번이 맞았다. 번호는 단조라 그 점이 맞으면 못 본 구간 35~57 전체의 밀림이 없다,구간확정(미검증)
S18,48,가장신자,사용자 확인(대부분 8/14 영상 눈판독) — S18 의 35·36·37·38·57 번이 맞았다. 번호는 단조라 그 점이 맞으면 못 본 구간 35~57 전체의 밀림이 없다,구간확정(미검증)
S18,49,오버블로우2,사용자 확인(대부분 8/14 영상 눈판독) — S18 의 35·36·37·38·57 번이 맞았다. 번호는 단조라 그 점이 맞으면 못 본 구간 35~57 전체의 밀림이 없다,구간확정(미검증)
S18,50,알레그로 퓨리오소,사용자 확인(대부분 8/14 영상 눈판독) — S18 의 35·36·37·38·57 번이 맞았다. 번호는 단조라 그 점이 맞으면 못 본 구간 35~57 전체의 밀림이 없다,구간확정(미검증)
S18,51,앵귀시드 언메이킹,사용자 확인(대부분 8/14 영상 눈판독) — S18 의 35·36·37·38·57 번이 맞았다. 번호는 단조라 그 점이 맞으면 못 본 구간 35~57 전체의 밀림이 없다,구간확정(미검증)
S18,52,이스케이프,사용자 확인(대부분 8/14 영상 눈판독) — S18 의 35·36·37·38·57 번이 맞았다. 번호는 단조라 그 점이 맞으면 못 본 구간 35~57 전체의 밀림이 없다,구간확정(미검증)
S18,53,하트 어택,사용자 확인(대부분 8/14 영상 눈판독) — S18 의 35·36·37·38·57 번이 맞았다. 번호는 단조라 그 점이 맞으면 못 본 구간 35~57 전체의 밀림이 없다,구간확정(미검증)
S18,54,네메시스,사용자 확인(대부분 8/14 영상 눈판독) — S18 의 35·36·37·38·57 번이 맞았다. 번호는 단조라 그 점이 맞으면 못 본 구간 35~57 전체의 밀림이 없다,구간확정(미검증)
S18,55,캇코이,사용자 확인(대부분 8/14 영상 눈판독) — S18 의 35·36·37·38·57 번이 맞았다. 번호는 단조라 그 점이 맞으면 못 본 구간 35~57 전체의 밀림이 없다,구간확정(미검증)
S18,56,실루엣 이펙트,사용자 확인(대부분 8/14 영상 눈판독) — S18 의 35·36·37·38·57 번이 맞았다. 번호는 단조라 그 점이 맞으면 못 본 구간 35~57 전체의 밀림이 없다,구간확정(미검증)
S18,57,차이니즈 레스토랑,사용자 확인(대부분 8/14 영상 눈판독) — S18 의 35·36·37·38·57 번이 맞았다. 번호는 단조라 그 점이 맞으면 못 본 구간 35~57 전체의 밀림이 없다,구간확정(미검증)
S18,64,설탕음모론,사용자 확인(대부분 8/14 영상 눈판독) — S18 의 64·65·66·67·88 번이 맞았다. 번호는 단조라 그 점이 맞으면 못 본 구간 64~88 전체의 밀림이 없다,구간확정(미검증)
S18,65,모멘트 데이,사용자 확인(대부분 8/14 영상 눈판독) — S18 의 64·65·66·67·88 번이 맞았다. 번호는 단조라 그 점이 맞으면 못 본 구간 64~88 전체의 밀림이 없다,구간확정(미검증)
S18,66,엘리제,사용자 확인(대부분 8/14 영상 눈판독) — S18 의 64·65·66·67·88 번이 맞았다. 번호는 단조라 그 점이 맞으면 못 본 구간 64~88 전체의 밀림이 없다,구간확정(미검증)
S18,67,엑시던트,사용자 확인(대부분 8/14 영상 눈판독) — S18 의 64·65·66·67·88 번이 맞았다. 번호는 단조라 그 점이 맞으면 못 본 구간 64~88 전체의 밀림이 없다,구간확정(미검증)
S18,68,디,사용자 확인(대부분 8/14 영상 눈판독) — S18 의 64·65·66·67·88 번이 맞았다. 번호는 단조라 그 점이 맞으면 못 본 구간 64~88 전체의 밀림이 없다,구간확정(미검증)
S18,69,로그인,사용자 확인(대부분 8/14 영상 눈판독) — S18 의 64·65·66·67·88 번이 맞았다. 번호는 단조라 그 점이 맞으면 못 본 구간 64~88 전체의 밀림이 없다,구간확정(미검증)
S18,70,인터퍼런스,사용자 확인(대부분 8/14 영상 눈판독) — S18 의 64·65·66·67·88 번이 맞았다. 번호는 단조라 그 점이 맞으면 못 본 구간 64~88 전체의 밀림이 없다,구간확정(미검증)
S18,71,리얼리티,사용자 확인(대부분 8/14 영상 눈판독) — S18 의 64·65·66·67·88 번이 맞았다. 번호는 단조라 그 점이 맞으면 못 본 구간 64~88 전체의 밀림이 없다,구간확정(미검증)
S18,72,오버블로우,사용자 확인(대부분 8/14 영상 눈판독) — S18 의 64·65·66·67·88 번이 맞았다. 번호는 단조라 그 점이 맞으면 못 본 구간 64~88 전체의 밀림이 없다,구간확정(미검증)
S18,73,헝가리 무곡 V,사용자 확인(대부분 8/14 영상 눈판독) — S18 의 64·65·66·67·88 번이 맞았다. 번호는 단조라 그 점이 맞으면 못 본 구간 64~88 전체의 밀림이 없다,구간확정(미검증)
S18,74,조나단의 꿈,사용자 확인(대부분 8/14 영상 눈판독) — S18 의 64·65·66·67·88 번이 맞았다. 번호는 단조라 그 점이 맞으면 못 본 구간 64~88 전체의 밀림이 없다,구간확정(미검증)
S18,75,소서리스 엘리제,사용자 확인(대부분 8/14 영상 눈판독) — S18 의 64·65·66·67·88 번이 맞았다. 번호는 단조라 그 점이 맞으면 못 본 구간 64~88 전체의 밀림이 없다,구간확정(미검증)
S18,76,제네시스,사용자 확인(대부분 8/14 영상 눈판독) — S18 의 64·65·66·67·88 번이 맞았다. 번호는 단조라 그 점이 맞으면 못 본 구간 64~88 전체의 밀림이 없다,구간확정(미검증)
S18,77,테크 -클럽 코펜하겐-,사용자 확인(대부분 8/14 영상 눈판독) — S18 의 64·65·66·67·88 번이 맞았다. 번호는 단조라 그 점이 맞으면 못 본 구간 64~88 전체의 밀림이 없다,구간확정(미검증)
S18,78,마이 드림즈,사용자 확인(대부분 8/14 영상 눈판독) — S18 의 64·65·66·67·88 번이 맞았다. 번호는 단조라 그 점이 맞으면 못 본 구간 64~88 전체의 밀림이 없다,구간확정(미검증)
S18,79,파이널 오디션 에피소드 2-X,사용자 확인(대부분 8/14 영상 눈판독) — S18 의 64·65·66·67·88 번이 맞았다. 번호는 단조라 그 점이 맞으면 못 본 구간 64~88 전체의 밀림이 없다,구간확정(미검증)
S18,80,펌트리스 8비트 ver.,사용자 확인(대부분 8/14 영상 눈판독) — S18 의 64·65·66·67·88 번이 맞았다. 번호는 단조라 그 점이 맞으면 못 본 구간 64~88 전체의 밀림이 없다,구간확정(미검증)
S18,81,비트 더 고스트,사용자 확인(대부분 8/14 영상 눈판독) — S18 의 64·65·66·67·88 번이 맞았다. 번호는 단조라 그 점이 맞으면 못 본 구간 64~88 전체의 밀림이 없다,구간확정(미검증)
S18,82,펌트리스 꽈뜨로,사용자 확인(대부분 8/14 영상 눈판독) — S18 의 64·65·66·67·88 번이 맞았다. 번호는 단조라 그 점이 맞으면 못 본 구간 64~88 전체의 밀림이 없다,구간확정(미검증)
S18,83,위치 닥터 #1,사용자 확인(대부분 8/14 영상 눈판독) — S18 의 64·65·66·67·88 번이 맞았다. 번호는 단조라 그 점이 맞으면 못 본 구간 64~88 전체의 밀림이 없다,구간확정(미검증)
S18,84,키메라,사용자 확인(대부분 8/14 영상 눈판독) — S18 의 64·65·66·67·88 번이 맞았다. 번호는 단조라 그 점이 맞으면 못 본 구간 64~88 전체의 밀림이 없다,구간확정(미검증)
S18,85,파이널 오디션 에피소드 2-2,사용자 확인(대부분 8/14 영상 눈판독) — S18 의 64·65·66·67·88 번이 맞았다. 번호는 단조라 그 점이 맞으면 못 본 구간 64~88 전체의 밀림이 없다,구간확정(미검증)
S18,86,월광,사용자 확인(대부분 8/14 영상 눈판독) — S18 의 64·65·66·67·88 번이 맞았다. 번호는 단조라 그 점이 맞으면 못 본 구간 64~88 전체의 밀림이 없다,구간확정(미검증)
S18,87,팬텀,사용자 확인(대부분 8/14 영상 눈판독) — S18 의 64·65·66·67·88 번이 맞았다. 번호는 단조라 그 점이 맞으면 못 본 구간 64~88 전체의 밀림이 없다,구간확정(미검증)
S18,88,러브 이즈 어 데인저 존 pt.2 어나더,사용자 확인(대부분 8/14 영상 눈판독) — S18 의 64·65·66·67·88 번이 맞았다. 번호는 단조라 그 점이 맞으면 못 본 구간 64~88 전체의 밀림이 없다,구간확정(미검증)
S18,95,마리아,사용자 확인(대부분 8/14 영상 눈판독) — S18 의 95·96·97·98·99·100 외 19 번이 맞았다. 번호는 단조라 그 점이 맞으면 못 본 구간 95~155 전체의 밀림이 없다,구간확정(미검증)
S18,96,부크,사용자 확인(대부분 8/14 영상 눈판독) — S18 의 95·96·97·98·99·100 외 19 번이 맞았다. 번호는 단조라 그 점이 맞으면 못 본 구간 95~155 전체의 밀림이 없다,구간확정(미검증)
S18,97,무혼,사용자 확인(대부분 8/14 영상 눈판독) — S18 의 95·96·97·98·99·100 외 19 번이 맞았다. 번호는 단조라 그 점이 맞으면 못 본 구간 95~155 전체의 밀림이 없다,구간확정(미검증)
S18,98,파이널 오디션 2,사용자 확인(대부분 8/14 영상 눈판독) — S18 의 95·96·97·98·99·100 외 19 번이 맞았다. 번호는 단조라 그 점이 맞으면 못 본 구간 95~155 전체의 밀림이 없다,구간확정(미검증)
S18,99,파이널 오디션,사용자 확인(대부분 8/14 영상 눈판독) — S18 의 95·96·97·98·99·100 외 19 번이 맞았다. 번호는 단조라 그 점이 맞으면 못 본 구간 95~155 전체의 밀림이 없다,구간확정(미검증)
S18,100,나이트시어터,사용자 확인(대부분 8/14 영상 눈판독) — S18 의 95·96·97·98·99·100 외 19 번이 맞았다. 번호는 단조라 그 점이 맞으면 못 본 구간 95~155 전체의 밀림이 없다,구간확정(미검증)
S18,101,인피니트 에너지 -Overdoze-,사용자 확인(대부분 8/14 영상 눈판독) — S18 의 95·96·97·98·99·100 외 19 번이 맞았다. 번호는 단조라 그 점이 맞으면 못 본 구간 95~155 전체의 밀림이 없다,구간확정(미검증)
S18,102,어바웃 더 유니버스,사용자 확인(대부분 8/14 영상 눈판독) — S18 의 95·96·97·98·99·100 외 19 번이 맞았다. 번호는 단조라 그 점이 맞으면 못 본 구간 95~155 전체의 밀림이 없다,구간확정(미검증)
S18,103,프렉쳐 텀퍼렐르,사용자 확인(대부분 8/14 영상 눈판독) — S18 의 95·96·97·98·99·100 외 19 번이 맞았다. 번호는 단조라 그 점이 맞으면 못 본 구간 95~155 전체의 밀림이 없다,구간확정(미검증)
S18,104,카타스트로피,사용자 확인(대부분 8/14 영상 눈판독) — S18 의 95·96·97·98·99·100 외 19 번이 맞았다. 번호는 단조라 그 점이 맞으면 못 본 구간 95~155 전체의 밀림이 없다,구간확정(미검증)
S18,105,휴먼 익스팅션 (PIU Edit.),사용자 확인(대부분 8/14 영상 눈판독) — S18 의 95·96·97·98·99·100 외 19 번이 맞았다. 번호는 단조라 그 점이 맞으면 못 본 구간 95~155 전체의 밀림이 없다,구간확정(미검증)
S18,106,굿텍,사용자 확인(대부분 8/14 영상 눈판독) — S18 의 95·96·97·98·99·100 외 19 번이 맞았다. 번호는 단조라 그 점이 맞으면 못 본 구간 95~155 전체의 밀림이 없다,구간확정(미검증)
S18,107,코스믹 레일로드,사용자 확인(대부분 8/14 영상 눈판독) — S18 의 95·96·97·98·99·100 외 19 번이 맞았다. 번호는 단조라 그 점이 맞으면 못 본 구간 95~155 전체의 밀림이 없다,구간확정(미검증)
S18,108,에너지 시너지 매트릭스,사용자 확인(대부분 8/14 영상 눈판독) — S18 의 95·96·97·98·99·100 외 19 번이 맞았다. 번호는 단조라 그 점이 맞으면 못 본 구간 95~155 전체의 밀림이 없다,구간확정(미검증)
S18,109,알테일,사용자 확인(대부분 8/14 영상 눈판독) — S18 의 95·96·97·98·99·100 외 19 번이 맞았다. 번호는 단조라 그 점이 맞으면 못 본 구간 95~155 전체의 밀림이 없다,구간확정(미검증)
S18,110,이렐리아,사용자 확인(대부분 8/14 영상 눈판독) — S18 의 95·96·97·98·99·100 외 19 번이 맞았다. 번호는 단조라 그 점이 맞으면 못 본 구간 95~155 전체의 밀림이 없다,구간확정(미검증)
S18,111,러쉬-모어,사용자 확인(대부분 8/14 영상 눈판독) — S18 의 95·96·97·98·99·100 외 19 번이 맞았다. 번호는 단조라 그 점이 맞으면 못 본 구간 95~155 전체의 밀림이 없다,구간확정(미검증)
S18,112,지젤,사용자 확인(대부분 8/14 영상 눈판독) — S18 의 95·96·97·98·99·100 외 19 번이 맞았다. 번호는 단조라 그 점이 맞으면 못 본 구간 95~155 전체의 밀림이 없다,구간확정(미검증)
S18,113,할시온,사용자 확인(대부분 8/14 영상 눈판독) — S18 의 95·96·97·98·99·100 외 19 번이 맞았다. 번호는 단조라 그 점이 맞으면 못 본 구간 95~155 전체의 밀림이 없다,구간확정(미검증)
S18,114,디스트로0ㅣ어,사용자 확인(대부분 8/14 영상 눈판독) — S18 의 95·96·97·98·99·100 외 19 번이 맞았다. 번호는 단조라 그 점이 맞으면 못 본 구간 95~155 전체의 밀림이 없다,구간확정(미검증)
S18,115,플래시 아웃,사용자 확인(대부분 8/14 영상 눈판독) — S18 의 95·96·97·98·99·100 외 19 번이 맞았다. 번호는 단조라 그 점이 맞으면 못 본 구간 95~155 전체의 밀림이 없다,구간확정(미검증)
S18,116,비코즈 오브 유,사용자 확인(대부분 8/14 영상 눈판독) — S18 의 95·96·97·98·99·100 외 19 번이 맞았다. 번호는 단조라 그 점이 맞으면 못 본 구간 95~155 전체의 밀림이 없다,구간확정(미검증)
S18,117,†도프†센시†,사용자 확인(대부분 8/14 영상 눈판독) — S18 의 95·96·97·98·99·100 외 19 번이 맞았다. 번호는 단조라 그 점이 맞으면 못 본 구간 95~155 전체의 밀림이 없다,구간확정(미검증)
S18,118,팝핀 샤워,사용자 확인(대부분 8/14 영상 눈판독) — S18 의 95·96·97·98·99·100 외 19 번이 맞았다. 번호는 단조라 그 점이 맞으면 못 본 구간 95~155 전체의 밀림이 없다,구간확정(미검증)
S18,119,브레이크 스루 마이셀프 feat. Risa Yuzuki,사용자 확인(대부분 8/14 영상 눈판독) — S18 의 95·96·97·98·99·100 외 19 번이 맞았다. 번호는 단조라 그 점이 맞으면 못 본 구간 95~155 전체의 밀림이 없다,구간확정(미검증)
S18,120,얼라이브,사용자 확인(대부분 8/14 영상 눈판독) — S18 의 95·96·97·98·99·100 외 19 번이 맞았다. 번호는 단조라 그 점이 맞으면 못 본 구간 95~155 전체의 밀림이 없다,구간확정(미검증)
S18,121,트릭크래쉬 220,사용자 확인(대부분 8/14 영상 눈판독) — S18 의 95·96·97·98·99·100 외 19 번이 맞았다. 번호는 단조라 그 점이 맞으면 못 본 구간 95~155 전체의 밀림이 없다,구간확정(미검증)
S18,122,익스트림 음악학원 1교시  feat. Nanahira,사용자 확인(대부분 8/14 영상 눈판독) — S18 의 95·96·97·98·99·100 외 19 번이 맞았다. 번호는 단조라 그 점이 맞으면 못 본 구간 95~155 전체의 밀림이 없다,구간확정(미검증)
S18,123,익스트림 음악학원 2교시  feat. Nanahira,사용자 확인(대부분 8/14 영상 눈판독) — S18 의 95·96·97·98·99·100 외 19 번이 맞았다. 번호는 단조라 그 점이 맞으면 못 본 구간 95~155 전체의 밀림이 없다,구간확정(미검증)
S18,124,솔저스 (TANO*C W TEAM RED ANTHEM),사용자 확인(대부분 8/14 영상 눈판독) — S18 의 95·96·97·98·99·100 외 19 번이 맞았다. 번호는 단조라 그 점이 맞으면 못 본 구간 95~155 전체의 밀림이 없다,구간확정(미검증)
S18,125,천년이 지나서,사용자 확인(대부분 8/14 영상 눈판독) — S18 의 95·96·97·98·99·100 외 19 번이 맞았다. 번호는 단조라 그 점이 맞으면 못 본 구간 95~155 전체의 밀림이 없다,구간확정(미검증)
S18,126,니힐리즘 - 어나더 버전 -,사용자 확인(대부분 8/14 영상 눈판독) — S18 의 95·96·97·98·99·100 외 19 번이 맞았다. 번호는 단조라 그 점이 맞으면 못 본 구간 95~155 전체의 밀림이 없다,구간확정(미검증)
S18,127,마타도르,사용자 확인(대부분 8/14 영상 눈판독) — S18 의 95·96·97·98·99·100 외 19 번이 맞았다. 번호는 단조라 그 점이 맞으면 못 본 구간 95~155 전체의 밀림이 없다,구간확정(미검증)
S18,128,라그나로크,사용자 확인(대부분 8/14 영상 눈판독) — S18 의 95·96·97·98·99·100 외 19 번이 맞았다. 번호는 단조라 그 점이 맞으면 못 본 구간 95~155 전체의 밀림이 없다,구간확정(미검증)
S18,129,스타더스트 오버드라이브,사용자 확인(대부분 8/14 영상 눈판독) — S18 의 95·96·97·98·99·100 외 19 번이 맞았다. 번호는 단조라 그 점이 맞으면 못 본 구간 95~155 전체의 밀림이 없다,구간확정(미검증)
S18,130,프라임,사용자 확인(대부분 8/14 영상 눈판독) — S18 의 95·96·97·98·99·100 외 19 번이 맞았다. 번호는 단조라 그 점이 맞으면 못 본 구간 95~155 전체의 밀림이 없다,구간확정(미검증)
S18,131,퀸 오브 더 레드,사용자 확인(대부분 8/14 영상 눈판독) — S18 의 95·96·97·98·99·100 외 19 번이 맞았다. 번호는 단조라 그 점이 맞으면 못 본 구간 95~155 전체의 밀림이 없다,구간확정(미검증)
S18,132,아이디얼라이즈드 로맨스,사용자 확인(대부분 8/14 영상 눈판독) — S18 의 95·96·97·98·99·100 외 19 번이 맞았다. 번호는 단조라 그 점이 맞으면 못 본 구간 95~155 전체의 밀림이 없다,구간확정(미검증)
S18,133,VVV,사용자 확인(대부분 8/14 영상 눈판독) — S18 의 95·96·97·98·99·100 외 19 번이 맞았다. 번호는 단조라 그 점이 맞으면 못 본 구간 95~155 전체의 밀림이 없다,구간확정(미검증)
S18,134,팝 더 트랙,사용자 확인(대부분 8/14 영상 눈판독) — S18 의 95·96·97·98·99·100 외 19 번이 맞았다. 번호는 단조라 그 점이 맞으면 못 본 구간 95~155 전체의 밀림이 없다,구간확정(미검증)
S18,135,하드코어 오브 더 노스,사용자 확인(대부분 8/14 영상 눈판독) — S18 의 95·96·97·98·99·100 외 19 번이 맞았다. 번호는 단조라 그 점이 맞으면 못 본 구간 95~155 전체의 밀림이 없다,구간확정(미검증)
S18,136,가고일,사용자 확인(대부분 8/14 영상 눈판독) — S18 의 95·96·97·98·99·100 외 19 번이 맞았다. 번호는 단조라 그 점이 맞으면 못 본 구간 95~155 전체의 밀림이 없다,구간확정(미검증)
S18,137,네크로맨시,사용자 확인(대부분 8/14 영상 눈판독) — S18 의 95·96·97·98·99·100 외 19 번이 맞았다. 번호는 단조라 그 점이 맞으면 못 본 구간 95~155 전체의 밀림이 없다,구간확정(미검증)
S18,138,슈퍼☆하라구로☆팝,사용자 확인(대부분 8/14 영상 눈판독) — S18 의 95·96·97·98·99·100 외 19 번이 맞았다. 번호는 단조라 그 점이 맞으면 못 본 구간 95~155 전체의 밀림이 없다,구간확정(미검증)
S18,139,헬리오스피어,사용자 확인(대부분 8/14 영상 눈판독) — S18 의 95·96·97·98·99·100 외 19 번이 맞았다. 번호는 단조라 그 점이 맞으면 못 본 구간 95~155 전체의 밀림이 없다,구간확정(미검증)
S18,140,이미지네이션,사용자 확인(대부분 8/14 영상 눈판독) — S18 의 95·96·97·98·99·100 외 19 번이 맞았다. 번호는 단조라 그 점이 맞으면 못 본 구간 95~155 전체의 밀림이 없다,구간확정(미검증)
S18,141,레이지 오브 파이어,사용자 확인(대부분 8/14 영상 눈판독) — S18 의 95·96·97·98·99·100 외 19 번이 맞았다. 번호는 단조라 그 점이 맞으면 못 본 구간 95~155 전체의 밀림이 없다,구간확정(미검증)
S18,142,듀얼 레이싱 <레드 vs 블루>,사용자 확인(대부분 8/14 영상 눈판독) — S18 의 95·96·97·98·99·100 외 19 번이 맞았다. 번호는 단조라 그 점이 맞으면 못 본 구간 95~155 전체의 밀림이 없다,구간확정(미검증)
S18,143,디멘트 ~에프터 레전드~,사용자 확인(대부분 8/14 영상 눈판독) — S18 의 95·96·97·98·99·100 외 19 번이 맞았다. 번호는 단조라 그 점이 맞으면 못 본 구간 95~155 전체의 밀림이 없다,구간확정(미검증)
S18,144,크로스 타임,사용자 확인(대부분 8/14 영상 눈판독) — S18 의 95·96·97·98·99·100 외 19 번이 맞았다. 번호는 단조라 그 점이 맞으면 못 본 구간 95~155 전체의 밀림이 없다,구간확정(미검증)
S18,145,유령의 축제 2 (Sneak),사용자 확인(대부분 8/14 영상 눈판독) — S18 의 95·96·97·98·99·100 외 19 번이 맞았다. 번호는 단조라 그 점이 맞으면 못 본 구간 95~155 전체의 밀림이 없다,구간확정(미검증)
S18,146,헬릭스,사용자 확인(대부분 8/14 영상 눈판독) — S18 의 95·96·97·98·99·100 외 19 번이 맞았다. 번호는 단조라 그 점이 맞으면 못 본 구간 95~155 전체의 밀림이 없다,구간확정(미검증)
S18,147,타임 어택 <블루>,사용자 확인(대부분 8/14 영상 눈판독) — S18 의 95·96·97·98·99·100 외 19 번이 맞았다. 번호는 단조라 그 점이 맞으면 못 본 구간 95~155 전체의 밀림이 없다,구간확정(미검증)
S18,148,매지컬 베케이션,사용자 확인(대부분 8/14 영상 눈판독) — S18 의 95·96·97·98·99·100 외 19 번이 맞았다. 번호는 단조라 그 점이 맞으면 못 본 구간 95~155 전체의 밀림이 없다,구간확정(미검증)
S18,149,비주얼 드림 2 (인 픽션),사용자 확인(대부분 8/14 영상 눈판독) — S18 의 95·96·97·98·99·100 외 19 번이 맞았다. 번호는 단조라 그 점이 맞으면 못 본 구간 95~155 전체의 밀림이 없다,구간확정(미검증)
S18,150,킵 온!,사용자 확인(대부분 8/14 영상 눈판독) — S18 의 95·96·97·98·99·100 외 19 번이 맞았다. 번호는 단조라 그 점이 맞으면 못 본 구간 95~155 전체의 밀림이 없다,구간확정(미검증)
S18,151,라 그랑 블루,사용자 확인(대부분 8/14 영상 눈판독) — S18 의 95·96·97·98·99·100 외 19 번이 맞았다. 번호는 단조라 그 점이 맞으면 못 본 구간 95~155 전체의 밀림이 없다,구간확정(미검증)
S18,152,인피니티,사용자 확인(대부분 8/14 영상 눈판독) — S18 의 95·96·97·98·99·100 외 19 번이 맞았다. 번호는 단조라 그 점이 맞으면 못 본 구간 95~155 전체의 밀림이 없다,구간확정(미검증)
S18,153,고딕 레조넌스,사용자 확인(대부분 8/14 영상 눈판독) — S18 의 95·96·97·98·99·100 외 19 번이 맞았다. 번호는 단조라 그 점이 맞으면 못 본 구간 95~155 전체의 밀림이 없다,구간확정(미검증)
S18,154,베들램,사용자 확인(대부분 8/14 영상 눈판독) — S18 의 95·96·97·98·99·100 외 19 번이 맞았다. 번호는 단조라 그 점이 맞으면 못 본 구간 95~155 전체의 밀림이 없다,구간확정(미검증)
S18,155,클루,사용자 확인(대부분 8/14 영상 눈판독) — S18 의 95·96·97·98·99·100 외 19 번이 맞았다. 번호는 단조라 그 점이 맞으면 못 본 구간 95~155 전체의 밀림이 없다,구간확정(미검증)
S19,39,캉-캉 ~Orpheus in The Party Mix~,사용자 확인(대부분 8/14 영상 눈판독) — S19 의 39 번이 맞았다. 번호는 단조라 그 점이 맞으면 못 본 구간 39~46 전체의 밀림이 없다,구간확정(미검증)
S19,40,아마겟돈,사용자 확인(대부분 8/14 영상 눈판독) — S19 의 39 번이 맞았다. 번호는 단조라 그 점이 맞으면 못 본 구간 39~46 전체의 밀림이 없다,구간확정(미검증)
S19,41,리펜턴스,사용자 확인(대부분 8/14 영상 눈판독) — S19 의 39 번이 맞았다. 번호는 단조라 그 점이 맞으면 못 본 구간 39~46 전체의 밀림이 없다,구간확정(미검증)
S19,42,더 레버리,사용자 확인(대부분 8/14 영상 눈판독) — S19 의 39 번이 맞았다. 번호는 단조라 그 점이 맞으면 못 본 구간 39~46 전체의 밀림이 없다,구간확정(미검증)
S19,43,시그너스,사용자 확인(대부분 8/14 영상 눈판독) — S19 의 39 번이 맞았다. 번호는 단조라 그 점이 맞으면 못 본 구간 39~46 전체의 밀림이 없다,구간확정(미검증)
S19,44,트로피카닉,사용자 확인(대부분 8/14 영상 눈판독) — S19 의 39 번이 맞았다. 번호는 단조라 그 점이 맞으면 못 본 구간 39~46 전체의 밀림이 없다,구간확정(미검증)
S19,45,슈퍼 카프리시오,사용자 확인(대부분 8/14 영상 눈판독) — S19 의 39 번이 맞았다. 번호는 단조라 그 점이 맞으면 못 본 구간 39~46 전체의 밀림이 없다,구간확정(미검증)
S19,46,슈브 니구라스,사용자 확인(대부분 8/14 영상 눈판독) — S19 의 39 번이 맞았다. 번호는 단조라 그 점이 맞으면 못 본 구간 39~46 전체의 밀림이 없다,구간확정(미검증)
S19,52,트위스트 오브 페이트 (feat. Ruriling),사용자 확인(대부분 8/14 영상 눈판독) — S19 의 56 번이 맞았다. 번호는 단조라 그 점이 맞으면 못 본 구간 52~56 전체의 밀림이 없다,구간확정(미검증)
S19,53,트래블 투 퓨처,사용자 확인(대부분 8/14 영상 눈판독) — S19 의 56 번이 맞았다. 번호는 단조라 그 점이 맞으면 못 본 구간 52~56 전체의 밀림이 없다,구간확정(미검증)
S19,54,어웨이크닝,사용자 확인(대부분 8/14 영상 눈판독) — S19 의 56 번이 맞았다. 번호는 단조라 그 점이 맞으면 못 본 구간 52~56 전체의 밀림이 없다,구간확정(미검증)
S19,55,왈츠 오브 도지,사용자 확인(대부분 8/14 영상 눈판독) — S19 의 56 번이 맞았다. 번호는 단조라 그 점이 맞으면 못 본 구간 52~56 전체의 밀림이 없다,구간확정(미검증)
S19,56,아발란치,사용자 확인(대부분 8/14 영상 눈판독) — S19 의 56 번이 맞았다. 번호는 단조라 그 점이 맞으면 못 본 구간 52~56 전체의 밀림이 없다,구간확정(미검증)
S19,68,라이크 미,사용자 확인(대부분 8/14 영상 눈판독) — S19 의 68·69 번이 맞았다. 번호는 단조라 그 점이 맞으면 못 본 구간 68~76 전체의 밀림이 없다,구간확정(미검증)
S19,69,이그니스 패터스(DM Ashura 믹스),사용자 확인(대부분 8/14 영상 눈판독) — S19 의 68·69 번이 맞았다. 번호는 단조라 그 점이 맞으면 못 본 구간 68~76 전체의 밀림이 없다,구간확정(미검증)
S19,70,에프 에프 에프,사용자 확인(대부분 8/14 영상 눈판독) — S19 의 68·69 번이 맞았다. 번호는 단조라 그 점이 맞으면 못 본 구간 68~76 전체의 밀림이 없다,구간확정(미검증)
S19,71,유 갓 미 락킹,사용자 확인(대부분 8/14 영상 눈판독) — S19 의 68·69 번이 맞았다. 번호는 단조라 그 점이 맞으면 못 본 구간 68~76 전체의 밀림이 없다,구간확정(미검증)
S19,72,루시드(PIU Edit),사용자 확인(대부분 8/14 영상 눈판독) — S19 의 68·69 번이 맞았다. 번호는 단조라 그 점이 맞으면 못 본 구간 68~76 전체의 밀림이 없다,구간확정(미검증)
S19,73,잣,사용자 확인(대부분 8/14 영상 눈판독) — S19 의 68·69 번이 맞았다. 번호는 단조라 그 점이 맞으면 못 본 구간 68~76 전체의 밀림이 없다,구간확정(미검증)
S19,74,유 갓 투 노우,사용자 확인(대부분 8/14 영상 눈판독) — S19 의 68·69 번이 맞았다. 번호는 단조라 그 점이 맞으면 못 본 구간 68~76 전체의 밀림이 없다,구간확정(미검증)
S19,75,데스티네이션,사용자 확인(대부분 8/14 영상 눈판독) — S19 의 68·69 번이 맞았다. 번호는 단조라 그 점이 맞으면 못 본 구간 68~76 전체의 밀림이 없다,구간확정(미검증)
S19,76,진공,사용자 확인(대부분 8/14 영상 눈판독) — S19 의 68·69 번이 맞았다. 번호는 단조라 그 점이 맞으면 못 본 구간 68~76 전체의 밀림이 없다,구간확정(미검증)
S19,89,위치 닥터,사용자 확인(대부분 8/14 영상 눈판독) — S19 의 89·90 번이 맞았다. 번호는 단조라 그 점이 맞으면 못 본 구간 89~93 전체의 밀림이 없다,구간확정(미검증)
S19,90,팬텀,사용자 확인(대부분 8/14 영상 눈판독) — S19 의 89·90 번이 맞았다. 번호는 단조라 그 점이 맞으면 못 본 구간 89~93 전체의 밀림이 없다,구간확정(미검증)
S19,91,하이 바이,사용자 확인(대부분 8/14 영상 눈판독) — S19 의 89·90 번이 맞았다. 번호는 단조라 그 점이 맞으면 못 본 구간 89~93 전체의 밀림이 없다,구간확정(미검증)
S19,92,비,사용자 확인(대부분 8/14 영상 눈판독) — S19 의 89·90 번이 맞았다. 번호는 단조라 그 점이 맞으면 못 본 구간 89~93 전체의 밀림이 없다,구간확정(미검증)
S19,93,윌 오 더 위스프,사용자 확인(대부분 8/14 영상 눈판독) — S19 의 89·90 번이 맞았다. 번호는 단조라 그 점이 맞으면 못 본 구간 89~93 전체의 밀림이 없다,구간확정(미검증)
S19,113,슬랩스틱 파르페,사용자 확인(대부분 8/14 영상 눈판독) — S19 의 113 번이 맞았다. 번호는 단조라 그 점이 맞으면 못 본 구간 113~113 전체의 밀림이 없다,구간확정(미검증)
S19,120,컨플릭트,사용자 확인(대부분 8/14 영상 눈판독) — S19 의 120·121·122·123 번이 맞았다. 번호는 단조라 그 점이 맞으면 못 본 구간 120~130 전체의 밀림이 없다,구간확정(미검증)
S19,121,데인저 & 데인저,사용자 확인(대부분 8/14 영상 눈판독) — S19 의 120·121·122·123 번이 맞았다. 번호는 단조라 그 점이 맞으면 못 본 구간 120~130 전체의 밀림이 없다,구간확정(미검증)
S19,122,"팔랑크스 ""RS2018 edit""",사용자 확인(대부분 8/14 영상 눈판독) — S19 의 120·121·122·123 번이 맞았다. 번호는 단조라 그 점이 맞으면 못 본 구간 120~130 전체의 밀림이 없다,구간확정(미검증)
S19,123,포인트 제로 2,사용자 확인(대부분 8/14 영상 눈판독) — S19 의 120·121·122·123 번이 맞았다. 번호는 단조라 그 점이 맞으면 못 본 구간 120~130 전체의 밀림이 없다,구간확정(미검증)
S19,124,브레인 파워,사용자 확인(대부분 8/14 영상 눈판독) — S19 의 120·121·122·123 번이 맞았다. 번호는 단조라 그 점이 맞으면 못 본 구간 120~130 전체의 밀림이 없다,구간확정(미검증)
S19,125,라이프 이즈 피아노,사용자 확인(대부분 8/14 영상 눈판독) — S19 의 120·121·122·123 번이 맞았다. 번호는 단조라 그 점이 맞으면 못 본 구간 120~130 전체의 밀림이 없다,구간확정(미검증)
S19,126,Re : 엔드 오브 어 드림,사용자 확인(대부분 8/14 영상 눈판독) — S19 의 120·121·122·123 번이 맞았다. 번호는 단조라 그 점이 맞으면 못 본 구간 120~130 전체의 밀림이 없다,구간확정(미검증)
S19,127,크로스 레이 (feat. 月下Lia),사용자 확인(대부분 8/14 영상 눈판독) — S19 의 120·121·122·123 번이 맞았다. 번호는 단조라 그 점이 맞으면 못 본 구간 120~130 전체의 밀림이 없다,구간확정(미검증)
S19,128,꺼림칙한,사용자 확인(대부분 8/14 영상 눈판독) — S19 의 120·121·122·123 번이 맞았다. 번호는 단조라 그 점이 맞으면 못 본 구간 120~130 전체의 밀림이 없다,구간확정(미검증)
S19,129,폴른 엔젤,사용자 확인(대부분 8/14 영상 눈판독) — S19 의 120·121·122·123 번이 맞았다. 번호는 단조라 그 점이 맞으면 못 본 구간 120~130 전체의 밀림이 없다,구간확정(미검증)
S19,130,더 레볼루션,사용자 확인(대부분 8/14 영상 눈판독) — S19 의 120·121·122·123 번이 맞았다. 번호는 단조라 그 점이 맞으면 못 본 구간 120~130 전체의 밀림이 없다,구간확정(미검증)
S19,136,드림 투 나이트메어,사용자 확인(대부분 8/14 영상 눈판독) — S19 의 140 번이 맞았다. 번호는 단조라 그 점이 맞으면 못 본 구간 136~140 전체의 밀림이 없다,구간확정(미검증)
S19,137,파사칼리아,사용자 확인(대부분 8/14 영상 눈판독) — S19 의 140 번이 맞았다. 번호는 단조라 그 점이 맞으면 못 본 구간 136~140 전체의 밀림이 없다,구간확정(미검증)
S19,138,스타 커맨드,사용자 확인(대부분 8/14 영상 눈판독) — S19 의 140 번이 맞았다. 번호는 단조라 그 점이 맞으면 못 본 구간 136~140 전체의 밀림이 없다,구간확정(미검증)
S19,139,이미지네이션,사용자 확인(대부분 8/14 영상 눈판독) — S19 의 140 번이 맞았다. 번호는 단조라 그 점이 맞으면 못 본 구간 136~140 전체의 밀림이 없다,구간확정(미검증)
S19,140,블랙스완,사용자 확인(대부분 8/14 영상 눈판독) — S19 의 140 번이 맞았다. 번호는 단조라 그 점이 맞으면 못 본 구간 136~140 전체의 밀림이 없다,구간확정(미검증)
S19,146,BS파워 익스플로전,사용자 확인(대부분 8/14 영상 눈판독) — S19 의 146 번이 맞았다. 번호는 단조라 그 점이 맞으면 못 본 구간 146~147 전체의 밀림이 없다,구간확정(미검증)
S19,147,스타트 온 레드,사용자 확인(대부분 8/14 영상 눈판독) — S19 의 146 번이 맞았다. 번호는 단조라 그 점이 맞으면 못 본 구간 146~147 전체의 밀림이 없다,구간확정(미검증)
S2,4,스톰,사용자 확인(대부분 8/14 영상 눈판독) — S2 의 16 번이 맞았다. 번호는 단조라 그 점이 맞으면 못 본 구간 4~19 전체의 밀림이 없다,구간확정(미검증)
S2,5,풀 문,사용자 확인(대부분 8/14 영상 눈판독) — S2 의 16 번이 맞았다. 번호는 단조라 그 점이 맞으면 못 본 구간 4~19 전체의 밀림이 없다,구간확정(미검증)
S2,6,타이밍,사용자 확인(대부분 8/14 영상 눈판독) — S2 의 16 번이 맞았다. 번호는 단조라 그 점이 맞으면 못 본 구간 4~19 전체의 밀림이 없다,구간확정(미검증)
S2,7,트로피카닉,사용자 확인(대부분 8/14 영상 눈판독) — S2 의 16 번이 맞았다. 번호는 단조라 그 점이 맞으면 못 본 구간 4~19 전체의 밀림이 없다,구간확정(미검증)
S2,8,사라반드,사용자 확인(대부분 8/14 영상 눈판독) — S2 의 16 번이 맞았다. 번호는 단조라 그 점이 맞으면 못 본 구간 4~19 전체의 밀림이 없다,구간확정(미검증)
S2,9,HTTP,사용자 확인(대부분 8/14 영상 눈판독) — S2 의 16 번이 맞았다. 번호는 단조라 그 점이 맞으면 못 본 구간 4~19 전체의 밀림이 없다,구간확정(미검증)
S2,10,블레이즈 이모션 (Band version),사용자 확인(대부분 8/14 영상 눈판독) — S2 의 16 번이 맞았다. 번호는 단조라 그 점이 맞으면 못 본 구간 4~19 전체의 밀림이 없다,구간확정(미검증)
S2,11,엑스트리,사용자 확인(대부분 8/14 영상 눈판독) — S2 의 16 번이 맞았다. 번호는 단조라 그 점이 맞으면 못 본 구간 4~19 전체의 밀림이 없다,구간확정(미검증)
S2,12,유 갓 투 노우,사용자 확인(대부분 8/14 영상 눈판독) — S2 의 16 번이 맞았다. 번호는 단조라 그 점이 맞으면 못 본 구간 4~19 전체의 밀림이 없다,구간확정(미검증)
S2,13,펌핑 점핑,사용자 확인(대부분 8/14 영상 눈판독) — S2 의 16 번이 맞았다. 번호는 단조라 그 점이 맞으면 못 본 구간 4~19 전체의 밀림이 없다,구간확정(미검증)
S2,14,테프리스,사용자 확인(대부분 8/14 영상 눈판독) — S2 의 16 번이 맞았다. 번호는 단조라 그 점이 맞으면 못 본 구간 4~19 전체의 밀림이 없다,구간확정(미검증)
S2,15,블레이즈 이모션,사용자 확인(대부분 8/14 영상 눈판독) — S2 의 16 번이 맞았다. 번호는 단조라 그 점이 맞으면 못 본 구간 4~19 전체의 밀림이 없다,구간확정(미검증)
S2,16,히글디 피글디,사용자 확인(대부분 8/14 영상 눈판독) — S2 의 16 번이 맞았다. 번호는 단조라 그 점이 맞으면 못 본 구간 4~19 전체의 밀림이 없다,구간확정(미검증)
S2,17,위치 닥터 #1,사용자 확인(대부분 8/14 영상 눈판독) — S2 의 16 번이 맞았다. 번호는 단조라 그 점이 맞으면 못 본 구간 4~19 전체의 밀림이 없다,구간확정(미검증)
S2,18,아크 오브 다크니스,사용자 확인(대부분 8/14 영상 눈판독) — S2 의 16 번이 맞았다. 번호는 단조라 그 점이 맞으면 못 본 구간 4~19 전체의 밀림이 없다,구간확정(미검증)
S2,19,팬텀,사용자 확인(대부분 8/14 영상 눈판독) — S2 의 16 번이 맞았다. 번호는 단조라 그 점이 맞으면 못 본 구간 4~19 전체의 밀림이 없다,구간확정(미검증)
S20,30,블루이쉬 로즈,사용자 확인(대부분 8/14 영상 눈판독) — S20 의 30·31·32·33·34·35 외 3 번이 맞았다. 번호는 단조라 그 점이 맞으면 못 본 구간 30~52 전체의 밀림이 없다,구간확정(미검증)
S20,31,네오 카타르시스,사용자 확인(대부분 8/14 영상 눈판독) — S20 의 30·31·32·33·34·35 외 3 번이 맞았다. 번호는 단조라 그 점이 맞으면 못 본 구간 30~52 전체의 밀림이 없다,구간확정(미검증)
S20,32,초악마황제,사용자 확인(대부분 8/14 영상 눈판독) — S20 의 30·31·32·33·34·35 외 3 번이 맞았다. 번호는 단조라 그 점이 맞으면 못 본 구간 30~52 전체의 밀림이 없다,구간확정(미검증)
S20,33,큐리아서티 오버드라이브,사용자 확인(대부분 8/14 영상 눈판독) — S20 의 30·31·32·33·34·35 외 3 번이 맞았다. 번호는 단조라 그 점이 맞으면 못 본 구간 30~52 전체의 밀림이 없다,구간확정(미검증)
S20,34,카오스 어게인,사용자 확인(대부분 8/14 영상 눈판독) — S20 의 30·31·32·33·34·35 외 3 번이 맞았다. 번호는 단조라 그 점이 맞으면 못 본 구간 30~52 전체의 밀림이 없다,구간확정(미검증)
S20,35,위더 가든,사용자 확인(대부분 8/14 영상 눈판독) — S20 의 30·31·32·33·34·35 외 3 번이 맞았다. 번호는 단조라 그 점이 맞으면 못 본 구간 30~52 전체의 밀림이 없다,구간확정(미검증)
S20,36,크림슨 후드,사용자 확인(대부분 8/14 영상 눈판독) — S20 의 30·31·32·33·34·35 외 3 번이 맞았다. 번호는 단조라 그 점이 맞으면 못 본 구간 30~52 전체의 밀림이 없다,구간확정(미검증)
S20,37,도플갱어,사용자 확인(대부분 8/14 영상 눈판독) — S20 의 30·31·32·33·34·35 외 3 번이 맞았다. 번호는 단조라 그 점이 맞으면 못 본 구간 30~52 전체의 밀림이 없다,구간확정(미검증)
S20,38,야누스,사용자 확인(대부분 8/14 영상 눈판독) — S20 의 30·31·32·33·34·35 외 3 번이 맞았다. 번호는 단조라 그 점이 맞으면 못 본 구간 30~52 전체의 밀림이 없다,구간확정(미검증)
S20,39,아이 원트 유,사용자 확인(대부분 8/14 영상 눈판독) — S20 의 30·31·32·33·34·35 외 3 번이 맞았다. 번호는 단조라 그 점이 맞으면 못 본 구간 30~52 전체의 밀림이 없다,구간확정(미검증)
S20,40,아이올라이트 스카이,사용자 확인(대부분 8/14 영상 눈판독) — S20 의 30·31·32·33·34·35 외 3 번이 맞았다. 번호는 단조라 그 점이 맞으면 못 본 구간 30~52 전체의 밀림이 없다,구간확정(미검증)
S20,41,퍼센트 엑스,사용자 확인(대부분 8/14 영상 눈판독) — S20 의 30·31·32·33·34·35 외 3 번이 맞았다. 번호는 단조라 그 점이 맞으면 못 본 구간 30~52 전체의 밀림이 없다,구간확정(미검증)
S20,42,아이스 오브 데스,사용자 확인(대부분 8/14 영상 눈판독) — S20 의 30·31·32·33·34·35 외 3 번이 맞았다. 번호는 단조라 그 점이 맞으면 못 본 구간 30~52 전체의 밀림이 없다,구간확정(미검증)
S20,43,배니쉬,사용자 확인(대부분 8/14 영상 눈판독) — S20 의 30·31·32·33·34·35 외 3 번이 맞았다. 번호는 단조라 그 점이 맞으면 못 본 구간 30~52 전체의 밀림이 없다,구간확정(미검증)
S20,44,테일즈 오브 펌프니아,사용자 확인(대부분 8/14 영상 눈판독) — S20 의 30·31·32·33·34·35 외 3 번이 맞았다. 번호는 단조라 그 점이 맞으면 못 본 구간 30~52 전체의 밀림이 없다,구간확정(미검증)
S20,45,김치 핑거즈,사용자 확인(대부분 8/14 영상 눈판독) — S20 의 30·31·32·33·34·35 외 3 번이 맞았다. 번호는 단조라 그 점이 맞으면 못 본 구간 30~52 전체의 밀림이 없다,구간확정(미검증)
S20,46,위키드 레전드,사용자 확인(대부분 8/14 영상 눈판독) — S20 의 30·31·32·33·34·35 외 3 번이 맞았다. 번호는 단조라 그 점이 맞으면 못 본 구간 30~52 전체의 밀림이 없다,구간확정(미검증)
S20,47,탄탄멘,사용자 확인(대부분 8/14 영상 눈판독) — S20 의 30·31·32·33·34·35 외 3 번이 맞았다. 번호는 단조라 그 점이 맞으면 못 본 구간 30~52 전체의 밀림이 없다,구간확정(미검증)
S20,48,파파시토 (feat. KuTiNA),사용자 확인(대부분 8/14 영상 눈판독) — S20 의 30·31·32·33·34·35 외 3 번이 맞았다. 번호는 단조라 그 점이 맞으면 못 본 구간 30~52 전체의 밀림이 없다,구간확정(미검증)
S20,49,파이어 오브 데스티니,사용자 확인(대부분 8/14 영상 눈판독) — S20 의 30·31·32·33·34·35 외 3 번이 맞았다. 번호는 단조라 그 점이 맞으면 못 본 구간 30~52 전체의 밀림이 없다,구간확정(미검증)
S20,50,디 엔드 오브 더 월드 ft. Skizzo,사용자 확인(대부분 8/14 영상 눈판독) — S20 의 30·31·32·33·34·35 외 3 번이 맞았다. 번호는 단조라 그 점이 맞으면 못 본 구간 30~52 전체의 밀림이 없다,구간확정(미검증)
S20,51,트리튬,사용자 확인(대부분 8/14 영상 눈판독) — S20 의 30·31·32·33·34·35 외 3 번이 맞았다. 번호는 단조라 그 점이 맞으면 못 본 구간 30~52 전체의 밀림이 없다,구간확정(미검증)
S20,52,갓 모드 feat. skizzo,사용자 확인(대부분 8/14 영상 눈판독) — S20 의 30·31·32·33·34·35 외 3 번이 맞았다. 번호는 단조라 그 점이 맞으면 못 본 구간 30~52 전체의 밀림이 없다,구간확정(미검증)
S20,59,러브 이즈 어 데인저 존(Cranky 믹스),사용자 확인(대부분 8/14 영상 눈판독) — S20 의 59·60·61·62·80 번이 맞았다. 번호는 단조라 그 점이 맞으면 못 본 구간 59~80 전체의 밀림이 없다,구간확정(미검증)
S20,60,힙노시스(SynthWulf 믹스),사용자 확인(대부분 8/14 영상 눈판독) — S20 의 59·60·61·62·80 번이 맞았다. 번호는 단조라 그 점이 맞으면 못 본 구간 59~80 전체의 밀림이 없다,구간확정(미검증)
S20,61,로그인,사용자 확인(대부분 8/14 영상 눈판독) — S20 의 59·60·61·62·80 번이 맞았다. 번호는 단조라 그 점이 맞으면 못 본 구간 59~80 전체의 밀림이 없다,구간확정(미검증)
S20,62,마왕,사용자 확인(대부분 8/14 영상 눈판독) — S20 의 59·60·61·62·80 번이 맞았다. 번호는 단조라 그 점이 맞으면 못 본 구간 59~80 전체의 밀림이 없다,구간확정(미검증)
S20,63,네이티브,사용자 확인(대부분 8/14 영상 눈판독) — S20 의 59·60·61·62·80 번이 맞았다. 번호는 단조라 그 점이 맞으면 못 본 구간 59~80 전체의 밀림이 없다,구간확정(미검증)
S20,64,야근,사용자 확인(대부분 8/14 영상 눈판독) — S20 의 59·60·61·62·80 번이 맞았다. 번호는 단조라 그 점이 맞으면 못 본 구간 59~80 전체의 밀림이 없다,구간확정(미검증)
S20,65,엑스트리,사용자 확인(대부분 8/14 영상 눈판독) — S20 의 59·60·61·62·80 번이 맞았다. 번호는 단조라 그 점이 맞으면 못 본 구간 59~80 전체의 밀림이 없다,구간확정(미검증)
S20,66,유 갓 투 노우,사용자 확인(대부분 8/14 영상 눈판독) — S20 의 59·60·61·62·80 번이 맞았다. 번호는 단조라 그 점이 맞으면 못 본 구간 59~80 전체의 밀림이 없다,구간확정(미검증)
S20,67,팬텀 -인터메조-,사용자 확인(대부분 8/14 영상 눈판독) — S20 의 59·60·61·62·80 번이 맞았다. 번호는 단조라 그 점이 맞으면 못 본 구간 59~80 전체의 밀림이 없다,구간확정(미검증)
S20,68,캐논 X.1,사용자 확인(대부분 8/14 영상 눈판독) — S20 의 59·60·61·62·80 번이 맞았다. 번호는 단조라 그 점이 맞으면 못 본 구간 59~80 전체의 밀림이 없다,구간확정(미검증)
S20,69,비트 더 고스트,사용자 확인(대부분 8/14 영상 눈판독) — S20 의 59·60·61·62·80 번이 맞았다. 번호는 단조라 그 점이 맞으면 못 본 구간 59~80 전체의 밀림이 없다,구간확정(미검증)
S20,70,펌트리스 꽈뜨로,사용자 확인(대부분 8/14 영상 눈판독) — S20 의 59·60·61·62·80 번이 맞았다. 번호는 단조라 그 점이 맞으면 못 본 구간 59~80 전체의 밀림이 없다,구간확정(미검증)
S20,71,기타 맨,사용자 확인(대부분 8/14 영상 눈판독) — S20 의 59·60·61·62·80 번이 맞았다. 번호는 단조라 그 점이 맞으면 못 본 구간 59~80 전체의 밀림이 없다,구간확정(미검증)
S20,72,히글디 피글디,사용자 확인(대부분 8/14 영상 눈판독) — S20 의 59·60·61·62·80 번이 맞았다. 번호는 단조라 그 점이 맞으면 못 본 구간 59~80 전체의 밀림이 없다,구간확정(미검증)
S20,73,건락,사용자 확인(대부분 8/14 영상 눈판독) — S20 의 59·60·61·62·80 번이 맞았다. 번호는 단조라 그 점이 맞으면 못 본 구간 59~80 전체의 밀림이 없다,구간확정(미검증)
S20,74,월광,사용자 확인(대부분 8/14 영상 눈판독) — S20 의 59·60·61·62·80 번이 맞았다. 번호는 단조라 그 점이 맞으면 못 본 구간 59~80 전체의 밀림이 없다,구간확정(미검증)
S20,75,캐논 디,사용자 확인(대부분 8/14 영상 눈판독) — S20 의 59·60·61·62·80 번이 맞았다. 번호는 단조라 그 점이 맞으면 못 본 구간 59~80 전체의 밀림이 없다,구간확정(미검증)
S20,76,블레이징,사용자 확인(대부분 8/14 영상 눈판독) — S20 의 59·60·61·62·80 번이 맞았다. 번호는 단조라 그 점이 맞으면 못 본 구간 59~80 전체의 밀림이 없다,구간확정(미검증)
S20,77,러브 이즈 어 데인저 존,사용자 확인(대부분 8/14 영상 눈판독) — S20 의 59·60·61·62·80 번이 맞았다. 번호는 단조라 그 점이 맞으면 못 본 구간 59~80 전체의 밀림이 없다,구간확정(미검증)
S20,78,미션 파서블,사용자 확인(대부분 8/14 영상 눈판독) — S20 의 59·60·61·62·80 번이 맞았다. 번호는 단조라 그 점이 맞으면 못 본 구간 59~80 전체의 밀림이 없다,구간확정(미검증)
S20,79,탑 시티,사용자 확인(대부분 8/14 영상 눈판독) — S20 의 59·60·61·62·80 번이 맞았다. 번호는 단조라 그 점이 맞으면 못 본 구간 59~80 전체의 밀림이 없다,구간확정(미검증)
S20,80,윈터,사용자 확인(대부분 8/14 영상 눈판독) — S20 의 59·60·61·62·80 번이 맞았다. 번호는 단조라 그 점이 맞으면 못 본 구간 59~80 전체의 밀림이 없다,구간확정(미검증)
S20,87,댄싱,사용자 확인(대부분 8/14 영상 눈판독) — S20 의 87·88·89·90·91·92 외 11 번이 맞았다. 번호는 단조라 그 점이 맞으면 못 본 구간 87~119 전체의 밀림이 없다,구간확정(미검증)
S20,88,휴먼 익스팅션 (PIU Edit.),사용자 확인(대부분 8/14 영상 눈판독) — S20 의 87·88·89·90·91·92 외 11 번이 맞았다. 번호는 단조라 그 점이 맞으면 못 본 구간 87~119 전체의 밀림이 없다,구간확정(미검증)
S20,89,댓 키티 (PIU Edit.),사용자 확인(대부분 8/14 영상 눈판독) — S20 의 87·88·89·90·91·92 외 11 번이 맞았다. 번호는 단조라 그 점이 맞으면 못 본 구간 87~119 전체의 밀림이 없다,구간확정(미검증)
S20,90,네이드 네이드,사용자 확인(대부분 8/14 영상 눈판독) — S20 의 87·88·89·90·91·92 외 11 번이 맞았다. 번호는 단조라 그 점이 맞으면 못 본 구간 87~119 전체의 밀림이 없다,구간확정(미검증)
S20,91,에너지 시너지 매트릭스,사용자 확인(대부분 8/14 영상 눈판독) — S20 의 87·88·89·90·91·92 외 11 번이 맞았다. 번호는 단조라 그 점이 맞으면 못 본 구간 87~119 전체의 밀림이 없다,구간확정(미검증)
S20,92,밀크,사용자 확인(대부분 8/14 영상 눈판독) — S20 의 87·88·89·90·91·92 외 11 번이 맞았다. 번호는 단조라 그 점이 맞으면 못 본 구간 87~119 전체의 밀림이 없다,구간확정(미검증)
S20,93,진폐증 ft. Kagamine Len/GUMI,사용자 확인(대부분 8/14 영상 눈판독) — S20 의 87·88·89·90·91·92 외 11 번이 맞았다. 번호는 단조라 그 점이 맞으면 못 본 구간 87~119 전체의 밀림이 없다,구간확정(미검증)
S20,94,굿바운스,사용자 확인(대부분 8/14 영상 눈판독) — S20 의 87·88·89·90·91·92 외 11 번이 맞았다. 번호는 단조라 그 점이 맞으면 못 본 구간 87~119 전체의 밀림이 없다,구간확정(미검증)
S20,95,앨리스 인 미산트로프,사용자 확인(대부분 8/14 영상 눈판독) — S20 의 87·88·89·90·91·92 외 11 번이 맞았다. 번호는 단조라 그 점이 맞으면 못 본 구간 87~119 전체의 밀림이 없다,구간확정(미검증)
S20,96,러쉬-아워,사용자 확인(대부분 8/14 영상 눈판독) — S20 의 87·88·89·90·91·92 외 11 번이 맞았다. 번호는 단조라 그 점이 맞으면 못 본 구간 87~119 전체의 밀림이 없다,구간확정(미검증)
S20,97,* 이 게임은 존재하지 않습니다 *,사용자 확인(대부분 8/14 영상 눈판독) — S20 의 87·88·89·90·91·92 외 11 번이 맞았다. 번호는 단조라 그 점이 맞으면 못 본 구간 87~119 전체의 밀림이 없다,구간확정(미검증)
S20,98,지젤,사용자 확인(대부분 8/14 영상 눈판독) — S20 의 87·88·89·90·91·92 외 11 번이 맞았다. 번호는 단조라 그 점이 맞으면 못 본 구간 87~119 전체의 밀림이 없다,구간확정(미검증)
S20,99,스푸키 마카롱,사용자 확인(대부분 8/14 영상 눈판독) — S20 의 87·88·89·90·91·92 외 11 번이 맞았다. 번호는 단조라 그 점이 맞으면 못 본 구간 87~119 전체의 밀림이 없다,구간확정(미검증)
S20,100,할시온,사용자 확인(대부분 8/14 영상 눈판독) — S20 의 87·88·89·90·91·92 외 11 번이 맞았다. 번호는 단조라 그 점이 맞으면 못 본 구간 87~119 전체의 밀림이 없다,구간확정(미검증)
S20,101,오딘,사용자 확인(대부분 8/14 영상 눈판독) — S20 의 87·88·89·90·91·92 외 11 번이 맞았다. 번호는 단조라 그 점이 맞으면 못 본 구간 87~119 전체의 밀림이 없다,구간확정(미검증)
S20,102,익스트림 음악학원 1교시  feat. Nanahira,사용자 확인(대부분 8/14 영상 눈판독) — S20 의 87·88·89·90·91·92 외 11 번이 맞았다. 번호는 단조라 그 점이 맞으면 못 본 구간 87~119 전체의 밀림이 없다,구간확정(미검증)
S20,103,배틀 넘버원,사용자 확인(대부분 8/14 영상 눈판독) — S20 의 87·88·89·90·91·92 외 11 번이 맞았다. 번호는 단조라 그 점이 맞으면 못 본 구간 87~119 전체의 밀림이 없다,구간확정(미검증)
S20,104,솔저스 (TANO*C W TEAM RED ANTHEM),사용자 확인(대부분 8/14 영상 눈판독) — S20 의 87·88·89·90·91·92 외 11 번이 맞았다. 번호는 단조라 그 점이 맞으면 못 본 구간 87~119 전체의 밀림이 없다,구간확정(미검증)
S20,105,크로싱 델타,사용자 확인(대부분 8/14 영상 눈판독) — S20 의 87·88·89·90·91·92 외 11 번이 맞았다. 번호는 단조라 그 점이 맞으면 못 본 구간 87~119 전체의 밀림이 없다,구간확정(미검증)
S20,106,8 6,사용자 확인(대부분 8/14 영상 눈판독) — S20 의 87·88·89·90·91·92 외 11 번이 맞았다. 번호는 단조라 그 점이 맞으면 못 본 구간 87~119 전체의 밀림이 없다,구간확정(미검증)
S20,107,크로스 소울,사용자 확인(대부분 8/14 영상 눈판독) — S20 의 87·88·89·90·91·92 외 11 번이 맞았다. 번호는 단조라 그 점이 맞으면 못 본 구간 87~119 전체의 밀림이 없다,구간확정(미검증)
S20,108,글로리아,사용자 확인(대부분 8/14 영상 눈판독) — S20 의 87·88·89·90·91·92 외 11 번이 맞았다. 번호는 단조라 그 점이 맞으면 못 본 구간 87~119 전체의 밀림이 없다,구간확정(미검증)
S20,109,시간의 회랑 라비린스,사용자 확인(대부분 8/14 영상 눈판독) — S20 의 87·88·89·90·91·92 외 11 번이 맞았다. 번호는 단조라 그 점이 맞으면 못 본 구간 87~119 전체의 밀림이 없다,구간확정(미검증)
S20,110,유토피아,사용자 확인(대부분 8/14 영상 눈판독) — S20 의 87·88·89·90·91·92 외 11 번이 맞았다. 번호는 단조라 그 점이 맞으면 못 본 구간 87~119 전체의 밀림이 없다,구간확정(미검증)
S20,111,네크로맨시,사용자 확인(대부분 8/14 영상 눈판독) — S20 의 87·88·89·90·91·92 외 11 번이 맞았다. 번호는 단조라 그 점이 맞으면 못 본 구간 87~119 전체의 밀림이 없다,구간확정(미검증)
S20,112,드림체이서즈,사용자 확인(대부분 8/14 영상 눈판독) — S20 의 87·88·89·90·91·92 외 11 번이 맞았다. 번호는 단조라 그 점이 맞으면 못 본 구간 87~119 전체의 밀림이 없다,구간확정(미검증)
S20,113,슈퍼☆하라구로☆팝,사용자 확인(대부분 8/14 영상 눈판독) — S20 의 87·88·89·90·91·92 외 11 번이 맞았다. 번호는 단조라 그 점이 맞으면 못 본 구간 87~119 전체의 밀림이 없다,구간확정(미검증)
S20,114,레이지 오브 파이어,사용자 확인(대부분 8/14 영상 눈판독) — S20 의 87·88·89·90·91·92 외 11 번이 맞았다. 번호는 단조라 그 점이 맞으면 못 본 구간 87~119 전체의 밀림이 없다,구간확정(미검증)
S20,115,듀얼 레이싱 <레드 vs 블루>,사용자 확인(대부분 8/14 영상 눈판독) — S20 의 87·88·89·90·91·92 외 11 번이 맞았다. 번호는 단조라 그 점이 맞으면 못 본 구간 87~119 전체의 밀림이 없다,구간확정(미검증)
S20,116,오버 더 호라이즌,사용자 확인(대부분 8/14 영상 눈판독) — S20 의 87·88·89·90·91·92 외 11 번이 맞았다. 번호는 단조라 그 점이 맞으면 못 본 구간 87~119 전체의 밀림이 없다,구간확정(미검증)
S20,117,로키,사용자 확인(대부분 8/14 영상 눈판독) — S20 의 87·88·89·90·91·92 외 11 번이 맞았다. 번호는 단조라 그 점이 맞으면 못 본 구간 87~119 전체의 밀림이 없다,구간확정(미검증)
S20,118,유령의 축제 2 (Sneak),사용자 확인(대부분 8/14 영상 눈판독) — S20 의 87·88·89·90·91·92 외 11 번이 맞았다. 번호는 단조라 그 점이 맞으면 못 본 구간 87~119 전체의 밀림이 없다,구간확정(미검증)
S20,119,사월,사용자 확인(대부분 8/14 영상 눈판독) — S20 의 87·88·89·90·91·92 외 11 번이 맞았다. 번호는 단조라 그 점이 맞으면 못 본 구간 87~119 전체의 밀림이 없다,구간확정(미검증)
S21,42,까르멘 버스,사용자 확인(대부분 8/14 영상 눈판독) — S21 의 42·43·44·45·46·47 외 13 번이 맞았다. 번호는 단조라 그 점이 맞으면 못 본 구간 42~60 전체의 밀림이 없다,구간확정(미검증)
S21,43,포세이돈,사용자 확인(대부분 8/14 영상 눈판독) — S21 의 42·43·44·45·46·47 외 13 번이 맞았다. 번호는 단조라 그 점이 맞으면 못 본 구간 42~60 전체의 밀림이 없다,구간확정(미검증)
S21,44,아드레날린 블래스터,사용자 확인(대부분 8/14 영상 눈판독) — S21 의 42·43·44·45·46·47 외 13 번이 맞았다. 번호는 단조라 그 점이 맞으면 못 본 구간 42~60 전체의 밀림이 없다,구간확정(미검증)
S21,45,오르비트 스테빌라이저,사용자 확인(대부분 8/14 영상 눈판독) — S21 의 42·43·44·45·46·47 외 13 번이 맞았다. 번호는 단조라 그 점이 맞으면 못 본 구간 42~60 전체의 밀림이 없다,구간확정(미검증)
S21,46,파괴,사용자 확인(대부분 8/14 영상 눈판독) — S21 의 42·43·44·45·46·47 외 13 번이 맞았다. 번호는 단조라 그 점이 맞으면 못 본 구간 42~60 전체의 밀림이 없다,구간확정(미검증)
S21,47,스타드림 (feat. Romelon),사용자 확인(대부분 8/14 영상 눈판독) — S21 의 42·43·44·45·46·47 외 13 번이 맞았다. 번호는 단조라 그 점이 맞으면 못 본 구간 42~60 전체의 밀림이 없다,구간확정(미검증)
S21,48,캉-캉 ~Orpheus in The Party Mix~,사용자 확인(대부분 8/14 영상 눈판독) — S21 의 42·43·44·45·46·47 외 13 번이 맞았다. 번호는 단조라 그 점이 맞으면 못 본 구간 42~60 전체의 밀림이 없다,구간확정(미검증)
S21,49,더 레버리,사용자 확인(대부분 8/14 영상 눈판독) — S21 의 42·43·44·45·46·47 외 13 번이 맞았다. 번호는 단조라 그 점이 맞으면 못 본 구간 42~60 전체의 밀림이 없다,구간확정(미검증)
S21,50,시그너스,사용자 확인(대부분 8/14 영상 눈판독) — S21 의 42·43·44·45·46·47 외 13 번이 맞았다. 번호는 단조라 그 점이 맞으면 못 본 구간 42~60 전체의 밀림이 없다,구간확정(미검증)
S21,51,갓 모드 2.0 feat. Skizzo,사용자 확인(대부분 8/14 영상 눈판독) — S21 의 42·43·44·45·46·47 외 13 번이 맞았다. 번호는 단조라 그 점이 맞으면 못 본 구간 42~60 전체의 밀림이 없다,구간확정(미검증)
S21,52,슈브 니구라스,사용자 확인(대부분 8/14 영상 눈판독) — S21 의 42·43·44·45·46·47 외 13 번이 맞았다. 번호는 단조라 그 점이 맞으면 못 본 구간 42~60 전체의 밀림이 없다,구간확정(미검증)
S21,53,사라반드,사용자 확인(대부분 8/14 영상 눈판독) — S21 의 42·43·44·45·46·47 외 13 번이 맞았다. 번호는 단조라 그 점이 맞으면 못 본 구간 42~60 전체의 밀림이 없다,구간확정(미검증)
S21,54,가장신자,사용자 확인(대부분 8/14 영상 눈판독) — S21 의 42·43·44·45·46·47 외 13 번이 맞았다. 번호는 단조라 그 점이 맞으면 못 본 구간 42~60 전체의 밀림이 없다,구간확정(미검증)
S21,55,알레그로 퓨리오소,사용자 확인(대부분 8/14 영상 눈판독) — S21 의 42·43·44·45·46·47 외 13 번이 맞았다. 번호는 단조라 그 점이 맞으면 못 본 구간 42~60 전체의 밀림이 없다,구간확정(미검증)
S21,56,HTTP,사용자 확인(대부분 8/14 영상 눈판독) — S21 의 42·43·44·45·46·47 외 13 번이 맞았다. 번호는 단조라 그 점이 맞으면 못 본 구간 42~60 전체의 밀림이 없다,구간확정(미검증)
S21,57,이스케이프,사용자 확인(대부분 8/14 영상 눈판독) — S21 의 42·43·44·45·46·47 외 13 번이 맞았다. 번호는 단조라 그 점이 맞으면 못 본 구간 42~60 전체의 밀림이 없다,구간확정(미검증)
S21,58,요그 소토스,사용자 확인(대부분 8/14 영상 눈판독) — S21 의 42·43·44·45·46·47 외 13 번이 맞았다. 번호는 단조라 그 점이 맞으면 못 본 구간 42~60 전체의 밀림이 없다,구간확정(미검증)
S21,59,리키지 볼티지,사용자 확인(대부분 8/14 영상 눈판독) — S21 의 42·43·44·45·46·47 외 13 번이 맞았다. 번호는 단조라 그 점이 맞으면 못 본 구간 42~60 전체의 밀림이 없다,구간확정(미검증)
S21,60,슈퍼 판타지,사용자 확인(대부분 8/14 영상 눈판독) — S21 의 42·43·44·45·46·47 외 13 번이 맞았다. 번호는 단조라 그 점이 맞으면 못 본 구간 42~60 전체의 밀림이 없다,구간확정(미검증)
S21,67,테이크 아웃,사용자 확인(대부분 8/14 영상 눈판독) — S21 의 67·68·69·70·71 번이 맞았다. 번호는 단조라 그 점이 맞으면 못 본 구간 67~73 전체의 밀림이 없다,구간확정(미검증)
S21,68,오버블로우,사용자 확인(대부분 8/14 영상 눈판독) — S21 의 67·68·69·70·71 번이 맞았다. 번호는 단조라 그 점이 맞으면 못 본 구간 67~73 전체의 밀림이 없다,구간확정(미검증)
S21,69,데스티네이션,사용자 확인(대부분 8/14 영상 눈판독) — S21 의 67·68·69·70·71 번이 맞았다. 번호는 단조라 그 점이 맞으면 못 본 구간 67~73 전체의 밀림이 없다,구간확정(미검증)
S21,70,진공,사용자 확인(대부분 8/14 영상 눈판독) — S21 의 67·68·69·70·71 번이 맞았다. 번호는 단조라 그 점이 맞으면 못 본 구간 67~73 전체의 밀림이 없다,구간확정(미검증)
S21,71,캐논 X.1,사용자 확인(대부분 8/14 영상 눈판독) — S21 의 67·68·69·70·71 번이 맞았다. 번호는 단조라 그 점이 맞으면 못 본 구간 67~73 전체의 밀림이 없다,구간확정(미검증)
S21,72,패스터 Z,사용자 확인(대부분 8/14 영상 눈판독) — S21 의 67·68·69·70·71 번이 맞았다. 번호는 단조라 그 점이 맞으면 못 본 구간 67~73 전체의 밀림이 없다,구간확정(미검증)
S21,73,파이널 오디션 에피소드 2-1,사용자 확인(대부분 8/14 영상 눈판독) — S21 의 67·68·69·70·71 번이 맞았다. 번호는 단조라 그 점이 맞으면 못 본 구간 67~73 전체의 밀림이 없다,구간확정(미검증)
S21,86,퍼페츄얼,사용자 확인(대부분 8/14 영상 눈판독) — S21 의 86 번이 맞았다. 번호는 단조라 그 점이 맞으면 못 본 구간 86~86 전체의 밀림이 없다,구간확정(미검증)
S21,93,알테일,사용자 확인(대부분 8/14 영상 눈판독) — S21 의 93·94·95·96·97·98 번이 맞았다. 번호는 단조라 그 점이 맞으면 못 본 구간 93~103 전체의 밀림이 없다,구간확정(미검증)
S21,94,푸파,사용자 확인(대부분 8/14 영상 눈판독) — S21 의 93·94·95·96·97·98 번이 맞았다. 번호는 단조라 그 점이 맞으면 못 본 구간 93~103 전체의 밀림이 없다,구간확정(미검증)
S21,95,빅 대디,사용자 확인(대부분 8/14 영상 눈판독) — S21 의 93·94·95·96·97·98 번이 맞았다. 번호는 단조라 그 점이 맞으면 못 본 구간 93~103 전체의 밀림이 없다,구간확정(미검증)
S21,96,플래시 아웃,사용자 확인(대부분 8/14 영상 눈판독) — S21 의 93·94·95·96·97·98 번이 맞았다. 번호는 단조라 그 점이 맞으면 못 본 구간 93~103 전체의 밀림이 없다,구간확정(미검증)
S21,97,비코즈 오브 유,사용자 확인(대부분 8/14 영상 눈판독) — S21 의 93·94·95·96·97·98 번이 맞았다. 번호는 단조라 그 점이 맞으면 못 본 구간 93~103 전체의 밀림이 없다,구간확정(미검증)
S21,98,†도프†센시†,사용자 확인(대부분 8/14 영상 눈판독) — S21 의 93·94·95·96·97·98 번이 맞았다. 번호는 단조라 그 점이 맞으면 못 본 구간 93~103 전체의 밀림이 없다,구간확정(미검증)
S21,99,팝핀 샤워,사용자 확인(대부분 8/14 영상 눈판독) — S21 의 93·94·95·96·97·98 번이 맞았다. 번호는 단조라 그 점이 맞으면 못 본 구간 93~103 전체의 밀림이 없다,구간확정(미검증)
S21,100,브레이크 스루 마이셀프 feat. Risa Yuzuki,사용자 확인(대부분 8/14 영상 눈판독) — S21 의 93·94·95·96·97·98 번이 맞았다. 번호는 단조라 그 점이 맞으면 못 본 구간 93~103 전체의 밀림이 없다,구간확정(미검증)
S21,101,트릭크래쉬 220,사용자 확인(대부분 8/14 영상 눈판독) — S21 의 93·94·95·96·97·98 번이 맞았다. 번호는 단조라 그 점이 맞으면 못 본 구간 93~103 전체의 밀림이 없다,구간확정(미검증)
S21,102,호랑풍류가,사용자 확인(대부분 8/14 영상 눈판독) — S21 의 93·94·95·96·97·98 번이 맞았다. 번호는 단조라 그 점이 맞으면 못 본 구간 93~103 전체의 밀림이 없다,구간확정(미검증)
S21,103,팝 시퀀스,사용자 확인(대부분 8/14 영상 눈판독) — S21 의 93·94·95·96·97·98 번이 맞았다. 번호는 단조라 그 점이 맞으면 못 본 구간 93~103 전체의 밀림이 없다,구간확정(미검증)
S21,119,드림 투 나이트메어,사용자 확인(대부분 8/14 영상 눈판독) — S21 의 119 번이 맞았다. 번호는 단조라 그 점이 맞으면 못 본 구간 119~130 전체의 밀림이 없다,구간확정(미검증)
S21,120,모노리스,사용자 확인(대부분 8/14 영상 눈판독) — S21 의 119 번이 맞았다. 번호는 단조라 그 점이 맞으면 못 본 구간 119~130 전체의 밀림이 없다,구간확정(미검증)
S21,121,헬리오스피어,사용자 확인(대부분 8/14 영상 눈판독) — S21 의 119 번이 맞았다. 번호는 단조라 그 점이 맞으면 못 본 구간 119~130 전체의 밀림이 없다,구간확정(미검증)
S21,122,스위트 원더랜드,사용자 확인(대부분 8/14 영상 눈판독) — S21 의 119 번이 맞았다. 번호는 단조라 그 점이 맞으면 못 본 구간 119~130 전체의 밀림이 없다,구간확정(미검증)
S21,123,제로아이즈,사용자 확인(대부분 8/14 영상 눈판독) — S21 의 119 번이 맞았다. 번호는 단조라 그 점이 맞으면 못 본 구간 119~130 전체의 밀림이 없다,구간확정(미검증)
S21,124,헤드리스 치킨,사용자 확인(대부분 8/14 영상 눈판독) — S21 의 119 번이 맞았다. 번호는 단조라 그 점이 맞으면 못 본 구간 119~130 전체의 밀림이 없다,구간확정(미검증)
S21,125,로키,사용자 확인(대부분 8/14 영상 눈판독) — S21 의 119 번이 맞았다. 번호는 단조라 그 점이 맞으면 못 본 구간 119~130 전체의 밀림이 없다,구간확정(미검증)
S21,126,디멘트 ~에프터 레전드~,사용자 확인(대부분 8/14 영상 눈판독) — S21 의 119 번이 맞았다. 번호는 단조라 그 점이 맞으면 못 본 구간 119~130 전체의 밀림이 없다,구간확정(미검증)
S21,127,유어 마인드,사용자 확인(대부분 8/14 영상 눈판독) — S21 의 119 번이 맞았다. 번호는 단조라 그 점이 맞으면 못 본 구간 119~130 전체의 밀림이 없다,구간확정(미검증)
S21,128,블랙 드래곤,사용자 확인(대부분 8/14 영상 눈판독) — S21 의 119 번이 맞았다. 번호는 단조라 그 점이 맞으면 못 본 구간 119~130 전체의 밀림이 없다,구간확정(미검증)
S21,129,BS파워 익스플로전,사용자 확인(대부분 8/14 영상 눈판독) — S21 의 119 번이 맞았다. 번호는 단조라 그 점이 맞으면 못 본 구간 119~130 전체의 밀림이 없다,구간확정(미검증)
S21,130,킵 온!,사용자 확인(대부분 8/14 영상 눈판독) — S21 의 119 번이 맞았다. 번호는 단조라 그 점이 맞으면 못 본 구간 119~130 전체의 밀림이 없다,구간확정(미검증)
S22,4,블레이저,사용자 확인(대부분 8/14 영상 눈판독) — S22 의 4·5·6·7·8·9 외 4 번이 맞았다. 번호는 단조라 그 점이 맞으면 못 본 구간 4~13 전체의 밀림이 없다,구간확정
S22,5,오버나이트 플라워,사용자 확인(대부분 8/14 영상 눈판독) — S22 의 4·5·6·7·8·9 외 4 번이 맞았다. 번호는 단조라 그 점이 맞으면 못 본 구간 4~13 전체의 밀림이 없다,구간확정
S22,6,레전더리 도미니언,사용자 확인(대부분 8/14 영상 눈판독) — S22 의 4·5·6·7·8·9 외 4 번이 맞았다. 번호는 단조라 그 점이 맞으면 못 본 구간 4~13 전체의 밀림이 없다,구간확정
S22,7,ESP,사용자 확인(대부분 8/14 영상 눈판독) — S22 의 4·5·6·7·8·9 외 4 번이 맞았다. 번호는 단조라 그 점이 맞으면 못 본 구간 4~13 전체의 밀림이 없다,구간확정
S22,8,4NT,사용자 확인(대부분 8/14 영상 눈판독) — S22 의 4·5·6·7·8·9 외 4 번이 맞았다. 번호는 단조라 그 점이 맞으면 못 본 구간 4~13 전체의 밀림이 없다,구간확정
S22,9,얼티밋 아이즈,사용자 확인(대부분 8/14 영상 눈판독) — S22 의 4·5·6·7·8·9 외 4 번이 맞았다. 번호는 단조라 그 점이 맞으면 못 본 구간 4~13 전체의 밀림이 없다,구간확정
S22,10,벡터,사용자 확인(대부분 8/14 영상 눈판독) — S22 의 4·5·6·7·8·9 외 4 번이 맞았다. 번호는 단조라 그 점이 맞으면 못 본 구간 4~13 전체의 밀림이 없다,구간확정
S22,11,시,사용자 확인(대부분 8/14 영상 눈판독) — S22 의 4·5·6·7·8·9 외 4 번이 맞았다. 번호는 단조라 그 점이 맞으면 못 본 구간 4~13 전체의 밀림이 없다,구간확정
S22,12,결투,사용자 확인(대부분 8/14 영상 눈판독) — S22 의 4·5·6·7·8·9 외 4 번이 맞았다. 번호는 단조라 그 점이 맞으면 못 본 구간 4~13 전체의 밀림이 없다,구간확정
S22,13,배니쉬 2 - Roar of the invisible dragon,사용자 확인(대부분 8/14 영상 눈판독) — S22 의 4·5·6·7·8·9 외 4 번이 맞았다. 번호는 단조라 그 점이 맞으면 못 본 구간 4~13 전체의 밀림이 없다,구간확정
S22,20,초악마황제,사용자 확인(대부분 8/14 영상 눈판독) — S22 의 20·21·22·23·24 번이 맞았다. 번호는 단조라 그 점이 맞으면 못 본 구간 20~35 전체의 밀림이 없다,구간확정
S22,21,큐리아서티 오버드라이브,사용자 확인(대부분 8/14 영상 눈판독) — S22 의 20·21·22·23·24 번이 맞았다. 번호는 단조라 그 점이 맞으면 못 본 구간 20~35 전체의 밀림이 없다,구간확정
S22,22,E.O.N,사용자 확인(대부분 8/14 영상 눈판독) — S22 의 20·21·22·23·24 번이 맞았다. 번호는 단조라 그 점이 맞으면 못 본 구간 20~35 전체의 밀림이 없다,구간확정
S22,23,카오스 어게인,사용자 확인(대부분 8/14 영상 눈판독) — S22 의 20·21·22·23·24 번이 맞았다. 번호는 단조라 그 점이 맞으면 못 본 구간 20~35 전체의 밀림이 없다,구간확정
S22,24,헤라클레스,사용자 확인(대부분 8/14 영상 눈판독) — S22 의 20·21·22·23·24 번이 맞았다. 번호는 단조라 그 점이 맞으면 못 본 구간 20~35 전체의 밀림이 없다,구간확정
S22,25,에렌델,사용자 확인(대부분 8/14 영상 눈판독) — S22 의 20·21·22·23·24 번이 맞았다. 번호는 단조라 그 점이 맞으면 못 본 구간 20~35 전체의 밀림이 없다,구간확정
S22,26,힘 오브 골든 글로리,사용자 확인(대부분 8/14 영상 눈판독) — S22 의 20·21·22·23·24 번이 맞았다. 번호는 단조라 그 점이 맞으면 못 본 구간 20~35 전체의 밀림이 없다,구간확정
S22,27,머독 vs 오타다,사용자 확인(대부분 8/14 영상 눈판독) — S22 의 20·21·22·23·24 번이 맞았다. 번호는 단조라 그 점이 맞으면 못 본 구간 20~35 전체의 밀림이 없다,구간확정
S22,28,크림슨 후드,사용자 확인(대부분 8/14 영상 눈판독) — S22 의 20·21·22·23·24 번이 맞았다. 번호는 단조라 그 점이 맞으면 못 본 구간 20~35 전체의 밀림이 없다,구간확정
S22,29,도플갱어,사용자 확인(대부분 8/14 영상 눈판독) — S22 의 20·21·22·23·24 번이 맞았다. 번호는 단조라 그 점이 맞으면 못 본 구간 20~35 전체의 밀림이 없다,구간확정
S22,30,스켑틱,사용자 확인(대부분 8/14 영상 눈판독) — S22 의 20·21·22·23·24 번이 맞았다. 번호는 단조라 그 점이 맞으면 못 본 구간 20~35 전체의 밀림이 없다,구간확정
S22,31,금혼식,사용자 확인(대부분 8/14 영상 눈판독) — S22 의 20·21·22·23·24 번이 맞았다. 번호는 단조라 그 점이 맞으면 못 본 구간 20~35 전체의 밀림이 없다,구간확정
S22,32,클레마티스 랩소디아,사용자 확인(대부분 8/14 영상 눈판독) — S22 의 20·21·22·23·24 번이 맞았다. 번호는 단조라 그 점이 맞으면 못 본 구간 20~35 전체의 밀림이 없다,구간확정
S22,33,아마겟돈,사용자 확인(대부분 8/14 영상 눈판독) — S22 의 20·21·22·23·24 번이 맞았다. 번호는 단조라 그 점이 맞으면 못 본 구간 20~35 전체의 밀림이 없다,구간확정
S22,34,헬파이어,사용자 확인(대부분 8/14 영상 눈판독) — S22 의 20·21·22·23·24 번이 맞았다. 번호는 단조라 그 점이 맞으면 못 본 구간 20~35 전체의 밀림이 없다,구간확정
S22,35,크로스 오버 feat. LyuU,사용자 확인(대부분 8/14 영상 눈판독) — S22 의 20·21·22·23·24 번이 맞았다. 번호는 단조라 그 점이 맞으면 못 본 구간 20~35 전체의 밀림이 없다,구간확정
S22,41,로봇 배틀,사용자 확인(대부분 8/14 영상 눈판독) — S22 의 41·42·43·44·45·46 외 2 번이 맞았다. 번호는 단조라 그 점이 맞으면 못 본 구간 41~54 전체의 밀림이 없다,구간확정
S22,42,이그니스 패터스(DM Ashura 믹스),사용자 확인(대부분 8/14 영상 눈판독) — S22 의 41·42·43·44·45·46 외 2 번이 맞았다. 번호는 단조라 그 점이 맞으면 못 본 구간 41~54 전체의 밀림이 없다,구간확정
S22,43,에프 에프 에프,사용자 확인(대부분 8/14 영상 눈판독) — S22 의 41·42·43·44·45·46 외 2 번이 맞았다. 번호는 단조라 그 점이 맞으면 못 본 구간 41~54 전체의 밀림이 없다,구간확정
S22,44,소서리스 엘리제,사용자 확인(대부분 8/14 영상 눈판독) — S22 의 41·42·43·44·45·46 외 2 번이 맞았다. 번호는 단조라 그 점이 맞으면 못 본 구간 41~54 전체의 밀림이 없다,구간확정
S22,45,아리랑,사용자 확인(대부분 8/14 영상 눈판독) — S22 의 41·42·43·44·45·46 외 2 번이 맞았다. 번호는 단조라 그 점이 맞으면 못 본 구간 41~54 전체의 밀림이 없다,구간확정
S22,46,팬텀 -인터메조-,사용자 확인(대부분 8/14 영상 눈판독) — S22 의 41·42·43·44·45·46 외 2 번이 맞았다. 번호는 단조라 그 점이 맞으면 못 본 구간 41~54 전체의 밀림이 없다,구간확정
S22,47,네이팜,사용자 확인(대부분 8/14 영상 눈판독) — S22 의 41·42·43·44·45·46 외 2 번이 맞았다. 번호는 단조라 그 점이 맞으면 못 본 구간 41~54 전체의 밀림이 없다,구간확정
S22,48,파이널 오디션 에피소드 2-1,사용자 확인(대부분 8/14 영상 눈판독) — S22 의 41·42·43·44·45·46 외 2 번이 맞았다. 번호는 단조라 그 점이 맞으면 못 본 구간 41~54 전체의 밀림이 없다,구간확정
S22,49,파이널 오디션 에피소드 2-2,사용자 확인(대부분 8/14 영상 눈판독) — S22 의 41·42·43·44·45·46 외 2 번이 맞았다. 번호는 단조라 그 점이 맞으면 못 본 구간 41~54 전체의 밀림이 없다,구간확정
S22,50,러브 이즈 어 데인저 존 pt.2,사용자 확인(대부분 8/14 영상 눈판독) — S22 의 41·42·43·44·45·46 외 2 번이 맞았다. 번호는 단조라 그 점이 맞으면 못 본 구간 41~54 전체의 밀림이 없다,구간확정
S22,51,파파 곤잘레스,사용자 확인(대부분 8/14 영상 눈판독) — S22 의 41·42·43·44·45·46 외 2 번이 맞았다. 번호는 단조라 그 점이 맞으면 못 본 구간 41~54 전체의 밀림이 없다,구간확정
S22,52,치킨 윙,사용자 확인(대부분 8/14 영상 눈판독) — S22 의 41·42·43·44·45·46 외 2 번이 맞았다. 번호는 단조라 그 점이 맞으면 못 본 구간 41~54 전체의 밀림이 없다,구간확정
S22,53,미스터 라푸스,사용자 확인(대부분 8/14 영상 눈판독) — S22 의 41·42·43·44·45·46 외 2 번이 맞았다. 번호는 단조라 그 점이 맞으면 못 본 구간 41~54 전체의 밀림이 없다,구간확정
S22,54,엑스트라바간자,사용자 확인(대부분 8/14 영상 눈판독) — S22 의 41·42·43·44·45·46 외 2 번이 맞았다. 번호는 단조라 그 점이 맞으면 못 본 구간 41~54 전체의 밀림이 없다,구간확정
S22,60,앨리스 인 미산트로프,사용자 확인(대부분 8/14 영상 눈판독) — S22 의 60·61·62·63·64·65 번이 맞았다. 번호는 단조라 그 점이 맞으면 못 본 구간 60~75 전체의 밀림이 없다,구간확정
S22,61,R.I.P.,사용자 확인(대부분 8/14 영상 눈판독) — S22 의 60·61·62·63·64·65 번이 맞았다. 번호는 단조라 그 점이 맞으면 못 본 구간 60~75 전체의 밀림이 없다,구간확정
S22,62,러쉬-모어,사용자 확인(대부분 8/14 영상 눈판독) — S22 의 60·61·62·63·64·65 번이 맞았다. 번호는 단조라 그 점이 맞으면 못 본 구간 60~75 전체의 밀림이 없다,구간확정
S22,63,러쉬-아워,사용자 확인(대부분 8/14 영상 눈판독) — S22 의 60·61·62·63·64·65 번이 맞았다. 번호는 단조라 그 점이 맞으면 못 본 구간 60~75 전체의 밀림이 없다,구간확정
S22,64,* 이 게임은 존재하지 않습니다 *,사용자 확인(대부분 8/14 영상 눈판독) — S22 의 60·61·62·63·64·65 번이 맞았다. 번호는 단조라 그 점이 맞으면 못 본 구간 60~75 전체의 밀림이 없다,구간확정
S22,65,마히카,사용자 확인(대부분 8/14 영상 눈판독) — S22 의 60·61·62·63·64·65 번이 맞았다. 번호는 단조라 그 점이 맞으면 못 본 구간 60~75 전체의 밀림이 없다,구간확정
S22,66,지젤,사용자 확인(대부분 8/14 영상 눈판독) — S22 의 60·61·62·63·64·65 번이 맞았다. 번호는 단조라 그 점이 맞으면 못 본 구간 60~75 전체의 밀림이 없다,구간확정
S22,67,스푸키 마카롱,사용자 확인(대부분 8/14 영상 눈판독) — S22 의 60·61·62·63·64·65 번이 맞았다. 번호는 단조라 그 점이 맞으면 못 본 구간 60~75 전체의 밀림이 없다,구간확정
S22,68,아라가미,사용자 확인(대부분 8/14 영상 눈판독) — S22 의 60·61·62·63·64·65 번이 맞았다. 번호는 단조라 그 점이 맞으면 못 본 구간 60~75 전체의 밀림이 없다,구간확정
S22,69,할시온,사용자 확인(대부분 8/14 영상 눈판독) — S22 의 60·61·62·63·64·65 번이 맞았다. 번호는 단조라 그 점이 맞으면 못 본 구간 60~75 전체의 밀림이 없다,구간확정
S22,70,디스트로0ㅣ어,사용자 확인(대부분 8/14 영상 눈판독) — S22 의 60·61·62·63·64·65 번이 맞았다. 번호는 단조라 그 점이 맞으면 못 본 구간 60~75 전체의 밀림이 없다,구간확정
S22,71,쵸빗 플레이버,사용자 확인(대부분 8/14 영상 눈판독) — S22 의 60·61·62·63·64·65 번이 맞았다. 번호는 단조라 그 점이 맞으면 못 본 구간 60~75 전체의 밀림이 없다,구간확정
S22,72,얼라이브,사용자 확인(대부분 8/14 영상 눈판독) — S22 의 60·61·62·63·64·65 번이 맞았다. 번호는 단조라 그 점이 맞으면 못 본 구간 60~75 전체의 밀림이 없다,구간확정
S22,73,익스트림 음악학원 2교시  feat. Nanahira,사용자 확인(대부분 8/14 영상 눈판독) — S22 의 60·61·62·63·64·65 번이 맞았다. 번호는 단조라 그 점이 맞으면 못 본 구간 60~75 전체의 밀림이 없다,구간확정
S22,74,배틀 넘버원,사용자 확인(대부분 8/14 영상 눈판독) — S22 의 60·61·62·63·64·65 번이 맞았다. 번호는 단조라 그 점이 맞으면 못 본 구간 60~75 전체의 밀림이 없다,구간확정
S22,75,페이브 가든,사용자 확인(대부분 8/14 영상 눈판독) — S22 의 60·61·62·63·64·65 번이 맞았다. 번호는 단조라 그 점이 맞으면 못 본 구간 60~75 전체의 밀림이 없다,구간확정
S22,86,왓 해픈드,영상 프레임 판독으로 **S22 의 밀림 0** 을 확인했다 — 우리 표가 이 존에서 맞다(frame_verify.csv),구간확정
S22,87,가고일,영상 프레임 판독으로 **S22 의 밀림 0** 을 확인했다 — 우리 표가 이 존에서 맞다(frame_verify.csv),구간확정
S22,88,알레그로 콘 뿌오코,영상 프레임 판독으로 **S22 의 밀림 0** 을 확인했다 — 우리 표가 이 존에서 맞다(frame_verify.csv),구간확정
S22,89,슈퍼☆하라구로☆팝,영상 프레임 판독으로 **S22 의 밀림 0** 을 확인했다 — 우리 표가 이 존에서 맞다(frame_verify.csv),구간확정
S22,90,우라늄,영상 프레임 판독으로 **S22 의 밀림 0** 을 확인했다 — 우리 표가 이 존에서 맞다(frame_verify.csv),구간확정
S23,5,이터널 유니버스,사용자 확인(대부분 8/14 영상 눈판독) — S23 의 5·6·7·8·9·10 외 1 번이 맞았다. 번호는 단조라 그 점이 맞으면 못 본 구간 5~11 전체의 밀림이 없다,구간확정(미검증)
S23,6,쥬핀,사용자 확인(대부분 8/14 영상 눈판독) — S23 의 5·6·7·8·9·10 외 1 번이 맞았다. 번호는 단조라 그 점이 맞으면 못 본 구간 5~11 전체의 밀림이 없다,구간확정(미검증)
S23,7,그로스,사용자 확인(대부분 8/14 영상 눈판독) — S23 의 5·6·7·8·9·10 외 1 번이 맞았다. 번호는 단조라 그 점이 맞으면 못 본 구간 5~11 전체의 밀림이 없다,구간확정(미검증)
S23,8,꼭두각시,사용자 확인(대부분 8/14 영상 눈판독) — S23 의 5·6·7·8·9·10 외 1 번이 맞았다. 번호는 단조라 그 점이 맞으면 못 본 구간 5~11 전체의 밀림이 없다,구간확정(미검증)
S23,9,데드 엔드,사용자 확인(대부분 8/14 영상 눈판독) — S23 의 5·6·7·8·9·10 외 1 번이 맞았다. 번호는 단조라 그 점이 맞으면 못 본 구간 5~11 전체의 밀림이 없다,구간확정(미검증)
S23,10,추격,사용자 확인(대부분 8/14 영상 눈판독) — S23 의 5·6·7·8·9·10 외 1 번이 맞았다. 번호는 단조라 그 점이 맞으면 못 본 구간 5~11 전체의 밀림이 없다,구간확정(미검증)
S23,11,소닉 붐,사용자 확인(대부분 8/14 영상 눈판독) — S23 의 5·6·7·8·9·10 외 1 번이 맞았다. 번호는 단조라 그 점이 맞으면 못 본 구간 5~11 전체의 밀림이 없다,구간확정(미검증)
S23,17,니알라토텝,사용자 확인(대부분 8/14 영상 눈판독) — S23 의 18 번이 맞았다. 번호는 단조라 그 점이 맞으면 못 본 구간 17~18 전체의 밀림이 없다,구간확정(미검증)
S23,18,하트 래빗 코스터,사용자 확인(대부분 8/14 영상 눈판독) — S23 의 18 번이 맞았다. 번호는 단조라 그 점이 맞으면 못 본 구간 17~18 전체의 밀림이 없다,구간확정(미검증)
S23,25,클리너,사용자 확인(대부분 8/14 영상 눈판독) — S23 의 25·26·27·40 번이 맞았다. 번호는 단조라 그 점이 맞으면 못 본 구간 25~40 전체의 밀림이 없다,구간확정(미검증)
S23,26,소서리스 엘리제,사용자 확인(대부분 8/14 영상 눈판독) — S23 의 25·26·27·40 번이 맞았다. 번호는 단조라 그 점이 맞으면 못 본 구간 25~40 전체의 밀림이 없다,구간확정(미검증)
S23,27,진공,사용자 확인(대부분 8/14 영상 눈판독) — S23 의 25·26·27·40 번이 맞았다. 번호는 단조라 그 점이 맞으면 못 본 구간 25~40 전체의 밀림이 없다,구간확정(미검증)
S23,28,키메라,사용자 확인(대부분 8/14 영상 눈판독) — S23 의 25·26·27·40 번이 맞았다. 번호는 단조라 그 점이 맞으면 못 본 구간 25~40 전체의 밀림이 없다,구간확정(미검증)
S23,29,파이널 오디션 에피소드 2-2,사용자 확인(대부분 8/14 영상 눈판독) — S23 의 25·26·27·40 번이 맞았다. 번호는 단조라 그 점이 맞으면 못 본 구간 25~40 전체의 밀림이 없다,구간확정(미검증)
S23,30,인피니트 에너지 -Overdoze-,사용자 확인(대부분 8/14 영상 눈판독) — S23 의 25·26·27·40 번이 맞았다. 번호는 단조라 그 점이 맞으면 못 본 구간 25~40 전체의 밀림이 없다,구간확정(미검증)
S23,31,갤럭시 컬랩스,사용자 확인(대부분 8/14 영상 눈판독) — S23 의 25·26·27·40 번이 맞았다. 번호는 단조라 그 점이 맞으면 못 본 구간 25~40 전체의 밀림이 없다,구간확정(미검증)
S23,32,카타스트로피,사용자 확인(대부분 8/14 영상 눈판독) — S23 의 25·26·27·40 번이 맞았다. 번호는 단조라 그 점이 맞으면 못 본 구간 25~40 전체의 밀림이 없다,구간확정(미검증)
S23,33,댓 키티 (PIU Edit.),사용자 확인(대부분 8/14 영상 눈판독) — S23 의 25·26·27·40 번이 맞았다. 번호는 단조라 그 점이 맞으면 못 본 구간 25~40 전체의 밀림이 없다,구간확정(미검증)
S23,34,언더월드 ft. Skizzo (PIU Edit.),사용자 확인(대부분 8/14 영상 눈판독) — S23 의 25·26·27·40 번이 맞았다. 번호는 단조라 그 점이 맞으면 못 본 구간 25~40 전체의 밀림이 없다,구간확정(미검증)
S23,35,네이드 네이드,사용자 확인(대부분 8/14 영상 눈판독) — S23 의 25·26·27·40 번이 맞았다. 번호는 단조라 그 점이 맞으면 못 본 구간 25~40 전체의 밀림이 없다,구간확정(미검증)
S23,36,푸파,사용자 확인(대부분 8/14 영상 눈판독) — S23 의 25·26·27·40 번이 맞았다. 번호는 단조라 그 점이 맞으면 못 본 구간 25~40 전체의 밀림이 없다,구간확정(미검증)
S23,37,오딘,사용자 확인(대부분 8/14 영상 눈판독) — S23 의 25·26·27·40 번이 맞았다. 번호는 단조라 그 점이 맞으면 못 본 구간 25~40 전체의 밀림이 없다,구간확정(미검증)
S23,38,†도프†센시†,사용자 확인(대부분 8/14 영상 눈판독) — S23 의 25·26·27·40 번이 맞았다. 번호는 단조라 그 점이 맞으면 못 본 구간 25~40 전체의 밀림이 없다,구간확정(미검증)
S23,39,브레이크 스루 마이셀프 feat. Risa Yuzuki,사용자 확인(대부분 8/14 영상 눈판독) — S23 의 25·26·27·40 번이 맞았다. 번호는 단조라 그 점이 맞으면 못 본 구간 25~40 전체의 밀림이 없다,구간확정(미검증)
S23,40,비옐라의 악몽,사용자 확인(대부분 8/14 영상 눈판독) — S23 의 25·26·27·40 번이 맞았다. 번호는 단조라 그 점이 맞으면 못 본 구간 25~40 전체의 밀림이 없다,구간확정(미검증)
S23,46,Re : 엔드 오브 어 드림,사용자 확인(대부분 8/14 영상 눈판독) — S23 의 46 번이 맞았다. 번호는 단조라 그 점이 맞으면 못 본 구간 46~49 전체의 밀림이 없다,구간확정(미검증)
S23,47,얼티메이텀,사용자 확인(대부분 8/14 영상 눈판독) — S23 의 46 번이 맞았다. 번호는 단조라 그 점이 맞으면 못 본 구간 46~49 전체의 밀림이 없다,구간확정(미검증)
S23,48,시간의 회랑 라비린스,사용자 확인(대부분 8/14 영상 눈판독) — S23 의 46 번이 맞았다. 번호는 단조라 그 점이 맞으면 못 본 구간 46~49 전체의 밀림이 없다,구간확정(미검증)
S23,49,VVV,사용자 확인(대부분 8/14 영상 눈판독) — S23 의 46 번이 맞았다. 번호는 단조라 그 점이 맞으면 못 본 구간 46~49 전체의 밀림이 없다,구간확정(미검증)
S24,4,프ㄹi마 마테ㄹi아,사용자 확인 — **S24 존 전체**를 봤다고 하셨다 (번호 없이 존 단위). 못 본 구간 4~4 을 연다,구간확정(미검증)
S24,10,스켑틱,사용자 확인 — **S24 존 전체**를 봤다고 하셨다 (번호 없이 존 단위). 못 본 구간 10~11 을 연다,구간확정(미검증)
S24,11,슈브 니구라스,사용자 확인 — **S24 존 전체**를 봤다고 하셨다 (번호 없이 존 단위). 못 본 구간 10~11 을 연다,구간확정(미검증)
S3,11,유포리아닉,사용자 확인(대부분 8/14 영상 눈판독) — S3 의 11·12·13·14·15·16 외 16 번이 맞았다. 번호는 단조라 그 점이 맞으면 못 본 구간 11~33 전체의 밀림이 없다,구간확정(미검증)
S3,12,라크리모사,사용자 확인(대부분 8/14 영상 눈판독) — S3 의 11·12·13·14·15·16 외 16 번이 맞았다. 번호는 단조라 그 점이 맞으면 못 본 구간 11~33 전체의 밀림이 없다,구간확정(미검증)
S3,13,요! 세이!! 페어리!!!,사용자 확인(대부분 8/14 영상 눈판독) — S3 의 11·12·13·14·15·16 외 16 번이 맞았다. 번호는 단조라 그 점이 맞으면 못 본 구간 11~33 전체의 밀림이 없다,구간확정(미검증)
S3,14,블루이쉬 로즈,사용자 확인(대부분 8/14 영상 눈판독) — S3 의 11·12·13·14·15·16 외 16 번이 맞았다. 번호는 단조라 그 점이 맞으면 못 본 구간 11~33 전체의 밀림이 없다,구간확정(미검증)
S3,15,스위트로닉,사용자 확인(대부분 8/14 영상 눈판독) — S3 의 11·12·13·14·15·16 외 16 번이 맞았다. 번호는 단조라 그 점이 맞으면 못 본 구간 11~33 전체의 밀림이 없다,구간확정(미검증)
S3,16,트란사칼리아,사용자 확인(대부분 8/14 영상 눈판독) — S3 의 11·12·13·14·15·16 외 16 번이 맞았다. 번호는 단조라 그 점이 맞으면 못 본 구간 11~33 전체의 밀림이 없다,구간확정(미검증)
S3,17,아이 원트 유,사용자 확인(대부분 8/14 영상 눈판독) — S3 의 11·12·13·14·15·16 외 16 번이 맞았다. 번호는 단조라 그 점이 맞으면 못 본 구간 11~33 전체의 밀림이 없다,구간확정(미검증)
S3,18,퍼센트 엑스,사용자 확인(대부분 8/14 영상 눈판독) — S3 의 11·12·13·14·15·16 외 16 번이 맞았다. 번호는 단조라 그 점이 맞으면 못 본 구간 11~33 전체의 밀림이 없다,구간확정(미검증)
S3,19,포세이돈,사용자 확인(대부분 8/14 영상 눈판독) — S3 의 11·12·13·14·15·16 외 16 번이 맞았다. 번호는 단조라 그 점이 맞으면 못 본 구간 11~33 전체의 밀림이 없다,구간확정(미검증)
S3,20,아드레날린 블래스터,사용자 확인(대부분 8/14 영상 눈판독) — S3 의 11·12·13·14·15·16 외 16 번이 맞았다. 번호는 단조라 그 점이 맞으면 못 본 구간 11~33 전체의 밀림이 없다,구간확정(미검증)
S3,21,스타드림 (feat. Romelon),사용자 확인(대부분 8/14 영상 눈판독) — S3 의 11·12·13·14·15·16 외 16 번이 맞았다. 번호는 단조라 그 점이 맞으면 못 본 구간 11~33 전체의 밀림이 없다,구간확정(미검증)
S3,22,디 엔드 오브 더 월드 ft. Skizzo,사용자 확인(대부분 8/14 영상 눈판독) — S3 의 11·12·13·14·15·16 외 16 번이 맞았다. 번호는 단조라 그 점이 맞으면 못 본 구간 11~33 전체의 밀림이 없다,구간확정(미검증)
S3,23,포가튼 뱀파이어,사용자 확인(대부분 8/14 영상 눈판독) — S3 의 11·12·13·14·15·16 외 16 번이 맞았다. 번호는 단조라 그 점이 맞으면 못 본 구간 11~33 전체의 밀림이 없다,구간확정(미검증)
S3,24,더 레버리,사용자 확인(대부분 8/14 영상 눈판독) — S3 의 11·12·13·14·15·16 외 16 번이 맞았다. 번호는 단조라 그 점이 맞으면 못 본 구간 11~33 전체의 밀림이 없다,구간확정(미검증)
S3,25,라스트 리버스,사용자 확인(대부분 8/14 영상 눈판독) — S3 의 11·12·13·14·15·16 외 16 번이 맞았다. 번호는 단조라 그 점이 맞으면 못 본 구간 11~33 전체의 밀림이 없다,구간확정(미검증)
S3,26,앵귀시드 언메이킹,사용자 확인(대부분 8/14 영상 눈판독) — S3 의 11·12·13·14·15·16 외 16 번이 맞았다. 번호는 단조라 그 점이 맞으면 못 본 구간 11~33 전체의 밀림이 없다,구간확정(미검증)
S3,27,헤이 유,사용자 확인(대부분 8/14 영상 눈판독) — S3 의 11·12·13·14·15·16 외 16 번이 맞았다. 번호는 단조라 그 점이 맞으면 못 본 구간 11~33 전체의 밀림이 없다,구간확정(미검증)
S3,28,업 앤 업 (Produced by AWAL),사용자 확인(대부분 8/14 영상 눈판독) — S3 의 11·12·13·14·15·16 외 16 번이 맞았다. 번호는 단조라 그 점이 맞으면 못 본 구간 11~33 전체의 밀림이 없다,구간확정(미검증)
S3,29,트래블 투 퓨처,사용자 확인(대부분 8/14 영상 눈판독) — S3 의 11·12·13·14·15·16 외 16 번이 맞았다. 번호는 단조라 그 점이 맞으면 못 본 구간 11~33 전체의 밀림이 없다,구간확정(미검증)
S3,30,라티노 바이러스,사용자 확인(대부분 8/14 영상 눈판독) — S3 의 11·12·13·14·15·16 외 16 번이 맞았다. 번호는 단조라 그 점이 맞으면 못 본 구간 11~33 전체의 밀림이 없다,구간확정(미검증)
S3,31,메테오라이즈,사용자 확인(대부분 8/14 영상 눈판독) — S3 의 11·12·13·14·15·16 외 16 번이 맞았다. 번호는 단조라 그 점이 맞으면 못 본 구간 11~33 전체의 밀림이 없다,구간확정(미검증)
S3,32,리무버블 디스코,사용자 확인(대부분 8/14 영상 눈판독) — S3 의 11·12·13·14·15·16 외 16 번이 맞았다. 번호는 단조라 그 점이 맞으면 못 본 구간 11~33 전체의 밀림이 없다,구간확정(미검증)
S3,33,설탕음모론,사용자 확인(대부분 8/14 영상 눈판독) — S3 의 11·12·13·14·15·16 외 16 번이 맞았다. 번호는 단조라 그 점이 맞으면 못 본 구간 11~33 전체의 밀림이 없다,구간확정(미검증)
S3,39,유 갓 미 락킹,사용자 확인(대부분 8/14 영상 눈판독) — S3 의 39·40·41·42·43·44 외 14 번이 맞았다. 번호는 단조라 그 점이 맞으면 못 본 구간 39~58 전체의 밀림이 없다,구간확정(미검증)
S3,40,여래아,사용자 확인(대부분 8/14 영상 눈판독) — S3 의 39·40·41·42·43·44 외 14 번이 맞았다. 번호는 단조라 그 점이 맞으면 못 본 구간 39~58 전체의 밀림이 없다,구간확정(미검증)
S3,41,네이티브,사용자 확인(대부분 8/14 영상 눈판독) — S3 의 39·40·41·42·43·44 외 14 번이 맞았다. 번호는 단조라 그 점이 맞으면 못 본 구간 39~58 전체의 밀림이 없다,구간확정(미검증)
S3,42,야근,사용자 확인(대부분 8/14 영상 눈판독) — S3 의 39·40·41·42·43·44 외 14 번이 맞았다. 번호는 단조라 그 점이 맞으면 못 본 구간 39~58 전체의 밀림이 없다,구간확정(미검증)
S3,43,파반느,사용자 확인(대부분 8/14 영상 눈판독) — S3 의 39·40·41·42·43·44 외 14 번이 맞았다. 번호는 단조라 그 점이 맞으면 못 본 구간 39~58 전체의 밀림이 없다,구간확정(미검증)
S3,44,팬텀 -인터메조-,사용자 확인(대부분 8/14 영상 눈판독) — S3 의 39·40·41·42·43·44 외 14 번이 맞았다. 번호는 단조라 그 점이 맞으면 못 본 구간 39~58 전체의 밀림이 없다,구간확정(미검증)
S3,45,블레이즈 이모션,사용자 확인(대부분 8/14 영상 눈판독) — S3 의 39·40·41·42·43·44 외 14 번이 맞았다. 번호는 단조라 그 점이 맞으면 못 본 구간 39~58 전체의 밀림이 없다,구간확정(미검증)
S3,46,사람들은 몰랐다네,사용자 확인(대부분 8/14 영상 눈판독) — S3 의 39·40·41·42·43·44 외 14 번이 맞았다. 번호는 단조라 그 점이 맞으면 못 본 구간 39~58 전체의 밀림이 없다,구간확정(미검증)
S3,47,케이.오.에이 : 엘리스 인 원더월드,사용자 확인(대부분 8/14 영상 눈판독) — S3 의 39·40·41·42·43·44 외 14 번이 맞았다. 번호는 단조라 그 점이 맞으면 못 본 구간 39~58 전체의 밀림이 없다,구간확정(미검증)
S3,48,파이널 오디션 에피소드 2-X,사용자 확인(대부분 8/14 영상 눈판독) — S3 의 39·40·41·42·43·44 외 14 번이 맞았다. 번호는 단조라 그 점이 맞으면 못 본 구간 39~58 전체의 밀림이 없다,구간확정(미검증)
S3,49,펌트리스 8비트 ver.,사용자 확인(대부분 8/14 영상 눈판독) — S3 의 39·40·41·42·43·44 외 14 번이 맞았다. 번호는 단조라 그 점이 맞으면 못 본 구간 39~58 전체의 밀림이 없다,구간확정(미검증)
S3,50,펌트리스 꽈뜨로,사용자 확인(대부분 8/14 영상 눈판독) — S3 의 39·40·41·42·43·44 외 14 번이 맞았다. 번호는 단조라 그 점이 맞으면 못 본 구간 39~58 전체의 밀림이 없다,구간확정(미검증)
S3,51,기타 맨,사용자 확인(대부분 8/14 영상 눈판독) — S3 의 39·40·41·42·43·44 외 14 번이 맞았다. 번호는 단조라 그 점이 맞으면 못 본 구간 39~58 전체의 밀림이 없다,구간확정(미검증)
S3,52,사랑가 2006,사용자 확인(대부분 8/14 영상 눈판독) — S3 의 39·40·41·42·43·44 외 14 번이 맞았다. 번호는 단조라 그 점이 맞으면 못 본 구간 39~58 전체의 밀림이 없다,구간확정(미검증)
S3,53,미운 오리 새끼,사용자 확인(대부분 8/14 영상 눈판독) — S3 의 39·40·41·42·43·44 외 14 번이 맞았다. 번호는 단조라 그 점이 맞으면 못 본 구간 39~58 전체의 밀림이 없다,구간확정(미검증)
S3,54,파이널 오디션 에피소드 2-1,사용자 확인(대부분 8/14 영상 눈판독) — S3 의 39·40·41·42·43·44 외 14 번이 맞았다. 번호는 단조라 그 점이 맞으면 못 본 구간 39~58 전체의 밀림이 없다,구간확정(미검증)
S3,55,제이 봉,사용자 확인(대부분 8/14 영상 눈판독) — S3 의 39·40·41·42·43·44 외 14 번이 맞았다. 번호는 단조라 그 점이 맞으면 못 본 구간 39~58 전체의 밀림이 없다,구간확정(미검증)
S3,56,캐논 디,사용자 확인(대부분 8/14 영상 눈판독) — S3 의 39·40·41·42·43·44 외 14 번이 맞았다. 번호는 단조라 그 점이 맞으면 못 본 구간 39~58 전체의 밀림이 없다,구간확정(미검증)
S3,57,펌프 미 아마데우스,사용자 확인(대부분 8/14 영상 눈판독) — S3 의 39·40·41·42·43·44 외 14 번이 맞았다. 번호는 단조라 그 점이 맞으면 못 본 구간 39~58 전체의 밀림이 없다,구간확정(미검증)
S3,58,비트 오브 더 워,사용자 확인(대부분 8/14 영상 눈판독) — S3 의 39·40·41·42·43·44 외 14 번이 맞았다. 번호는 단조라 그 점이 맞으면 못 본 구간 39~58 전체의 밀림이 없다,구간확정(미검증)
S3,64,롤링 크리스마스,사용자 확인(대부분 8/14 영상 눈판독) — S3 의 64·65·66·67·68·69 외 15 번이 맞았다. 번호는 단조라 그 점이 맞으면 못 본 구간 64~85 전체의 밀림이 없다,구간확정(미검증)
S3,65,올 아이 원트 포 크리스마스,사용자 확인(대부분 8/14 영상 눈판독) — S3 의 64·65·66·67·68·69 외 15 번이 맞았다. 번호는 단조라 그 점이 맞으면 못 본 구간 64~85 전체의 밀림이 없다,구간확정(미검증)
S3,66,미스터 라푸스,사용자 확인(대부분 8/14 영상 눈판독) — S3 의 64·65·66·67·68·69 외 15 번이 맞았다. 번호는 단조라 그 점이 맞으면 못 본 구간 64~85 전체의 밀림이 없다,구간확정(미검증)
S3,67,터키 행진곡,사용자 확인(대부분 8/14 영상 눈판독) — S3 의 64·65·66·67·68·69 외 15 번이 맞았다. 번호는 단조라 그 점이 맞으면 못 본 구간 64~85 전체의 밀림이 없다,구간확정(미검증)
S3,68,악몽,사용자 확인(대부분 8/14 영상 눈판독) — S3 의 64·65·66·67·68·69 외 15 번이 맞았다. 번호는 단조라 그 점이 맞으면 못 본 구간 64~85 전체의 밀림이 없다,구간확정(미검증)
S3,69,에모모모,사용자 확인(대부분 8/14 영상 눈판독) — S3 의 64·65·66·67·68·69 외 15 번이 맞았다. 번호는 단조라 그 점이 맞으면 못 본 구간 64~85 전체의 밀림이 없다,구간확정(미검증)
S3,70,슬랩스틱 파르페,사용자 확인(대부분 8/14 영상 눈판독) — S3 의 64·65·66·67·68·69 외 15 번이 맞았다. 번호는 단조라 그 점이 맞으면 못 본 구간 64~85 전체의 밀림이 없다,구간확정(미검증)
S3,71,라라,사용자 확인(대부분 8/14 영상 눈판독) — S3 의 64·65·66·67·68·69 외 15 번이 맞았다. 번호는 단조라 그 점이 맞으면 못 본 구간 64~85 전체의 밀림이 없다,구간확정(미검증)
S3,72,브레인 파워,사용자 확인(대부분 8/14 영상 눈판독) — S3 의 64·65·66·67·68·69 외 15 번이 맞았다. 번호는 단조라 그 점이 맞으면 못 본 구간 64~85 전체의 밀림이 없다,구간확정(미검증)
S3,73,허쉬,사용자 확인(대부분 8/14 영상 눈판독) — S3 의 64·65·66·67·68·69 외 15 번이 맞았다. 번호는 단조라 그 점이 맞으면 못 본 구간 64~85 전체의 밀림이 없다,구간확정(미검증)
S3,74,셀피쉬니스,사용자 확인(대부분 8/14 영상 눈판독) — S3 의 64·65·66·67·68·69 외 15 번이 맞았다. 번호는 단조라 그 점이 맞으면 못 본 구간 64~85 전체의 밀림이 없다,구간확정(미검증)
S3,75,아마이 유우와쿠 데인저러스,사용자 확인(대부분 8/14 영상 눈판독) — S3 의 64·65·66·67·68·69 외 15 번이 맞았다. 번호는 단조라 그 점이 맞으면 못 본 구간 64~85 전체의 밀림이 없다,구간확정(미검증)
S3,76,요로피쿠 피쿠요로!,사용자 확인(대부분 8/14 영상 눈판독) — S3 의 64·65·66·67·68·69 외 15 번이 맞았다. 번호는 단조라 그 점이 맞으면 못 본 구간 64~85 전체의 밀림이 없다,구간확정(미검증)
S3,77,배드 애플!! feat. Nomico,사용자 확인(대부분 8/14 영상 눈판독) — S3 의 64·65·66·67·68·69 외 15 번이 맞았다. 번호는 단조라 그 점이 맞으면 못 본 구간 64~85 전체의 밀림이 없다,구간확정(미검증)
S3,78,모노리스,사용자 확인(대부분 8/14 영상 눈판독) — S3 의 64·65·66·67·68·69 외 15 번이 맞았다. 번호는 단조라 그 점이 맞으면 못 본 구간 64~85 전체의 밀림이 없다,구간확정(미검증)
S3,79,레이디버그,사용자 확인(대부분 8/14 영상 눈판독) — S3 의 64·65·66·67·68·69 외 15 번이 맞았다. 번호는 단조라 그 점이 맞으면 못 본 구간 64~85 전체의 밀림이 없다,구간확정(미검증)
S3,80,키티 캣,사용자 확인(대부분 8/14 영상 눈판독) — S3 의 64·65·66·67·68·69 외 15 번이 맞았다. 번호는 단조라 그 점이 맞으면 못 본 구간 64~85 전체의 밀림이 없다,구간확정(미검증)
S3,81,슈샤,사용자 확인(대부분 8/14 영상 눈판독) — S3 의 64·65·66·67·68·69 외 15 번이 맞았다. 번호는 단조라 그 점이 맞으면 못 본 구간 64~85 전체의 밀림이 없다,구간확정(미검증)
S3,82,스타 커맨드,사용자 확인(대부분 8/14 영상 눈판독) — S3 의 64·65·66·67·68·69 외 15 번이 맞았다. 번호는 단조라 그 점이 맞으면 못 본 구간 64~85 전체의 밀림이 없다,구간확정(미검증)
S3,83,왓 해픈드,사용자 확인(대부분 8/14 영상 눈판독) — S3 의 64·65·66·67·68·69 외 15 번이 맞았다. 번호는 단조라 그 점이 맞으면 못 본 구간 64~85 전체의 밀림이 없다,구간확정(미검증)
S3,84,엑스 레이브,사용자 확인(대부분 8/14 영상 눈판독) — S3 의 64·65·66·67·68·69 외 15 번이 맞았다. 번호는 단조라 그 점이 맞으면 못 본 구간 64~85 전체의 밀림이 없다,구간확정(미검증)
S3,85,스멜스 라이크 어 초콜릿,사용자 확인(대부분 8/14 영상 눈판독) — S3 의 64·65·66·67·68·69 외 15 번이 맞았다. 번호는 단조라 그 점이 맞으면 못 본 구간 64~85 전체의 밀림이 없다,구간확정(미검증)
S4,9,또다른 진심,사용자 확인(대부분 8/14 영상 눈판독) — S4 의 9·10·11·12·30 번이 맞았다. 번호는 단조라 그 점이 맞으면 못 본 구간 9~30 전체의 밀림이 없다,구간확정
S4,10,응징 레스토랑,사용자 확인(대부분 8/14 영상 눈판독) — S4 의 9·10·11·12·30 번이 맞았다. 번호는 단조라 그 점이 맞으면 못 본 구간 9~30 전체의 밀림이 없다,구간확정
S4,11,하이웨이 체이서,사용자 확인(대부분 8/14 영상 눈판독) — S4 의 9·10·11·12·30 번이 맞았다. 번호는 단조라 그 점이 맞으면 못 본 구간 9~30 전체의 밀림이 없다,구간확정
S4,12,이터널 유니버스,사용자 확인(대부분 8/14 영상 눈판독) — S4 의 9·10·11·12·30 번이 맞았다. 번호는 단조라 그 점이 맞으면 못 본 구간 9~30 전체의 밀림이 없다,구간확정
S4,13,얼티밋 아이즈,사용자 확인(대부분 8/14 영상 눈판독) — S4 의 9·10·11·12·30 번이 맞았다. 번호는 단조라 그 점이 맞으면 못 본 구간 9~30 전체의 밀림이 없다,구간확정
S4,14,냥-턴 (feat. KuTiNA),사용자 확인(대부분 8/14 영상 눈판독) — S4 의 9·10·11·12·30 번이 맞았다. 번호는 단조라 그 점이 맞으면 못 본 구간 9~30 전체의 밀림이 없다,구간확정
S4,15,더 아포칼립스,사용자 확인(대부분 8/14 영상 눈판독) — S4 의 9·10·11·12·30 번이 맞았다. 번호는 단조라 그 점이 맞으면 못 본 구간 9~30 전체의 밀림이 없다,구간확정
S4,16,추격,사용자 확인(대부분 8/14 영상 눈판독) — S4 의 9·10·11·12·30 번이 맞았다. 번호는 단조라 그 점이 맞으면 못 본 구간 9~30 전체의 밀림이 없다,구간확정
S4,17,"사이먼 세이즈, 유로댄스!! (feat. Sara☆M)",사용자 확인(대부분 8/14 영상 눈판독) — S4 의 9·10·11·12·30 번이 맞았다. 번호는 단조라 그 점이 맞으면 못 본 구간 9~30 전체의 밀림이 없다,구간확정
S4,18,소닉 붐,사용자 확인(대부분 8/14 영상 눈판독) — S4 의 9·10·11·12·30 번이 맞았다. 번호는 단조라 그 점이 맞으면 못 본 구간 9~30 전체의 밀림이 없다,구간확정
S4,19,에렌델,사용자 확인(대부분 8/14 영상 눈판독) — S4 의 9·10·11·12·30 번이 맞았다. 번호는 단조라 그 점이 맞으면 못 본 구간 9~30 전체의 밀림이 없다,구간확정
S4,20,아테나의 방패,사용자 확인(대부분 8/14 영상 눈판독) — S4 의 9·10·11·12·30 번이 맞았다. 번호는 단조라 그 점이 맞으면 못 본 구간 9~30 전체의 밀림이 없다,구간확정
S4,21,위더 가든,사용자 확인(대부분 8/14 영상 눈판독) — S4 의 9·10·11·12·30 번이 맞았다. 번호는 단조라 그 점이 맞으면 못 본 구간 9~30 전체의 밀림이 없다,구간확정
S4,22,웨딩 크래셔,사용자 확인(대부분 8/14 영상 눈판독) — S4 의 9·10·11·12·30 번이 맞았다. 번호는 단조라 그 점이 맞으면 못 본 구간 9~30 전체의 밀림이 없다,구간확정
S4,23,슈가 플럼,사용자 확인(대부분 8/14 영상 눈판독) — S4 의 9·10·11·12·30 번이 맞았다. 번호는 단조라 그 점이 맞으면 못 본 구간 9~30 전체의 밀림이 없다,구간확정
S4,24,마카롱 데이,사용자 확인(대부분 8/14 영상 눈판독) — S4 의 9·10·11·12·30 번이 맞았다. 번호는 단조라 그 점이 맞으면 못 본 구간 9~30 전체의 밀림이 없다,구간확정
S4,25,아이스 오브 데스,사용자 확인(대부분 8/14 영상 눈판독) — S4 의 9·10·11·12·30 번이 맞았다. 번호는 단조라 그 점이 맞으면 못 본 구간 9~30 전체의 밀림이 없다,구간확정
S4,26,오르비트 스테빌라이저,사용자 확인(대부분 8/14 영상 눈판독) — S4 의 9·10·11·12·30 번이 맞았다. 번호는 단조라 그 점이 맞으면 못 본 구간 9~30 전체의 밀림이 없다,구간확정
S4,27,탄탄멘,사용자 확인(대부분 8/14 영상 눈판독) — S4 의 9·10·11·12·30 번이 맞았다. 번호는 단조라 그 점이 맞으면 못 본 구간 9~30 전체의 밀림이 없다,구간확정
S4,28,아마겟돈,사용자 확인(대부분 8/14 영상 눈판독) — S4 의 9·10·11·12·30 번이 맞았다. 번호는 단조라 그 점이 맞으면 못 본 구간 9~30 전체의 밀림이 없다,구간확정
S4,29,시그너스,사용자 확인(대부분 8/14 영상 눈판독) — S4 의 9·10·11·12·30 번이 맞았다. 번호는 단조라 그 점이 맞으면 못 본 구간 9~30 전체의 밀림이 없다,구간확정
S4,30,트로피카닉,사용자 확인(대부분 8/14 영상 눈판독) — S4 의 9·10·11·12·30 번이 맞았다. 번호는 단조라 그 점이 맞으면 못 본 구간 9~30 전체의 밀림이 없다,구간확정
S4,36,아르카나 포스,사용자 확인(대부분 8/14 영상 눈판독) — S4 의 36 번이 맞았다. 번호는 단조라 그 점이 맞으면 못 본 구간 36~36 전체의 밀림이 없다,구간확정
S4,42,실루엣 이펙트,사용자 확인(대부분 8/14 영상 눈판독) — S4 의 43·44 번이 맞았다. 번호는 단조라 그 점이 맞으면 못 본 구간 42~44 전체의 밀림이 없다,구간확정
S4,43,차이니즈 레스토랑,사용자 확인(대부분 8/14 영상 눈판독) — S4 의 43·44 번이 맞았다. 번호는 단조라 그 점이 맞으면 못 본 구간 42~44 전체의 밀림이 없다,구간확정
S4,44,아발란치,사용자 확인(대부분 8/14 영상 눈판독) — S4 의 43·44 번이 맞았다. 번호는 단조라 그 점이 맞으면 못 본 구간 42~44 전체의 밀림이 없다,구간확정
S4,50,슈퍼 판타지,사용자 확인(대부분 8/14 영상 눈판독) — S4 의 59 번이 맞았다. 번호는 단조라 그 점이 맞으면 못 본 구간 50~59 전체의 밀림이 없다,구간확정
S4,51,바이올렛 퍼퓸,사용자 확인(대부분 8/14 영상 눈판독) — S4 의 59 번이 맞았다. 번호는 단조라 그 점이 맞으면 못 본 구간 50~59 전체의 밀림이 없다,구간확정
S4,52,레드 스완,사용자 확인(대부분 8/14 영상 눈판독) — S4 의 59 번이 맞았다. 번호는 단조라 그 점이 맞으면 못 본 구간 50~59 전체의 밀림이 없다,구간확정
S4,53,알레그로 피유 모쏘,사용자 확인(대부분 8/14 영상 눈판독) — S4 의 59 번이 맞았다. 번호는 단조라 그 점이 맞으면 못 본 구간 50~59 전체의 밀림이 없다,구간확정
S4,54,캄파넬라,사용자 확인(대부분 8/14 영상 눈판독) — S4 의 59 번이 맞았다. 번호는 단조라 그 점이 맞으면 못 본 구간 50~59 전체의 밀림이 없다,구간확정
S4,55,레미니센스,사용자 확인(대부분 8/14 영상 눈판독) — S4 의 59 번이 맞았다. 번호는 단조라 그 점이 맞으면 못 본 구간 50~59 전체의 밀림이 없다,구간확정
S4,56,엘리제,사용자 확인(대부분 8/14 영상 눈판독) — S4 의 59 번이 맞았다. 번호는 단조라 그 점이 맞으면 못 본 구간 50~59 전체의 밀림이 없다,구간확정
S4,57,엑시던트,사용자 확인(대부분 8/14 영상 눈판독) — S4 의 59 번이 맞았다. 번호는 단조라 그 점이 맞으면 못 본 구간 50~59 전체의 밀림이 없다,구간확정
S4,58,디,사용자 확인(대부분 8/14 영상 눈판독) — S4 의 59 번이 맞았다. 번호는 단조라 그 점이 맞으면 못 본 구간 50~59 전체의 밀림이 없다,구간확정
S4,59,루시드(PIU Edit),사용자 확인(대부분 8/14 영상 눈판독) — S4 의 59 번이 맞았다. 번호는 단조라 그 점이 맞으면 못 본 구간 50~59 전체의 밀림이 없다,구간확정
S4,65,오버블로우,사용자 확인(대부분 8/14 영상 눈판독) — S4 의 65·66·67·68 번이 맞았다. 번호는 단조라 그 점이 맞으면 못 본 구간 65~87 전체의 밀림이 없다,구간확정
S4,66,헝가리 무곡 V,사용자 확인(대부분 8/14 영상 눈판독) — S4 의 65·66·67·68 번이 맞았다. 번호는 단조라 그 점이 맞으면 못 본 구간 65~87 전체의 밀림이 없다,구간확정
S4,67,마왕,사용자 확인(대부분 8/14 영상 눈판독) — S4 의 65·66·67·68 번이 맞았다. 번호는 단조라 그 점이 맞으면 못 본 구간 65~87 전체의 밀림이 없다,구간확정
S4,68,조나단의 꿈,사용자 확인(대부분 8/14 영상 눈판독) — S4 의 65·66·67·68 번이 맞았다. 번호는 단조라 그 점이 맞으면 못 본 구간 65~87 전체의 밀림이 없다,구간확정
S4,69,소서리스 엘리제,사용자 확인(대부분 8/14 영상 눈판독) — S4 의 65·66·67·68 번이 맞았다. 번호는 단조라 그 점이 맞으면 못 본 구간 65~87 전체의 밀림이 없다,구간확정
S4,70,사랑가 -2막-,사용자 확인(대부분 8/14 영상 눈판독) — S4 의 65·66·67·68 번이 맞았다. 번호는 단조라 그 점이 맞으면 못 본 구간 65~87 전체의 밀림이 없다,구간확정
S4,71,데스티네이션,사용자 확인(대부분 8/14 영상 눈판독) — S4 의 65·66·67·68 번이 맞았다. 번호는 단조라 그 점이 맞으면 못 본 구간 65~87 전체의 밀림이 없다,구간확정
S4,72,제네시스,사용자 확인(대부분 8/14 영상 눈판독) — S4 의 65·66·67·68 번이 맞았다. 번호는 단조라 그 점이 맞으면 못 본 구간 65~87 전체의 밀림이 없다,구간확정
S4,73,테크 -클럽 코펜하겐-,사용자 확인(대부분 8/14 영상 눈판독) — S4 의 65·66·67·68 번이 맞았다. 번호는 단조라 그 점이 맞으면 못 본 구간 65~87 전체의 밀림이 없다,구간확정
S4,74,안녕 윌리엄,사용자 확인(대부분 8/14 영상 눈판독) — S4 의 65·66·67·68 번이 맞았다. 번호는 단조라 그 점이 맞으면 못 본 구간 65~87 전체의 밀림이 없다,구간확정
S4,75,터키 행진곡 -미니멀튠즈-,사용자 확인(대부분 8/14 영상 눈판독) — S4 의 65·66·67·68 번이 맞았다. 번호는 단조라 그 점이 맞으면 못 본 구간 65~87 전체의 밀림이 없다,구간확정
S4,76,겟 업 (앤 고),사용자 확인(대부분 8/14 영상 눈판독) — S4 의 65·66·67·68 번이 맞았다. 번호는 단조라 그 점이 맞으면 못 본 구간 65~87 전체의 밀림이 없다,구간확정
S4,77,펌핑 점핑,사용자 확인(대부분 8/14 영상 눈판독) — S4 의 65·66·67·68 번이 맞았다. 번호는 단조라 그 점이 맞으면 못 본 구간 65~87 전체의 밀림이 없다,구간확정
S4,78,테프리스,사용자 확인(대부분 8/14 영상 눈판독) — S4 의 65·66·67·68 번이 맞았다. 번호는 단조라 그 점이 맞으면 못 본 구간 65~87 전체의 밀림이 없다,구간확정
S4,79,캐논 X.1,사용자 확인(대부분 8/14 영상 눈판독) — S4 의 65·66·67·68 번이 맞았다. 번호는 단조라 그 점이 맞으면 못 본 구간 65~87 전체의 밀림이 없다,구간확정
S4,80,디제이 오타다,사용자 확인(대부분 8/14 영상 눈판독) — S4 의 65·66·67·68 번이 맞았다. 번호는 단조라 그 점이 맞으면 못 본 구간 65~87 전체의 밀림이 없다,구간확정
S4,81,마이 드림즈,사용자 확인(대부분 8/14 영상 눈판독) — S4 의 65·66·67·68 번이 맞았다. 번호는 단조라 그 점이 맞으면 못 본 구간 65~87 전체의 밀림이 없다,구간확정
S4,82,토카타,사용자 확인(대부분 8/14 영상 눈판독) — S4 의 65·66·67·68 번이 맞았다. 번호는 단조라 그 점이 맞으면 못 본 구간 65~87 전체의 밀림이 없다,구간확정
S4,83,비트 더 고스트,사용자 확인(대부분 8/14 영상 눈판독) — S4 의 65·66·67·68 번이 맞았다. 번호는 단조라 그 점이 맞으면 못 본 구간 65~87 전체의 밀림이 없다,구간확정
S4,84,카프리스 오브 오타다,사용자 확인(대부분 8/14 영상 눈판독) — S4 의 65·66·67·68 번이 맞았다. 번호는 단조라 그 점이 맞으면 못 본 구간 65~87 전체의 밀림이 없다,구간확정
S4,85,몽키 핑거즈 2,사용자 확인(대부분 8/14 영상 눈판독) — S4 의 65·66·67·68 번이 맞았다. 번호는 단조라 그 점이 맞으면 못 본 구간 65~87 전체의 밀림이 없다,구간확정
S4,86,패스터 Z,사용자 확인(대부분 8/14 영상 눈판독) — S4 의 65·66·67·68 번이 맞았다. 번호는 단조라 그 점이 맞으면 못 본 구간 65~87 전체의 밀림이 없다,구간확정
S4,87,키메라,사용자 확인(대부분 8/14 영상 눈판독) — S4 의 65·66·67·68 번이 맞았다. 번호는 단조라 그 점이 맞으면 못 본 구간 65~87 전체의 밀림이 없다,구간확정
S4,93,위치 닥터,사용자 확인(대부분 8/14 영상 눈판독) — S4 의 93·94·95·96·112 번이 맞았다. 번호는 단조라 그 점이 맞으면 못 본 구간 93~112 전체의 밀림이 없다,구간확정
S4,94,러브 이즈 어 데인저 존 pt.2,사용자 확인(대부분 8/14 영상 눈판독) — S4 의 93·94·95·96·112 번이 맞았다. 번호는 단조라 그 점이 맞으면 못 본 구간 93~112 전체의 밀림이 없다,구간확정
S4,95,파파 곤잘레스,사용자 확인(대부분 8/14 영상 눈판독) — S4 의 93·94·95·96·112 번이 맞았다. 번호는 단조라 그 점이 맞으면 못 본 구간 93~112 전체의 밀림이 없다,구간확정
S4,96,점프,사용자 확인(대부분 8/14 영상 눈판독) — S4 의 93·94·95·96·112 번이 맞았다. 번호는 단조라 그 점이 맞으면 못 본 구간 93~112 전체의 밀림이 없다,구간확정
S4,97,무혼 2,사용자 확인(대부분 8/14 영상 눈판독) — S4 의 93·94·95·96·112 번이 맞았다. 번호는 단조라 그 점이 맞으면 못 본 구간 93~112 전체의 밀림이 없다,구간확정
S4,98,몽키 핑거즈,사용자 확인(대부분 8/14 영상 눈판독) — S4 의 93·94·95·96·112 번이 맞았다. 번호는 단조라 그 점이 맞으면 못 본 구간 93~112 전체의 밀림이 없다,구간확정
S4,99,블레이징,사용자 확인(대부분 8/14 영상 눈판독) — S4 의 93·94·95·96·112 번이 맞았다. 번호는 단조라 그 점이 맞으면 못 본 구간 93~112 전체의 밀림이 없다,구간확정
S4,100,컴 투 미,사용자 확인(대부분 8/14 영상 눈판독) — S4 의 93·94·95·96·112 번이 맞았다. 번호는 단조라 그 점이 맞으면 못 본 구간 93~112 전체의 밀림이 없다,구간확정
S4,101,겟 유어 그루브 온,사용자 확인(대부분 8/14 영상 눈판독) — S4 의 93·94·95·96·112 번이 맞았다. 번호는 단조라 그 점이 맞으면 못 본 구간 93~112 전체의 밀림이 없다,구간확정
S4,102,러브 이즈 어 데인저 존,사용자 확인(대부분 8/14 영상 눈판독) — S4 의 93·94·95·96·112 번이 맞았다. 번호는 단조라 그 점이 맞으면 못 본 구간 93~112 전체의 밀림이 없다,구간확정
S4,103,마이웨이,사용자 확인(대부분 8/14 영상 눈판독) — S4 의 93·94·95·96·112 번이 맞았다. 번호는 단조라 그 점이 맞으면 못 본 구간 93~112 전체의 밀림이 없다,구간확정
S4,104,탑 시티,사용자 확인(대부분 8/14 영상 눈판독) — S4 의 93·94·95·96·112 번이 맞았다. 번호는 단조라 그 점이 맞으면 못 본 구간 93~112 전체의 밀림이 없다,구간확정
S4,105,윈터,사용자 확인(대부분 8/14 영상 눈판독) — S4 의 93·94·95·96·112 번이 맞았다. 번호는 단조라 그 점이 맞으면 못 본 구간 93~112 전체의 밀림이 없다,구간확정
S4,106,틸 디 엔드 오브 타임,사용자 확인(대부분 8/14 영상 눈판독) — S4 의 93·94·95·96·112 번이 맞았다. 번호는 단조라 그 점이 맞으면 못 본 구간 93~112 전체의 밀림이 없다,구간확정
S4,107,오이 오이 오이,사용자 확인(대부분 8/14 영상 눈판독) — S4 의 93·94·95·96·112 번이 맞았다. 번호는 단조라 그 점이 맞으면 못 본 구간 93~112 전체의 밀림이 없다,구간확정
S4,108,위 윌 밋 어게인,사용자 확인(대부분 8/14 영상 눈판독) — S4 의 93·94·95·96·112 번이 맞았다. 번호는 단조라 그 점이 맞으면 못 본 구간 93~112 전체의 밀림이 없다,구간확정
S4,109,셋 미 업,사용자 확인(대부분 8/14 영상 눈판독) — S4 의 93·94·95·96·112 번이 맞았다. 번호는 단조라 그 점이 맞으면 못 본 구간 93~112 전체의 밀림이 없다,구간확정
S4,110,댄스 위드 미,사용자 확인(대부분 8/14 영상 눈판독) — S4 의 93·94·95·96·112 번이 맞았다. 번호는 단조라 그 점이 맞으면 못 본 구간 93~112 전체의 밀림이 없다,구간확정
S4,111,우편마차,사용자 확인(대부분 8/14 영상 눈판독) — S4 의 93·94·95·96·112 번이 맞았다. 번호는 단조라 그 점이 맞으면 못 본 구간 93~112 전체의 밀림이 없다,구간확정
S4,112,치킨 윙,사용자 확인(대부분 8/14 영상 눈판독) — S4 의 93·94·95·96·112 번이 맞았다. 번호는 단조라 그 점이 맞으면 못 본 구간 93~112 전체의 밀림이 없다,구간확정
S4,118,퍼페츄얼,사용자 확인(대부분 8/14 영상 눈판독) — S4 의 118·119·120·121·122·123 외 5 번이 맞았다. 번호는 단조라 그 점이 맞으면 못 본 구간 118~138 전체의 밀림이 없다,구간확정
S4,119,갤럭시 컬랩스,사용자 확인(대부분 8/14 영상 눈판독) — S4 의 118·119·120·121·122·123 외 5 번이 맞았다. 번호는 단조라 그 점이 맞으면 못 본 구간 118~138 전체의 밀림이 없다,구간확정
S4,120,굿바운스,사용자 확인(대부분 8/14 영상 눈판독) — S4 의 118·119·120·121·122·123 외 5 번이 맞았다. 번호는 단조라 그 점이 맞으면 못 본 구간 118~138 전체의 밀림이 없다,구간확정
S4,121,플래시 아웃,사용자 확인(대부분 8/14 영상 눈판독) — S4 의 118·119·120·121·122·123 외 5 번이 맞았다. 번호는 단조라 그 점이 맞으면 못 본 구간 118~138 전체의 밀림이 없다,구간확정
S4,122,솔저스 (TANO*C W TEAM RED ANTHEM),사용자 확인(대부분 8/14 영상 눈판독) — S4 의 118·119·120·121·122·123 외 5 번이 맞았다. 번호는 단조라 그 점이 맞으면 못 본 구간 118~138 전체의 밀림이 없다,구간확정
S4,123,호랑풍류가,사용자 확인(대부분 8/14 영상 눈판독) — S4 의 118·119·120·121·122·123 외 5 번이 맞았다. 번호는 단조라 그 점이 맞으면 못 본 구간 118~138 전체의 밀림이 없다,구간확정
S4,124,천년이 지나서,사용자 확인(대부분 8/14 영상 눈판독) — S4 의 118·119·120·121·122·123 외 5 번이 맞았다. 번호는 단조라 그 점이 맞으면 못 본 구간 118~138 전체의 밀림이 없다,구간확정
S4,125,라이프 이즈 피아노,사용자 확인(대부분 8/14 영상 눈판독) — S4 의 118·119·120·121·122·123 외 5 번이 맞았다. 번호는 단조라 그 점이 맞으면 못 본 구간 118~138 전체의 밀림이 없다,구간확정
S4,126,크로스 레이 (feat. 月下Lia),사용자 확인(대부분 8/14 영상 눈판독) — S4 의 118·119·120·121·122·123 외 5 번이 맞았다. 번호는 단조라 그 점이 맞으면 못 본 구간 118~138 전체의 밀림이 없다,구간확정
S4,127,코스미컬 리듬,사용자 확인(대부분 8/14 영상 눈판독) — S4 의 118·119·120·121·122·123 외 5 번이 맞았다. 번호는 단조라 그 점이 맞으면 못 본 구간 118~138 전체의 밀림이 없다,구간확정
S4,128,마타도르,사용자 확인(대부분 8/14 영상 눈판독) — S4 의 118·119·120·121·122·123 외 5 번이 맞았다. 번호는 단조라 그 점이 맞으면 못 본 구간 118~138 전체의 밀림이 없다,구간확정
S4,129,필 마이 해피니스,사용자 확인(대부분 8/14 영상 눈판독) — S4 의 118·119·120·121·122·123 외 5 번이 맞았다. 번호는 단조라 그 점이 맞으면 못 본 구간 118~138 전체의 밀림이 없다,구간확정
S4,130,까랴위사따,사용자 확인(대부분 8/14 영상 눈판독) — S4 의 118·119·120·121·122·123 외 5 번이 맞았다. 번호는 단조라 그 점이 맞으면 못 본 구간 118~138 전체의 밀림이 없다,구간확정
S4,131,스타더스트 오버드라이브,사용자 확인(대부분 8/14 영상 눈판독) — S4 의 118·119·120·121·122·123 외 5 번이 맞았다. 번호는 단조라 그 점이 맞으면 못 본 구간 118~138 전체의 밀림이 없다,구간확정
S4,132,임프린팅,사용자 확인(대부분 8/14 영상 눈판독) — S4 의 118·119·120·121·122·123 외 5 번이 맞았다. 번호는 단조라 그 점이 맞으면 못 본 구간 118~138 전체의 밀림이 없다,구간확정
S4,133,서든 로맨스 [PIU Edit],사용자 확인(대부분 8/14 영상 눈판독) — S4 의 118·119·120·121·122·123 외 5 번이 맞았다. 번호는 단조라 그 점이 맞으면 못 본 구간 118~138 전체의 밀림이 없다,구간확정
S4,134,미토츠다이라,사용자 확인(대부분 8/14 영상 눈판독) — S4 의 118·119·120·121·122·123 외 5 번이 맞았다. 번호는 단조라 그 점이 맞으면 못 본 구간 118~138 전체의 밀림이 없다,구간확정
S4,135,스마일 다이어리,사용자 확인(대부분 8/14 영상 눈판독) — S4 의 118·119·120·121·122·123 외 5 번이 맞았다. 번호는 단조라 그 점이 맞으면 못 본 구간 118~138 전체의 밀림이 없다,구간확정
S4,136,프라임,사용자 확인(대부분 8/14 영상 눈판독) — S4 의 118·119·120·121·122·123 외 5 번이 맞았다. 번호는 단조라 그 점이 맞으면 못 본 구간 118~138 전체의 밀림이 없다,구간확정
S4,137,퀸 오브 더 레드,사용자 확인(대부분 8/14 영상 눈판독) — S4 의 118·119·120·121·122·123 외 5 번이 맞았다. 번호는 단조라 그 점이 맞으면 못 본 구간 118~138 전체의 밀림이 없다,구간확정
S4,138,아이디얼라이즈드 로맨스,사용자 확인(대부분 8/14 영상 눈판독) — S4 의 118·119·120·121·122·123 외 5 번이 맞았다. 번호는 단조라 그 점이 맞으면 못 본 구간 118~138 전체의 밀림이 없다,구간확정
S4,144,유토피아,사용자 확인(대부분 8/14 영상 눈판독) — S4 의 144·145·146·147 번이 맞았다. 번호는 단조라 그 점이 맞으면 못 본 구간 144~147 전체의 밀림이 없다,구간확정
S4,145,가고일,사용자 확인(대부분 8/14 영상 눈판독) — S4 의 144·145·146·147 번이 맞았다. 번호는 단조라 그 점이 맞으면 못 본 구간 144~147 전체의 밀림이 없다,구간확정
S4,146,네크로맨시,사용자 확인(대부분 8/14 영상 눈판독) — S4 의 144·145·146·147 번이 맞았다. 번호는 단조라 그 점이 맞으면 못 본 구간 144~147 전체의 밀림이 없다,구간확정
S4,147,슈퍼☆하라구로☆팝,사용자 확인(대부분 8/14 영상 눈판독) — S4 의 144·145·146·147 번이 맞았다. 번호는 단조라 그 점이 맞으면 못 본 구간 144~147 전체의 밀림이 없다,구간확정
S5,4,비행기,사용자 확인(대부분 8/14 영상 눈판독) — S5 의 4·5·6·7·8·13 번이 맞았다. 번호는 단조라 그 점이 맞으면 못 본 구간 4~13 전체의 밀림이 없다,구간확정
S5,5,노스텔지어,사용자 확인(대부분 8/14 영상 눈판독) — S5 의 4·5·6·7·8·13 번이 맞았다. 번호는 단조라 그 점이 맞으면 못 본 구간 4~13 전체의 밀림이 없다,구간확정
S5,6,조깅,사용자 확인(대부분 8/14 영상 눈판독) — S5 의 4·5·6·7·8·13 번이 맞았다. 번호는 단조라 그 점이 맞으면 못 본 구간 4~13 전체의 밀림이 없다,구간확정
S5,7,날아올라,사용자 확인(대부분 8/14 영상 눈판독) — S5 의 4·5·6·7·8·13 번이 맞았다. 번호는 단조라 그 점이 맞으면 못 본 구간 4~13 전체의 밀림이 없다,구간확정
S5,8,체이스 미,사용자 확인(대부분 8/14 영상 눈판독) — S5 의 4·5·6·7·8·13 번이 맞았다. 번호는 단조라 그 점이 맞으면 못 본 구간 4~13 전체의 밀림이 없다,구간확정
S5,9,슬램,사용자 확인(대부분 8/14 영상 눈판독) — S5 의 4·5·6·7·8·13 번이 맞았다. 번호는 단조라 그 점이 맞으면 못 본 구간 4~13 전체의 밀림이 없다,구간확정
S5,10,사월의 축제,사용자 확인(대부분 8/14 영상 눈판독) — S5 의 4·5·6·7·8·13 번이 맞았다. 번호는 단조라 그 점이 맞으면 못 본 구간 4~13 전체의 밀림이 없다,구간확정
S5,11,유포리아닉,사용자 확인(대부분 8/14 영상 눈판독) — S5 의 4·5·6·7·8·13 번이 맞았다. 번호는 단조라 그 점이 맞으면 못 본 구간 4~13 전체의 밀림이 없다,구간확정
S5,12,데몬 오브 라플라스,사용자 확인(대부분 8/14 영상 눈판독) — S5 의 4·5·6·7·8·13 번이 맞았다. 번호는 단조라 그 점이 맞으면 못 본 구간 4~13 전체의 밀림이 없다,구간확정
S5,13,블루이쉬 로즈,사용자 확인(대부분 8/14 영상 눈판독) — S5 의 4·5·6·7·8·13 번이 맞았다. 번호는 단조라 그 점이 맞으면 못 본 구간 4~13 전체의 밀림이 없다,구간확정
S5,19,라스트 리버스,사용자 확인(대부분 8/14 영상 눈판독) — S5 의 19·20·21·33·34·35 외 9 번이 맞았다. 번호는 단조라 그 점이 맞으면 못 본 구간 19~55 전체의 밀림이 없다,구간확정
S5,20,오버블로우2,사용자 확인(대부분 8/14 영상 눈판독) — S5 의 19·20·21·33·34·35 외 9 번이 맞았다. 번호는 단조라 그 점이 맞으면 못 본 구간 19~55 전체의 밀림이 없다,구간확정
S5,21,앵귀시드 언메이킹,사용자 확인(대부분 8/14 영상 눈판독) — S5 의 19·20·21·33·34·35 외 9 번이 맞았다. 번호는 단조라 그 점이 맞으면 못 본 구간 19~55 전체의 밀림이 없다,구간확정
S5,22,헤이 유,사용자 확인(대부분 8/14 영상 눈판독) — S5 의 19·20·21·33·34·35 외 9 번이 맞았다. 번호는 단조라 그 점이 맞으면 못 본 구간 19~55 전체의 밀림이 없다,구간확정
S5,23,업 앤 업 (Produced by AWAL),사용자 확인(대부분 8/14 영상 눈판독) — S5 의 19·20·21·33·34·35 외 9 번이 맞았다. 번호는 단조라 그 점이 맞으면 못 본 구간 19~55 전체의 밀림이 없다,구간확정
S5,24,메테오라이즈,사용자 확인(대부분 8/14 영상 눈판독) — S5 의 19·20·21·33·34·35 외 9 번이 맞았다. 번호는 단조라 그 점이 맞으면 못 본 구간 19~55 전체의 밀림이 없다,구간확정
S5,25,매드 사이언스,사용자 확인(대부분 8/14 영상 눈판독) — S5 의 19·20·21·33·34·35 외 9 번이 맞았다. 번호는 단조라 그 점이 맞으면 못 본 구간 19~55 전체의 밀림이 없다,구간확정
S5,26,히아신스,사용자 확인(대부분 8/14 영상 눈판독) — S5 의 19·20·21·33·34·35 외 9 번이 맞았다. 번호는 단조라 그 점이 맞으면 못 본 구간 19~55 전체의 밀림이 없다,구간확정
S5,27,무브 댓 바디!,사용자 확인(대부분 8/14 영상 눈판독) — S5 의 19·20·21·33·34·35 외 9 번이 맞았다. 번호는 단조라 그 점이 맞으면 못 본 구간 19~55 전체의 밀림이 없다,구간확정
S5,28,스콜피온 킹,사용자 확인(대부분 8/14 영상 눈판독) — S5 의 19·20·21·33·34·35 외 9 번이 맞았다. 번호는 단조라 그 점이 맞으면 못 본 구간 19~55 전체의 밀림이 없다,구간확정
S5,29,로그인,사용자 확인(대부분 8/14 영상 눈판독) — S5 의 19·20·21·33·34·35 외 9 번이 맞았다. 번호는 단조라 그 점이 맞으면 못 본 구간 19~55 전체의 밀림이 없다,구간확정
S5,30,여래아,사용자 확인(대부분 8/14 영상 눈판독) — S5 의 19·20·21·33·34·35 외 9 번이 맞았다. 번호는 단조라 그 점이 맞으면 못 본 구간 19~55 전체의 밀림이 없다,구간확정
S5,31,위 갓 투 노우,사용자 확인(대부분 8/14 영상 눈판독) — S5 의 19·20·21·33·34·35 외 9 번이 맞았다. 번호는 단조라 그 점이 맞으면 못 본 구간 19~55 전체의 밀림이 없다,구간확정
S5,32,네이티브,사용자 확인(대부분 8/14 영상 눈판독) — S5 의 19·20·21·33·34·35 외 9 번이 맞았다. 번호는 단조라 그 점이 맞으면 못 본 구간 19~55 전체의 밀림이 없다,구간확정
S5,33,테크 -클럽 코펜하겐-,사용자 확인(대부분 8/14 영상 눈판독) — S5 의 19·20·21·33·34·35 외 9 번이 맞았다. 번호는 단조라 그 점이 맞으면 못 본 구간 19~55 전체의 밀림이 없다,구간확정
S5,34,사람들은 몰랐다네,사용자 확인(대부분 8/14 영상 눈판독) — S5 의 19·20·21·33·34·35 외 9 번이 맞았다. 번호는 단조라 그 점이 맞으면 못 본 구간 19~55 전체의 밀림이 없다,구간확정
S5,35,케이.오.에이 : 엘리스 인 원더월드,사용자 확인(대부분 8/14 영상 눈판독) — S5 의 19·20·21·33·34·35 외 9 번이 맞았다. 번호는 단조라 그 점이 맞으면 못 본 구간 19~55 전체의 밀림이 없다,구간확정
S5,36,파이널 오디션 에피소드 2-X,사용자 확인(대부분 8/14 영상 눈판독) — S5 의 19·20·21·33·34·35 외 9 번이 맞았다. 번호는 단조라 그 점이 맞으면 못 본 구간 19~55 전체의 밀림이 없다,구간확정
S5,37,펌트리스 8비트 ver.,사용자 확인(대부분 8/14 영상 눈판독) — S5 의 19·20·21·33·34·35 외 9 번이 맞았다. 번호는 단조라 그 점이 맞으면 못 본 구간 19~55 전체의 밀림이 없다,구간확정
S5,38,아크 오브 다크니스,사용자 확인(대부분 8/14 영상 눈판독) — S5 의 19·20·21·33·34·35 외 9 번이 맞았다. 번호는 단조라 그 점이 맞으면 못 본 구간 19~55 전체의 밀림이 없다,구간확정
S5,39,건락,사용자 확인(대부분 8/14 영상 눈판독) — S5 의 19·20·21·33·34·35 외 9 번이 맞았다. 번호는 단조라 그 점이 맞으면 못 본 구간 19~55 전체의 밀림이 없다,구간확정
S5,40,투우사의 노래,사용자 확인(대부분 8/14 영상 눈판독) — S5 의 19·20·21·33·34·35 외 9 번이 맞았다. 번호는 단조라 그 점이 맞으면 못 본 구간 19~55 전체의 밀림이 없다,구간확정
S5,41,미운 오리 새끼,사용자 확인(대부분 8/14 영상 눈판독) — S5 의 19·20·21·33·34·35 외 9 번이 맞았다. 번호는 단조라 그 점이 맞으면 못 본 구간 19~55 전체의 밀림이 없다,구간확정
S5,42,비트 오브 더 워 2,사용자 확인(대부분 8/14 영상 눈판독) — S5 의 19·20·21·33·34·35 외 9 번이 맞았다. 번호는 단조라 그 점이 맞으면 못 본 구간 19~55 전체의 밀림이 없다,구간확정
S5,43,제이 봉,사용자 확인(대부분 8/14 영상 눈판독) — S5 의 19·20·21·33·34·35 외 9 번이 맞았다. 번호는 단조라 그 점이 맞으면 못 본 구간 19~55 전체의 밀림이 없다,구간확정
S5,44,하이 바이,사용자 확인(대부분 8/14 영상 눈판독) — S5 의 19·20·21·33·34·35 외 9 번이 맞았다. 번호는 단조라 그 점이 맞으면 못 본 구간 19~55 전체의 밀림이 없다,구간확정
S5,45,파이널 오디션 3,사용자 확인(대부분 8/14 영상 눈판독) — S5 의 19·20·21·33·34·35 외 9 번이 맞았다. 번호는 단조라 그 점이 맞으면 못 본 구간 19~55 전체의 밀림이 없다,구간확정
S5,46,엑스트림,사용자 확인(대부분 8/14 영상 눈판독) — S5 의 19·20·21·33·34·35 외 9 번이 맞았다. 번호는 단조라 그 점이 맞으면 못 본 구간 19~55 전체의 밀림이 없다,구간확정
S5,47,겟 업!,사용자 확인(대부분 8/14 영상 눈판독) — S5 의 19·20·21·33·34·35 외 9 번이 맞았다. 번호는 단조라 그 점이 맞으면 못 본 구간 19~55 전체의 밀림이 없다,구간확정
S5,48,디 갱,사용자 확인(대부분 8/14 영상 눈판독) — S5 의 19·20·21·33·34·35 외 9 번이 맞았다. 번호는 단조라 그 점이 맞으면 못 본 구간 19~55 전체의 밀림이 없다,구간확정
S5,49,미션 파서블,사용자 확인(대부분 8/14 영상 눈판독) — S5 의 19·20·21·33·34·35 외 9 번이 맞았다. 번호는 단조라 그 점이 맞으면 못 본 구간 19~55 전체의 밀림이 없다,구간확정
S5,50,펌프 점프,사용자 확인(대부분 8/14 영상 눈판독) — S5 의 19·20·21·33·34·35 외 9 번이 맞았다. 번호는 단조라 그 점이 맞으면 못 본 구간 19~55 전체의 밀림이 없다,구간확정
S5,51,엔,사용자 확인(대부분 8/14 영상 눈판독) — S5 의 19·20·21·33·34·35 외 9 번이 맞았다. 번호는 단조라 그 점이 맞으면 못 본 구간 19~55 전체의 밀림이 없다,구간확정
S5,52,롤링 크리스마스,사용자 확인(대부분 8/14 영상 눈판독) — S5 의 19·20·21·33·34·35 외 9 번이 맞았다. 번호는 단조라 그 점이 맞으면 못 본 구간 19~55 전체의 밀림이 없다,구간확정
S5,53,올 아이 원트 포 크리스마스,사용자 확인(대부분 8/14 영상 눈판독) — S5 의 19·20·21·33·34·35 외 9 번이 맞았다. 번호는 단조라 그 점이 맞으면 못 본 구간 19~55 전체의 밀림이 없다,구간확정
S5,54,사랑가,사용자 확인(대부분 8/14 영상 눈판독) — S5 의 19·20·21·33·34·35 외 9 번이 맞았다. 번호는 단조라 그 점이 맞으면 못 본 구간 19~55 전체의 밀림이 없다,구간확정
S5,55,미스터 라푸스,사용자 확인(대부분 8/14 영상 눈판독) — S5 의 19·20·21·33·34·35 외 9 번이 맞았다. 번호는 단조라 그 점이 맞으면 못 본 구간 19~55 전체의 밀림이 없다,구간확정
S5,62,팝 시퀀스,사용자 확인(대부분 8/14 영상 눈판독) — S5 의 62·63·64·65·66·67 외 1 번이 맞았다. 번호는 단조라 그 점이 맞으면 못 본 구간 62~76 전체의 밀림이 없다,구간확정
S5,63,라라,사용자 확인(대부분 8/14 영상 눈판독) — S5 의 62·63·64·65·66·67 외 1 번이 맞았다. 번호는 단조라 그 점이 맞으면 못 본 구간 62~76 전체의 밀림이 없다,구간확정
S5,64,브레인 파워,사용자 확인(대부분 8/14 영상 눈판독) — S5 의 62·63·64·65·66·67 외 1 번이 맞았다. 번호는 단조라 그 점이 맞으면 못 본 구간 62~76 전체의 밀림이 없다,구간확정
S5,65,허쉬,사용자 확인(대부분 8/14 영상 눈판독) — S5 의 62·63·64·65·66·67 외 1 번이 맞았다. 번호는 단조라 그 점이 맞으면 못 본 구간 62~76 전체의 밀림이 없다,구간확정
S5,66,요로피쿠 피쿠요로!,사용자 확인(대부분 8/14 영상 눈판독) — S5 의 62·63·64·65·66·67 외 1 번이 맞았다. 번호는 단조라 그 점이 맞으면 못 본 구간 62~76 전체의 밀림이 없다,구간확정
S5,67,배드 애플!! feat. Nomico,사용자 확인(대부분 8/14 영상 눈판독) — S5 의 62·63·64·65·66·67 외 1 번이 맞았다. 번호는 단조라 그 점이 맞으면 못 본 구간 62~76 전체의 밀림이 없다,구간확정
S5,68,바로크 바이러스,사용자 확인(대부분 8/14 영상 눈판독) — S5 의 62·63·64·65·66·67 외 1 번이 맞았다. 번호는 단조라 그 점이 맞으면 못 본 구간 62~76 전체의 밀림이 없다,구간확정
S5,69,모노리스,사용자 확인(대부분 8/14 영상 눈판독) — S5 의 62·63·64·65·66·67 외 1 번이 맞았다. 번호는 단조라 그 점이 맞으면 못 본 구간 62~76 전체의 밀림이 없다,구간확정
S5,70,레이디버그,사용자 확인(대부분 8/14 영상 눈판독) — S5 의 62·63·64·65·66·67 외 1 번이 맞았다. 번호는 단조라 그 점이 맞으면 못 본 구간 62~76 전체의 밀림이 없다,구간확정
S5,71,키티 캣,사용자 확인(대부분 8/14 영상 눈판독) — S5 의 62·63·64·65·66·67 외 1 번이 맞았다. 번호는 단조라 그 점이 맞으면 못 본 구간 62~76 전체의 밀림이 없다,구간확정
S5,72,트라이브 어택커,사용자 확인(대부분 8/14 영상 눈판독) — S5 의 62·63·64·65·66·67 외 1 번이 맞았다. 번호는 단조라 그 점이 맞으면 못 본 구간 62~76 전체의 밀림이 없다,구간확정
S5,73,스타 커맨드,사용자 확인(대부분 8/14 영상 눈판독) — S5 의 62·63·64·65·66·67 외 1 번이 맞았다. 번호는 단조라 그 점이 맞으면 못 본 구간 62~76 전체의 밀림이 없다,구간확정
S5,74,알레그로 콘 뿌오코,사용자 확인(대부분 8/14 영상 눈판독) — S5 의 62·63·64·65·66·67 외 1 번이 맞았다. 번호는 단조라 그 점이 맞으면 못 본 구간 62~76 전체의 밀림이 없다,구간확정
S5,75,스위트 원더랜드,사용자 확인(대부분 8/14 영상 눈판독) — S5 의 62·63·64·65·66·67 외 1 번이 맞았다. 번호는 단조라 그 점이 맞으면 못 본 구간 62~76 전체의 밀림이 없다,구간확정
S5,76,헬릭스,사용자 확인(대부분 8/14 영상 눈판독) — S5 의 62·63·64·65·66·67 외 1 번이 맞았다. 번호는 단조라 그 점이 맞으면 못 본 구간 62~76 전체의 밀림이 없다,구간확정
S6,4,스톰,사용자 확인(대부분 8/14 영상 눈판독) — S6 의 4·5·6·7·8·9 번이 맞았다. 번호는 단조라 그 점이 맞으면 못 본 구간 4~12 전체의 밀림이 없다,구간확정
S6,5,풀 문,사용자 확인(대부분 8/14 영상 눈판독) — S6 의 4·5·6·7·8·9 번이 맞았다. 번호는 단조라 그 점이 맞으면 못 본 구간 4~12 전체의 밀림이 없다,구간확정
S6,6,굿 나이트,사용자 확인(대부분 8/14 영상 눈판독) — S6 의 4·5·6·7·8·9 번이 맞았다. 번호는 단조라 그 점이 맞으면 못 본 구간 4~12 전체의 밀림이 없다,구간확정
S6,7,디그니티,사용자 확인(대부분 8/14 영상 눈판독) — S6 의 4·5·6·7·8·9 번이 맞았다. 번호는 단조라 그 점이 맞으면 못 본 구간 4~12 전체의 밀림이 없다,구간확정
S6,8,또다른 진심,사용자 확인(대부분 8/14 영상 눈판독) — S6 의 4·5·6·7·8·9 번이 맞았다. 번호는 단조라 그 점이 맞으면 못 본 구간 4~12 전체의 밀림이 없다,구간확정
S6,9,쇼다운,사용자 확인(대부분 8/14 영상 눈판독) — S6 의 4·5·6·7·8·9 번이 맞았다. 번호는 단조라 그 점이 맞으면 못 본 구간 4~12 전체의 밀림이 없다,구간확정
S6,10,라크리모사,사용자 확인(대부분 8/14 영상 눈판독) — S6 의 4·5·6·7·8·9 번이 맞았다. 번호는 단조라 그 점이 맞으면 못 본 구간 4~12 전체의 밀림이 없다,구간확정
S6,11,요! 세이!! 페어리!!!,사용자 확인(대부분 8/14 영상 눈판독) — S6 의 4·5·6·7·8·9 번이 맞았다. 번호는 단조라 그 점이 맞으면 못 본 구간 4~12 전체의 밀림이 없다,구간확정
S6,12,웨딩 크래셔,사용자 확인(대부분 8/14 영상 눈판독) — S6 의 4·5·6·7·8·9 번이 맞았다. 번호는 단조라 그 점이 맞으면 못 본 구간 4~12 전체의 밀림이 없다,구간확정
S6,18,스타드림 (feat. Romelon),사용자 확인(대부분 8/14 영상 눈판독) — S6 의 26 번이 맞았다. 번호는 단조라 그 점이 맞으면 못 본 구간 18~26 전체의 밀림이 없다,구간확정
S6,19,파이어 오브 데스티니,사용자 확인(대부분 8/14 영상 눈판독) — S6 의 26 번이 맞았다. 번호는 단조라 그 점이 맞으면 못 본 구간 18~26 전체의 밀림이 없다,구간확정
S6,20,포가튼 뱀파이어,사용자 확인(대부분 8/14 영상 눈판독) — S6 의 26 번이 맞았다. 번호는 단조라 그 점이 맞으면 못 본 구간 18~26 전체의 밀림이 없다,구간확정
S6,21,아마겟돈,사용자 확인(대부분 8/14 영상 눈판독) — S6 의 26 번이 맞았다. 번호는 단조라 그 점이 맞으면 못 본 구간 18~26 전체의 밀림이 없다,구간확정
S6,22,리펜턴스,사용자 확인(대부분 8/14 영상 눈판독) — S6 의 26 번이 맞았다. 번호는 단조라 그 점이 맞으면 못 본 구간 18~26 전체의 밀림이 없다,구간확정
S6,23,알레그로 퓨리오소,사용자 확인(대부분 8/14 영상 눈판독) — S6 의 26 번이 맞았다. 번호는 단조라 그 점이 맞으면 못 본 구간 18~26 전체의 밀림이 없다,구간확정
S6,24,트위스트 오브 페이트 (feat. Ruriling),사용자 확인(대부분 8/14 영상 눈판독) — S6 의 26 번이 맞았다. 번호는 단조라 그 점이 맞으면 못 본 구간 18~26 전체의 밀림이 없다,구간확정
S6,25,유 갓 미 크레이지,사용자 확인(대부분 8/14 영상 눈판독) — S6 의 26 번이 맞았다. 번호는 단조라 그 점이 맞으면 못 본 구간 18~26 전체의 밀림이 없다,구간확정
S6,26,리무버블 디스코,사용자 확인(대부분 8/14 영상 눈판독) — S6 의 26 번이 맞았다. 번호는 단조라 그 점이 맞으면 못 본 구간 18~26 전체의 밀림이 없다,구간확정
S6,33,하이퍼큐브,사용자 확인(대부분 8/14 영상 눈판독) — S6 의 33·34·35·36·37·58 번이 맞았다. 번호는 단조라 그 점이 맞으면 못 본 구간 33~58 전체의 밀림이 없다,구간확정
S6,34,라이크 미,사용자 확인(대부분 8/14 영상 눈판독) — S6 의 33·34·35·36·37·58 번이 맞았다. 번호는 단조라 그 점이 맞으면 못 본 구간 33~58 전체의 밀림이 없다,구간확정
S6,35,유니크,사용자 확인(대부분 8/14 영상 눈판독) — S6 의 33·34·35·36·37·58 번이 맞았다. 번호는 단조라 그 점이 맞으면 못 본 구간 33~58 전체의 밀림이 없다,구간확정
S6,36,유 갓 미 락킹,사용자 확인(대부분 8/14 영상 눈판독) — S6 의 33·34·35·36·37·58 번이 맞았다. 번호는 단조라 그 점이 맞으면 못 본 구간 33~58 전체의 밀림이 없다,구간확정
S6,37,팔로우 미,사용자 확인(대부분 8/14 영상 눈판독) — S6 의 33·34·35·36·37·58 번이 맞았다. 번호는 단조라 그 점이 맞으면 못 본 구간 33~58 전체의 밀림이 없다,구간확정
S6,38,리얼리티,사용자 확인(대부분 8/14 영상 눈판독) — S6 의 33·34·35·36·37·58 번이 맞았다. 번호는 단조라 그 점이 맞으면 못 본 구간 33~58 전체의 밀림이 없다,구간확정
S6,39,버터플라이,사용자 확인(대부분 8/14 영상 눈판독) — S6 의 33·34·35·36·37·58 번이 맞았다. 번호는 단조라 그 점이 맞으면 못 본 구간 33~58 전체의 밀림이 없다,구간확정
S6,40,헝가리 무곡 V,사용자 확인(대부분 8/14 영상 눈판독) — S6 의 33·34·35·36·37·58 번이 맞았다. 번호는 단조라 그 점이 맞으면 못 본 구간 33~58 전체의 밀림이 없다,구간확정
S6,41,마왕,사용자 확인(대부분 8/14 영상 눈판독) — S6 의 33·34·35·36·37·58 번이 맞았다. 번호는 단조라 그 점이 맞으면 못 본 구간 33~58 전체의 밀림이 없다,구간확정
S6,42,야근,사용자 확인(대부분 8/14 영상 눈판독) — S6 의 33·34·35·36·37·58 번이 맞았다. 번호는 단조라 그 점이 맞으면 못 본 구간 33~58 전체의 밀림이 없다,구간확정
S6,43,파반느,사용자 확인(대부분 8/14 영상 눈판독) — S6 의 33·34·35·36·37·58 번이 맞았다. 번호는 단조라 그 점이 맞으면 못 본 구간 33~58 전체의 밀림이 없다,구간확정
S6,44,조나단의 꿈,사용자 확인(대부분 8/14 영상 눈판독) — S6 의 33·34·35·36·37·58 번이 맞았다. 번호는 단조라 그 점이 맞으면 못 본 구간 33~58 전체의 밀림이 없다,구간확정
S6,45,소서리스 엘리제,사용자 확인(대부분 8/14 영상 눈판독) — S6 의 33·34·35·36·37·58 번이 맞았다. 번호는 단조라 그 점이 맞으면 못 본 구간 33~58 전체의 밀림이 없다,구간확정
S6,46,사랑가 -2막-,사용자 확인(대부분 8/14 영상 눈판독) — S6 의 33·34·35·36·37·58 번이 맞았다. 번호는 단조라 그 점이 맞으면 못 본 구간 33~58 전체의 밀림이 없다,구간확정
S6,47,안녕 윌리엄,사용자 확인(대부분 8/14 영상 눈판독) — S6 의 33·34·35·36·37·58 번이 맞았다. 번호는 단조라 그 점이 맞으면 못 본 구간 33~58 전체의 밀림이 없다,구간확정
S6,48,터키 행진곡 -미니멀튠즈-,사용자 확인(대부분 8/14 영상 눈판독) — S6 의 33·34·35·36·37·58 번이 맞았다. 번호는 단조라 그 점이 맞으면 못 본 구간 33~58 전체의 밀림이 없다,구간확정
S6,49,펌핑 점핑,사용자 확인(대부분 8/14 영상 눈판독) — S6 의 33·34·35·36·37·58 번이 맞았다. 번호는 단조라 그 점이 맞으면 못 본 구간 33~58 전체의 밀림이 없다,구간확정
S6,50,블레이즈 이모션,사용자 확인(대부분 8/14 영상 눈판독) — S6 의 33·34·35·36·37·58 번이 맞았다. 번호는 단조라 그 점이 맞으면 못 본 구간 33~58 전체의 밀림이 없다,구간확정
S6,51,젓가락 변주곡,사용자 확인(대부분 8/14 영상 눈판독) — S6 의 33·34·35·36·37·58 번이 맞았다. 번호는 단조라 그 점이 맞으면 못 본 구간 33~58 전체의 밀림이 없다,구간확정
S6,52,카프리스 오브 오타다,사용자 확인(대부분 8/14 영상 눈판독) — S6 의 33·34·35·36·37·58 번이 맞았다. 번호는 단조라 그 점이 맞으면 못 본 구간 33~58 전체의 밀림이 없다,구간확정
S6,53,히글디 피글디,사용자 확인(대부분 8/14 영상 눈판독) — S6 의 33·34·35·36·37·58 번이 맞았다. 번호는 단조라 그 점이 맞으면 못 본 구간 33~58 전체의 밀림이 없다,구간확정
S6,54,위치 닥터 #1,사용자 확인(대부분 8/14 영상 눈판독) — S6 의 33·34·35·36·37·58 번이 맞았다. 번호는 단조라 그 점이 맞으면 못 본 구간 33~58 전체의 밀림이 없다,구간확정
S6,55,두 유 노우 댓-올드 스쿨,사용자 확인(대부분 8/14 영상 눈판독) — S6 의 33·34·35·36·37·58 번이 맞았다. 번호는 단조라 그 점이 맞으면 못 본 구간 33~58 전체의 밀림이 없다,구간확정
S6,56,위치 닥터,사용자 확인(대부분 8/14 영상 눈판독) — S6 의 33·34·35·36·37·58 번이 맞았다. 번호는 단조라 그 점이 맞으면 못 본 구간 33~58 전체의 밀림이 없다,구간확정
S6,57,파파 곤잘레스,사용자 확인(대부분 8/14 영상 눈판독) — S6 의 33·34·35·36·37·58 번이 맞았다. 번호는 단조라 그 점이 맞으면 못 본 구간 33~58 전체의 밀림이 없다,구간확정
S6,58,몽키 핑거즈,사용자 확인(대부분 8/14 영상 눈판독) — S6 의 33·34·35·36·37·58 번이 맞았다. 번호는 단조라 그 점이 맞으면 못 본 구간 33~58 전체의 밀림이 없다,구간확정
S6,65,포인트 브레이크,사용자 확인(대부분 8/14 영상 눈판독) — S6 의 65·66·67·68·69·70 외 1 번이 맞았다. 번호는 단조라 그 점이 맞으면 못 본 구간 65~76 전체의 밀림이 없다,구간확정
S6,66,탑 시티,사용자 확인(대부분 8/14 영상 눈판독) — S6 의 65·66·67·68·69·70 외 1 번이 맞았다. 번호는 단조라 그 점이 맞으면 못 본 구간 65~76 전체의 밀림이 없다,구간확정
S6,67,윌 오 더 위스프,사용자 확인(대부분 8/14 영상 눈판독) — S6 의 65·66·67·68·69·70 외 1 번이 맞았다. 번호는 단조라 그 점이 맞으면 못 본 구간 65~76 전체의 밀림이 없다,구간확정
S6,68,셋 미 업,사용자 확인(대부분 8/14 영상 눈판독) — S6 의 65·66·67·68·69·70 외 1 번이 맞았다. 번호는 단조라 그 점이 맞으면 못 본 구간 65~76 전체의 밀림이 없다,구간확정
S6,69,댄스 위드 미,사용자 확인(대부분 8/14 영상 눈판독) — S6 의 65·66·67·68·69·70 외 1 번이 맞았다. 번호는 단조라 그 점이 맞으면 못 본 구간 65~76 전체의 밀림이 없다,구간확정
S6,70,치킨 윙,사용자 확인(대부분 8/14 영상 눈판독) — S6 의 65·66·67·68·69·70 외 1 번이 맞았다. 번호는 단조라 그 점이 맞으면 못 본 구간 65~76 전체의 밀림이 없다,구간확정
S6,71,베토벤 바이러스,사용자 확인(대부분 8/14 영상 눈판독) — S6 의 65·66·67·68·69·70 외 1 번이 맞았다. 번호는 단조라 그 점이 맞으면 못 본 구간 65~76 전체의 밀림이 없다,구간확정
S6,72,첫사랑,사용자 확인(대부분 8/14 영상 눈판독) — S6 의 65·66·67·68·69·70 외 1 번이 맞았다. 번호는 단조라 그 점이 맞으면 못 본 구간 65~76 전체의 밀림이 없다,구간확정
S6,73,무혼,사용자 확인(대부분 8/14 영상 눈판독) — S6 의 65·66·67·68·69·70 외 1 번이 맞았다. 번호는 단조라 그 점이 맞으면 못 본 구간 65~76 전체의 밀림이 없다,구간확정
S6,74,서울구경,사용자 확인(대부분 8/14 영상 눈판독) — S6 의 65·66·67·68·69·70 외 1 번이 맞았다. 번호는 단조라 그 점이 맞으면 못 본 구간 65~76 전체의 밀림이 없다,구간확정
S6,75,악몽,사용자 확인(대부분 8/14 영상 눈판독) — S6 의 65·66·67·68·69·70 외 1 번이 맞았다. 번호는 단조라 그 점이 맞으면 못 본 구간 65~76 전체의 밀림이 없다,구간확정
S6,76,눈을 감아,사용자 확인(대부분 8/14 영상 눈판독) — S6 의 65·66·67·68·69·70 외 1 번이 맞았다. 번호는 단조라 그 점이 맞으면 못 본 구간 65~76 전체의 밀림이 없다,구간확정
S6,82,코스미컬 리듬,사용자 확인(대부분 8/14 영상 눈판독) — S6 의 85 번이 맞았다. 번호는 단조라 그 점이 맞으면 못 본 구간 82~85 전체의 밀림이 없다,구간확정
S6,83,돌리 키스,사용자 확인(대부분 8/14 영상 눈판독) — S6 의 85 번이 맞았다. 번호는 단조라 그 점이 맞으면 못 본 구간 82~85 전체의 밀림이 없다,구간확정
S6,84,밀키 웨이 갤럭시,사용자 확인(대부분 8/14 영상 눈판독) — S6 의 85 번이 맞았다. 번호는 단조라 그 점이 맞으면 못 본 구간 82~85 전체의 밀림이 없다,구간확정
S6,85,아마이 유우와쿠 데인저러스,사용자 확인(대부분 8/14 영상 눈판독) — S6 의 85 번이 맞았다. 번호는 단조라 그 점이 맞으면 못 본 구간 82~85 전체의 밀림이 없다,구간확정
S7,5,B3,사용자 확인(대부분 8/14 영상 눈판독) — S7 의 5·6 번이 맞았다. 번호는 단조라 그 점이 맞으면 못 본 구간 5~6 전체의 밀림이 없다,구간확정
S7,6,ESP,사용자 확인(대부분 8/14 영상 눈판독) — S7 의 5·6 번이 맞았다. 번호는 단조라 그 점이 맞으면 못 본 구간 5~6 전체의 밀림이 없다,구간확정
S7,12,더 아포칼립스,사용자 확인(대부분 8/14 영상 눈판독) — S7 의 26 번이 맞았다. 번호는 단조라 그 점이 맞으면 못 본 구간 12~26 전체의 밀림이 없다,구간확정
S7,13,붐!!,사용자 확인(대부분 8/14 영상 눈판독) — S7 의 26 번이 맞았다. 번호는 단조라 그 점이 맞으면 못 본 구간 12~26 전체의 밀림이 없다,구간확정
S7,14,추격,사용자 확인(대부분 8/14 영상 눈판독) — S7 의 26 번이 맞았다. 번호는 단조라 그 점이 맞으면 못 본 구간 12~26 전체의 밀림이 없다,구간확정
S7,15,스타드림 -Eurobeat Remix-,사용자 확인(대부분 8/14 영상 눈판독) — S7 의 26 번이 맞았다. 번호는 단조라 그 점이 맞으면 못 본 구간 12~26 전체의 밀림이 없다,구간확정
S7,16,"사이먼 세이즈, 유로댄스!! (feat. Sara☆M)",사용자 확인(대부분 8/14 영상 눈판독) — S7 의 26 번이 맞았다. 번호는 단조라 그 점이 맞으면 못 본 구간 12~26 전체의 밀림이 없다,구간확정
S7,17,록시아,사용자 확인(대부분 8/14 영상 눈판독) — S7 의 26 번이 맞았다. 번호는 단조라 그 점이 맞으면 못 본 구간 12~26 전체의 밀림이 없다,구간확정
S7,18,소닉 붐,사용자 확인(대부분 8/14 영상 눈판독) — S7 의 26 번이 맞았다. 번호는 단조라 그 점이 맞으면 못 본 구간 12~26 전체의 밀림이 없다,구간확정
S7,19,E.O.N,사용자 확인(대부분 8/14 영상 눈판독) — S7 의 26 번이 맞았다. 번호는 단조라 그 점이 맞으면 못 본 구간 12~26 전체의 밀림이 없다,구간확정
S7,20,에렌델,사용자 확인(대부분 8/14 영상 눈판독) — S7 의 26 번이 맞았다. 번호는 단조라 그 점이 맞으면 못 본 구간 12~26 전체의 밀림이 없다,구간확정
S7,21,아테나의 방패,사용자 확인(대부분 8/14 영상 눈판독) — S7 의 26 번이 맞았다. 번호는 단조라 그 점이 맞으면 못 본 구간 12~26 전체의 밀림이 없다,구간확정
S7,22,위더 가든,사용자 확인(대부분 8/14 영상 눈판독) — S7 의 26 번이 맞았다. 번호는 단조라 그 점이 맞으면 못 본 구간 12~26 전체의 밀림이 없다,구간확정
S7,23,이매저너라이즈드 시티,사용자 확인(대부분 8/14 영상 눈판독) — S7 의 26 번이 맞았다. 번호는 단조라 그 점이 맞으면 못 본 구간 12~26 전체의 밀림이 없다,구간확정
S7,24,오블리터레이션,사용자 확인(대부분 8/14 영상 눈판독) — S7 의 26 번이 맞았다. 번호는 단조라 그 점이 맞으면 못 본 구간 12~26 전체의 밀림이 없다,구간확정
S7,25,아이 원트 유,사용자 확인(대부분 8/14 영상 눈판독) — S7 의 26 번이 맞았다. 번호는 단조라 그 점이 맞으면 못 본 구간 12~26 전체의 밀림이 없다,구간확정
S7,26,슈가 플럼,사용자 확인(대부분 8/14 영상 눈판독) — S7 의 26 번이 맞았다. 번호는 단조라 그 점이 맞으면 못 본 구간 12~26 전체의 밀림이 없다,구간확정
S7,33,트로피카닉,사용자 확인(대부분 8/14 영상 눈판독) — S7 의 33·34·35·36·37 번이 맞았다. 번호는 단조라 그 점이 맞으면 못 본 구간 33~40 전체의 밀림이 없다,구간확정
S7,34,슈퍼 카프리시오,사용자 확인(대부분 8/14 영상 눈판독) — S7 의 33·34·35·36·37 번이 맞았다. 번호는 단조라 그 점이 맞으면 못 본 구간 33~40 전체의 밀림이 없다,구간확정
S7,35,헬파이어,사용자 확인(대부분 8/14 영상 눈판독) — S7 의 33·34·35·36·37 번이 맞았다. 번호는 단조라 그 점이 맞으면 못 본 구간 33~40 전체의 밀림이 없다,구간확정
S7,36,크로스 오버 feat. LyuU,사용자 확인(대부분 8/14 영상 눈판독) — S7 의 33·34·35·36·37 번이 맞았다. 번호는 단조라 그 점이 맞으면 못 본 구간 33~40 전체의 밀림이 없다,구간확정
S7,37,브링 백 더 비트,사용자 확인(대부분 8/14 영상 눈판독) — S7 의 33·34·35·36·37 번이 맞았다. 번호는 단조라 그 점이 맞으면 못 본 구간 33~40 전체의 밀림이 없다,구간확정
S7,38,사라반드,사용자 확인(대부분 8/14 영상 눈판독) — S7 의 33·34·35·36·37 번이 맞았다. 번호는 단조라 그 점이 맞으면 못 본 구간 33~40 전체의 밀림이 없다,구간확정
S7,39,가장신자,사용자 확인(대부분 8/14 영상 눈판독) — S7 의 33·34·35·36·37 번이 맞았다. 번호는 단조라 그 점이 맞으면 못 본 구간 33~40 전체의 밀림이 없다,구간확정
S7,40,우츠시요 노 카제 feat. Kana,사용자 확인(대부분 8/14 영상 눈판독) — S7 의 33·34·35·36·37 번이 맞았다. 번호는 단조라 그 점이 맞으면 못 본 구간 33~40 전체의 밀림이 없다,구간확정
S7,46,네메시스,사용자 확인(대부분 8/14 영상 눈판독) — S7 의 52·53·54·55·56·57 외 7 번이 맞았다. 번호는 단조라 그 점이 맞으면 못 본 구간 46~76 전체의 밀림이 없다,구간확정
S7,47,라티노 바이러스,사용자 확인(대부분 8/14 영상 눈판독) — S7 의 52·53·54·55·56·57 외 7 번이 맞았다. 번호는 단조라 그 점이 맞으면 못 본 구간 46~76 전체의 밀림이 없다,구간확정
S7,48,실루엣 이펙트,사용자 확인(대부분 8/14 영상 눈판독) — S7 의 52·53·54·55·56·57 외 7 번이 맞았다. 번호는 단조라 그 점이 맞으면 못 본 구간 46~76 전체의 밀림이 없다,구간확정
S7,49,차이니즈 레스토랑,사용자 확인(대부분 8/14 영상 눈판독) — S7 의 52·53·54·55·56·57 외 7 번이 맞았다. 번호는 단조라 그 점이 맞으면 못 본 구간 46~76 전체의 밀림이 없다,구간확정
S7,50,아발란치,사용자 확인(대부분 8/14 영상 눈판독) — S7 의 52·53·54·55·56·57 외 7 번이 맞았다. 번호는 단조라 그 점이 맞으면 못 본 구간 46~76 전체의 밀림이 없다,구간확정
S7,51,레퀴엠,사용자 확인(대부분 8/14 영상 눈판독) — S7 의 52·53·54·55·56·57 외 7 번이 맞았다. 번호는 단조라 그 점이 맞으면 못 본 구간 46~76 전체의 밀림이 없다,구간확정
S7,52,B2,사용자 확인(대부분 8/14 영상 눈판독) — S7 의 52·53·54·55·56·57 외 7 번이 맞았다. 번호는 단조라 그 점이 맞으면 못 본 구간 46~76 전체의 밀림이 없다,구간확정
S7,53,헤스티아,사용자 확인(대부분 8/14 영상 눈판독) — S7 의 52·53·54·55·56·57 외 7 번이 맞았다. 번호는 단조라 그 점이 맞으면 못 본 구간 46~76 전체의 밀림이 없다,구간확정
S7,54,암피트리온,사용자 확인(대부분 8/14 영상 눈판독) — S7 의 52·53·54·55·56·57 외 7 번이 맞았다. 번호는 단조라 그 점이 맞으면 못 본 구간 46~76 전체의 밀림이 없다,구간확정
S7,55,슈퍼 판타지,사용자 확인(대부분 8/14 영상 눈판독) — S7 의 52·53·54·55·56·57 외 7 번이 맞았다. 번호는 단조라 그 점이 맞으면 못 본 구간 46~76 전체의 밀림이 없다,구간확정
S7,56,레드 스완,사용자 확인(대부분 8/14 영상 눈판독) — S7 의 52·53·54·55·56·57 외 7 번이 맞았다. 번호는 단조라 그 점이 맞으면 못 본 구간 46~76 전체의 밀림이 없다,구간확정
S7,57,어나이얼레이터 메소드,사용자 확인(대부분 8/14 영상 눈판독) — S7 의 52·53·54·55·56·57 외 7 번이 맞았다. 번호는 단조라 그 점이 맞으면 못 본 구간 46~76 전체의 밀림이 없다,구간확정
S7,58,레드 스노우,사용자 확인(대부분 8/14 영상 눈판독) — S7 의 52·53·54·55·56·57 외 7 번이 맞았다. 번호는 단조라 그 점이 맞으면 못 본 구간 46~76 전체의 밀림이 없다,구간확정
S7,59,레미니센스,사용자 확인(대부분 8/14 영상 눈판독) — S7 의 52·53·54·55·56·57 외 7 번이 맞았다. 번호는 단조라 그 점이 맞으면 못 본 구간 46~76 전체의 밀림이 없다,구간확정
S7,60,브레이크 잇 다운,사용자 확인(대부분 8/14 영상 눈판독) — S7 의 52·53·54·55·56·57 외 7 번이 맞았다. 번호는 단조라 그 점이 맞으면 못 본 구간 46~76 전체의 밀림이 없다,구간확정
S7,61,엘리제,사용자 확인(대부분 8/14 영상 눈판독) — S7 의 52·53·54·55·56·57 외 7 번이 맞았다. 번호는 단조라 그 점이 맞으면 못 본 구간 46~76 전체의 밀림이 없다,구간확정
S7,62,러브 이즈 어 데인저 존(Cranky 믹스),사용자 확인(대부분 8/14 영상 눈판독) — S7 의 52·53·54·55·56·57 외 7 번이 맞았다. 번호는 단조라 그 점이 맞으면 못 본 구간 46~76 전체의 밀림이 없다,구간확정
S7,63,엑시던트,사용자 확인(대부분 8/14 영상 눈판독) — S7 의 52·53·54·55·56·57 외 7 번이 맞았다. 번호는 단조라 그 점이 맞으면 못 본 구간 46~76 전체의 밀림이 없다,구간확정
S7,64,디,사용자 확인(대부분 8/14 영상 눈판독) — S7 의 52·53·54·55·56·57 외 7 번이 맞았다. 번호는 단조라 그 점이 맞으면 못 본 구간 46~76 전체의 밀림이 없다,구간확정
S7,65,루시드(PIU Edit),사용자 확인(대부분 8/14 영상 눈판독) — S7 의 52·53·54·55·56·57 외 7 번이 맞았다. 번호는 단조라 그 점이 맞으면 못 본 구간 46~76 전체의 밀림이 없다,구간확정
S7,66,로그인,사용자 확인(대부분 8/14 영상 눈판독) — S7 의 52·53·54·55·56·57 외 7 번이 맞았다. 번호는 단조라 그 점이 맞으면 못 본 구간 46~76 전체의 밀림이 없다,구간확정
S7,67,클리너,사용자 확인(대부분 8/14 영상 눈판독) — S7 의 52·53·54·55·56·57 외 7 번이 맞았다. 번호는 단조라 그 점이 맞으면 못 본 구간 46~76 전체의 밀림이 없다,구간확정
S7,68,테이크 아웃,사용자 확인(대부분 8/14 영상 눈판독) — S7 의 52·53·54·55·56·57 외 7 번이 맞았다. 번호는 단조라 그 점이 맞으면 못 본 구간 46~76 전체의 밀림이 없다,구간확정
S7,69,오버블로우,사용자 확인(대부분 8/14 영상 눈판독) — S7 의 52·53·54·55·56·57 외 7 번이 맞았다. 번호는 단조라 그 점이 맞으면 못 본 구간 46~76 전체의 밀림이 없다,구간확정
S7,70,유 갓 투 노우,사용자 확인(대부분 8/14 영상 눈판독) — S7 의 52·53·54·55·56·57 외 7 번이 맞았다. 번호는 단조라 그 점이 맞으면 못 본 구간 46~76 전체의 밀림이 없다,구간확정
S7,71,데스티네이션,사용자 확인(대부분 8/14 영상 눈판독) — S7 의 52·53·54·55·56·57 외 7 번이 맞았다. 번호는 단조라 그 점이 맞으면 못 본 구간 46~76 전체의 밀림이 없다,구간확정
S7,72,제네시스,사용자 확인(대부분 8/14 영상 눈판독) — S7 의 52·53·54·55·56·57 외 7 번이 맞았다. 번호는 단조라 그 점이 맞으면 못 본 구간 46~76 전체의 밀림이 없다,구간확정
S7,73,겟 업 (앤 고),사용자 확인(대부분 8/14 영상 눈판독) — S7 의 52·53·54·55·56·57 외 7 번이 맞았다. 번호는 단조라 그 점이 맞으면 못 본 구간 46~76 전체의 밀림이 없다,구간확정
S7,74,팬텀 -인터메조-,사용자 확인(대부분 8/14 영상 눈판독) — S7 의 52·53·54·55·56·57 외 7 번이 맞았다. 번호는 단조라 그 점이 맞으면 못 본 구간 46~76 전체의 밀림이 없다,구간확정
S7,75,테프리스,사용자 확인(대부분 8/14 영상 눈판독) — S7 의 52·53·54·55·56·57 외 7 번이 맞았다. 번호는 단조라 그 점이 맞으면 못 본 구간 46~76 전체의 밀림이 없다,구간확정
S7,76,블레이즈 이모션,사용자 확인(대부분 8/14 영상 눈판독) — S7 의 52·53·54·55·56·57 외 7 번이 맞았다. 번호는 단조라 그 점이 맞으면 못 본 구간 46~76 전체의 밀림이 없다,구간확정
S7,89,캐논 디,사용자 확인(대부분 8/14 영상 눈판독) — S7 의 99 번이 맞았다. 번호는 단조라 그 점이 맞으면 못 본 구간 89~99 전체의 밀림이 없다,구간확정
S7,90,블레이징,사용자 확인(대부분 8/14 영상 눈판독) — S7 의 99 번이 맞았다. 번호는 단조라 그 점이 맞으면 못 본 구간 89~99 전체의 밀림이 없다,구간확정
S7,91,비,사용자 확인(대부분 8/14 영상 눈판독) — S7 의 99 번이 맞았다. 번호는 단조라 그 점이 맞으면 못 본 구간 89~99 전체의 밀림이 없다,구간확정
S7,92,겟 유어 그루브 온,사용자 확인(대부분 8/14 영상 눈판독) — S7 의 99 번이 맞았다. 번호는 단조라 그 점이 맞으면 못 본 구간 89~99 전체의 밀림이 없다,구간확정
S7,93,마리아,사용자 확인(대부분 8/14 영상 눈판독) — S7 의 99 번이 맞았다. 번호는 단조라 그 점이 맞으면 못 본 구간 89~99 전체의 밀림이 없다,구간확정
S7,94,미션 파서블,사용자 확인(대부분 8/14 영상 눈판독) — S7 의 99 번이 맞았다. 번호는 단조라 그 점이 맞으면 못 본 구간 89~99 전체의 밀림이 없다,구간확정
S7,95,윈터,사용자 확인(대부분 8/14 영상 눈판독) — S7 의 99 번이 맞았다. 번호는 단조라 그 점이 맞으면 못 본 구간 89~99 전체의 밀림이 없다,구간확정
S7,96,미스 에스 스토리,사용자 확인(대부분 8/14 영상 눈판독) — S7 의 99 번이 맞았다. 번호는 단조라 그 점이 맞으면 못 본 구간 89~99 전체의 밀림이 없다,구간확정
S7,97,부크,사용자 확인(대부분 8/14 영상 눈판독) — S7 의 99 번이 맞았다. 번호는 단조라 그 점이 맞으면 못 본 구간 89~99 전체의 밀림이 없다,구간확정
S7,98,우편마차,사용자 확인(대부분 8/14 영상 눈판독) — S7 의 99 번이 맞았다. 번호는 단조라 그 점이 맞으면 못 본 구간 89~99 전체의 밀림이 없다,구간확정
S7,99,라젠스키 캉캉,사용자 확인(대부분 8/14 영상 눈판독) — S7 의 99 번이 맞았다. 번호는 단조라 그 점이 맞으면 못 본 구간 89~99 전체의 밀림이 없다,구간확정
S7,106,댄싱,사용자 확인(대부분 8/14 영상 눈판독) — S7 의 106·107·108·109·110 번이 맞았다. 번호는 단조라 그 점이 맞으면 못 본 구간 106~113 전체의 밀림이 없다,구간확정
S7,107,갤럭시 컬랩스,사용자 확인(대부분 8/14 영상 눈판독) — S7 의 106·107·108·109·110 번이 맞았다. 번호는 단조라 그 점이 맞으면 못 본 구간 106~113 전체의 밀림이 없다,구간확정
S7,108,에너지 시너지 매트릭스,사용자 확인(대부분 8/14 영상 눈판독) — S7 의 106·107·108·109·110 번이 맞았다. 번호는 단조라 그 점이 맞으면 못 본 구간 106~113 전체의 밀림이 없다,구간확정
S7,109,밀크,사용자 확인(대부분 8/14 영상 눈판독) — S7 의 106·107·108·109·110 번이 맞았다. 번호는 단조라 그 점이 맞으면 못 본 구간 106~113 전체의 밀림이 없다,구간확정
S7,110,어콰이어,사용자 확인(대부분 8/14 영상 눈판독) — S7 의 106·107·108·109·110 번이 맞았다. 번호는 단조라 그 점이 맞으면 못 본 구간 106~113 전체의 밀림이 없다,구간확정
S7,111,굿바운스,사용자 확인(대부분 8/14 영상 눈판독) — S7 의 106·107·108·109·110 번이 맞았다. 번호는 단조라 그 점이 맞으면 못 본 구간 106~113 전체의 밀림이 없다,구간확정
S7,112,에모모모,사용자 확인(대부분 8/14 영상 눈판독) — S7 의 106·107·108·109·110 번이 맞았다. 번호는 단조라 그 점이 맞으면 못 본 구간 106~113 전체의 밀림이 없다,구간확정
S7,113,푸파,사용자 확인(대부분 8/14 영상 눈판독) — S7 의 106·107·108·109·110 번이 맞았다. 번호는 단조라 그 점이 맞으면 못 본 구간 106~113 전체의 밀림이 없다,구간확정
S7,119,천년이 지나서,사용자 확인(대부분 8/14 영상 눈판독) — S7 의 125 번이 맞았다. 번호는 단조라 그 점이 맞으면 못 본 구간 119~125 전체의 밀림이 없다,구간확정
S7,120,라이프 이즈 피아노,사용자 확인(대부분 8/14 영상 눈판독) — S7 의 125 번이 맞았다. 번호는 단조라 그 점이 맞으면 못 본 구간 119~125 전체의 밀림이 없다,구간확정
S7,121,크로스 레이 (feat. 月下Lia),사용자 확인(대부분 8/14 영상 눈판독) — S7 의 125 번이 맞았다. 번호는 단조라 그 점이 맞으면 못 본 구간 119~125 전체의 밀림이 없다,구간확정
S7,122,스텝,사용자 확인(대부분 8/14 영상 눈판독) — S7 의 125 번이 맞았다. 번호는 단조라 그 점이 맞으면 못 본 구간 119~125 전체의 밀림이 없다,구간확정
S7,123,더 레볼루션,사용자 확인(대부분 8/14 영상 눈판독) — S7 의 125 번이 맞았다. 번호는 단조라 그 점이 맞으면 못 본 구간 119~125 전체의 밀림이 없다,구간확정
S7,124,마타도르,사용자 확인(대부분 8/14 영상 눈판독) — S7 의 125 번이 맞았다. 번호는 단조라 그 점이 맞으면 못 본 구간 119~125 전체의 밀림이 없다,구간확정
S7,125,까랴위사따,사용자 확인(대부분 8/14 영상 눈판독) — S7 의 125 번이 맞았다. 번호는 단조라 그 점이 맞으면 못 본 구간 119~125 전체의 밀림이 없다,구간확정
S7,131,팝 더 트랙,사용자 확인(대부분 8/14 영상 눈판독) — S7 의 131·143 번이 맞았다. 번호는 단조라 그 점이 맞으면 못 본 구간 131~143 전체의 밀림이 없다,구간확정
S7,132,하드코어 오브 더 노스,사용자 확인(대부분 8/14 영상 눈판독) — S7 의 131·143 번이 맞았다. 번호는 단조라 그 점이 맞으면 못 본 구간 131~143 전체의 밀림이 없다,구간확정
S7,133,유토피아,사용자 확인(대부분 8/14 영상 눈판독) — S7 의 131·143 번이 맞았다. 번호는 단조라 그 점이 맞으면 못 본 구간 131~143 전체의 밀림이 없다,구간확정
S7,134,왓 해픈드,사용자 확인(대부분 8/14 영상 눈판독) — S7 의 131·143 번이 맞았다. 번호는 단조라 그 점이 맞으면 못 본 구간 131~143 전체의 밀림이 없다,구간확정
S7,135,가고일,사용자 확인(대부분 8/14 영상 눈판독) — S7 의 131·143 번이 맞았다. 번호는 단조라 그 점이 맞으면 못 본 구간 131~143 전체의 밀림이 없다,구간확정
S7,136,알레그로 콘 뿌오코,사용자 확인(대부분 8/14 영상 눈판독) — S7 의 131·143 번이 맞았다. 번호는 단조라 그 점이 맞으면 못 본 구간 131~143 전체의 밀림이 없다,구간확정
S7,137,네크로맨시,사용자 확인(대부분 8/14 영상 눈판독) — S7 의 131·143 번이 맞았다. 번호는 단조라 그 점이 맞으면 못 본 구간 131~143 전체의 밀림이 없다,구간확정
S7,138,슈퍼☆하라구로☆팝,사용자 확인(대부분 8/14 영상 눈판독) — S7 의 131·143 번이 맞았다. 번호는 단조라 그 점이 맞으면 못 본 구간 131~143 전체의 밀림이 없다,구간확정
S7,139,오벨리스크,사용자 확인(대부분 8/14 영상 눈판독) — S7 의 131·143 번이 맞았다. 번호는 단조라 그 점이 맞으면 못 본 구간 131~143 전체의 밀림이 없다,구간확정
S7,140,레이지 오브 파이어,사용자 확인(대부분 8/14 영상 눈판독) — S7 의 131·143 번이 맞았다. 번호는 단조라 그 점이 맞으면 못 본 구간 131~143 전체의 밀림이 없다,구간확정
S7,141,듀얼 레이싱 <레드 vs 블루>,사용자 확인(대부분 8/14 영상 눈판독) — S7 의 131·143 번이 맞았다. 번호는 단조라 그 점이 맞으면 못 본 구간 131~143 전체의 밀림이 없다,구간확정
S7,142,싸이클링!,사용자 확인(대부분 8/14 영상 눈판독) — S7 의 131·143 번이 맞았다. 번호는 단조라 그 점이 맞으면 못 본 구간 131~143 전체의 밀림이 없다,구간확정
S7,143,크로스 타임,사용자 확인(대부분 8/14 영상 눈판독) — S7 의 131·143 번이 맞았다. 번호는 단조라 그 점이 맞으면 못 본 구간 131~143 전체의 밀림이 없다,구간확정
S8,4,또다른 진심,사용자 확인(대부분 8/14 영상 눈판독) — S8 의 4·5·6·7·8·9 외 10 번이 맞았다. 번호는 단조라 그 점이 맞으면 못 본 구간 4~43 전체의 밀림이 없다,구간확정
S8,5,응징 레스토랑,사용자 확인(대부분 8/14 영상 눈판독) — S8 의 4·5·6·7·8·9 외 10 번이 맞았다. 번호는 단조라 그 점이 맞으면 못 본 구간 4~43 전체의 밀림이 없다,구간확정
S8,6,벡터,사용자 확인(대부분 8/14 영상 눈판독) — S8 의 4·5·6·7·8·9 외 10 번이 맞았다. 번호는 단조라 그 점이 맞으면 못 본 구간 4~43 전체의 밀림이 없다,구간확정
S8,7,유포리아닉,사용자 확인(대부분 8/14 영상 눈판독) — S8 의 4·5·6·7·8·9 외 10 번이 맞았다. 번호는 단조라 그 점이 맞으면 못 본 구간 4~43 전체의 밀림이 없다,구간확정
S8,8,할로윈 파티 ~Multiverse~,사용자 확인(대부분 8/14 영상 눈판독) — S8 의 4·5·6·7·8·9 외 10 번이 맞았다. 번호는 단조라 그 점이 맞으면 못 본 구간 4~43 전체의 밀림이 없다,구간확정
S8,9,루시드 드림,사용자 확인(대부분 8/14 영상 눈판독) — S8 의 4·5·6·7·8·9 외 10 번이 맞았다. 번호는 단조라 그 점이 맞으면 못 본 구간 4~43 전체의 밀림이 없다,구간확정
S8,10,리틀 먼치킨,사용자 확인(대부분 8/14 영상 눈판독) — S8 의 4·5·6·7·8·9 외 10 번이 맞았다. 번호는 단조라 그 점이 맞으면 못 본 구간 4~43 전체의 밀림이 없다,구간확정
S8,11,데몬 오브 라플라스,사용자 확인(대부분 8/14 영상 눈판독) — S8 의 4·5·6·7·8·9 외 10 번이 맞았다. 번호는 단조라 그 점이 맞으면 못 본 구간 4~43 전체의 밀림이 없다,구간확정
S8,12,블루이쉬 로즈,사용자 확인(대부분 8/14 영상 눈판독) — S8 의 4·5·6·7·8·9 외 10 번이 맞았다. 번호는 단조라 그 점이 맞으면 못 본 구간 4~43 전체의 밀림이 없다,구간확정
S8,13,글리머 글림,사용자 확인(대부분 8/14 영상 눈판독) — S8 의 4·5·6·7·8·9 외 10 번이 맞았다. 번호는 단조라 그 점이 맞으면 못 본 구간 4~43 전체의 밀림이 없다,구간확정
S8,14,서든 어페어런스 이미지,사용자 확인(대부분 8/14 영상 눈판독) — S8 의 4·5·6·7·8·9 외 10 번이 맞았다. 번호는 단조라 그 점이 맞으면 못 본 구간 4~43 전체의 밀림이 없다,구간확정
S8,15,스위트로닉,사용자 확인(대부분 8/14 영상 눈판독) — S8 의 4·5·6·7·8·9 외 10 번이 맞았다. 번호는 단조라 그 점이 맞으면 못 본 구간 4~43 전체의 밀림이 없다,구간확정
S8,16,야누스,사용자 확인(대부분 8/14 영상 눈판독) — S8 의 4·5·6·7·8·9 외 10 번이 맞았다. 번호는 단조라 그 점이 맞으면 못 본 구간 4~43 전체의 밀림이 없다,구간확정
S8,17,라 그랑드 루즈,사용자 확인(대부분 8/14 영상 눈판독) — S8 의 4·5·6·7·8·9 외 10 번이 맞았다. 번호는 단조라 그 점이 맞으면 못 본 구간 4~43 전체의 밀림이 없다,구간확정
S8,18,아드레날린 블래스터,사용자 확인(대부분 8/14 영상 눈판독) — S8 의 4·5·6·7·8·9 외 10 번이 맞았다. 번호는 단조라 그 점이 맞으면 못 본 구간 4~43 전체의 밀림이 없다,구간확정
S8,19,캉-캉 ~Orpheus in The Party Mix~,사용자 확인(대부분 8/14 영상 눈판독) — S8 의 4·5·6·7·8·9 외 10 번이 맞았다. 번호는 단조라 그 점이 맞으면 못 본 구간 4~43 전체의 밀림이 없다,구간확정
S8,20,디 엔드 오브 더 월드 ft. Skizzo,사용자 확인(대부분 8/14 영상 눈판독) — S8 의 4·5·6·7·8·9 외 10 번이 맞았다. 번호는 단조라 그 점이 맞으면 못 본 구간 4~43 전체의 밀림이 없다,구간확정
S8,21,포가튼 뱀파이어,사용자 확인(대부분 8/14 영상 눈판독) — S8 의 4·5·6·7·8·9 외 10 번이 맞았다. 번호는 단조라 그 점이 맞으면 못 본 구간 4~43 전체의 밀림이 없다,구간확정
S8,22,더 레버리,사용자 확인(대부분 8/14 영상 눈판독) — S8 의 4·5·6·7·8·9 외 10 번이 맞았다. 번호는 단조라 그 점이 맞으면 못 본 구간 4~43 전체의 밀림이 없다,구간확정
S8,23,갓 모드 2.0 feat. Skizzo,사용자 확인(대부분 8/14 영상 눈판독) — S8 의 4·5·6·7·8·9 외 10 번이 맞았다. 번호는 단조라 그 점이 맞으면 못 본 구간 4~43 전체의 밀림이 없다,구간확정
S8,24,트리튬,사용자 확인(대부분 8/14 영상 눈판독) — S8 의 4·5·6·7·8·9 외 10 번이 맞았다. 번호는 단조라 그 점이 맞으면 못 본 구간 4~43 전체의 밀림이 없다,구간확정
S8,25,갓 모드 feat. skizzo,사용자 확인(대부분 8/14 영상 눈판독) — S8 의 4·5·6·7·8·9 외 10 번이 맞았다. 번호는 단조라 그 점이 맞으면 못 본 구간 4~43 전체의 밀림이 없다,구간확정
S8,26,브레이크 아웃,사용자 확인(대부분 8/14 영상 눈판독) — S8 의 4·5·6·7·8·9 외 10 번이 맞았다. 번호는 단조라 그 점이 맞으면 못 본 구간 4~43 전체의 밀림이 없다,구간확정
S8,27,패싱 라이더,사용자 확인(대부분 8/14 영상 눈판독) — S8 의 4·5·6·7·8·9 외 10 번이 맞았다. 번호는 단조라 그 점이 맞으면 못 본 구간 4~43 전체의 밀림이 없다,구간확정
S8,28,앵귀시드 언메이킹,사용자 확인(대부분 8/14 영상 눈판독) — S8 의 4·5·6·7·8·9 외 10 번이 맞았다. 번호는 단조라 그 점이 맞으면 못 본 구간 4~43 전체의 밀림이 없다,구간확정
S8,29,업 앤 업 (Produced by AWAL),사용자 확인(대부분 8/14 영상 눈판독) — S8 의 4·5·6·7·8·9 외 10 번이 맞았다. 번호는 단조라 그 점이 맞으면 못 본 구간 4~43 전체의 밀림이 없다,구간확정
S8,30,왈츠 오브 도지,사용자 확인(대부분 8/14 영상 눈판독) — S8 의 4·5·6·7·8·9 외 10 번이 맞았다. 번호는 단조라 그 점이 맞으면 못 본 구간 4~43 전체의 밀림이 없다,구간확정
S8,31,캇코이,사용자 확인(대부분 8/14 영상 눈판독) — S8 의 4·5·6·7·8·9 외 10 번이 맞았다. 번호는 단조라 그 점이 맞으면 못 본 구간 4~43 전체의 밀림이 없다,구간확정
S8,32,포스 오브 라,사용자 확인(대부분 8/14 영상 눈판독) — S8 의 4·5·6·7·8·9 외 10 번이 맞았다. 번호는 단조라 그 점이 맞으면 못 본 구간 4~43 전체의 밀림이 없다,구간확정
S8,33,바이올렛 퍼퓸,사용자 확인(대부분 8/14 영상 눈판독) — S8 의 4·5·6·7·8·9 외 10 번이 맞았다. 번호는 단조라 그 점이 맞으면 못 본 구간 4~43 전체의 밀림이 없다,구간확정
S8,34,스콜피온 킹,사용자 확인(대부분 8/14 영상 눈판독) — S8 의 4·5·6·7·8·9 외 10 번이 맞았다. 번호는 단조라 그 점이 맞으면 못 본 구간 4~43 전체의 밀림이 없다,구간확정
S8,35,윈드밀,사용자 확인(대부분 8/14 영상 눈판독) — S8 의 4·5·6·7·8·9 외 10 번이 맞았다. 번호는 단조라 그 점이 맞으면 못 본 구간 4~43 전체의 밀림이 없다,구간확정
S8,36,여래아,사용자 확인(대부분 8/14 영상 눈판독) — S8 의 4·5·6·7·8·9 외 10 번이 맞았다. 번호는 단조라 그 점이 맞으면 못 본 구간 4~43 전체의 밀림이 없다,구간확정
S8,37,조나단의 꿈,사용자 확인(대부분 8/14 영상 눈판독) — S8 의 4·5·6·7·8·9 외 10 번이 맞았다. 번호는 단조라 그 점이 맞으면 못 본 구간 4~43 전체의 밀림이 없다,구간확정
S8,38,소서리스 엘리제,사용자 확인(대부분 8/14 영상 눈판독) — S8 의 4·5·6·7·8·9 외 10 번이 맞았다. 번호는 단조라 그 점이 맞으면 못 본 구간 4~43 전체의 밀림이 없다,구간확정
S8,39,유 갓 투 노우,사용자 확인(대부분 8/14 영상 눈판독) — S8 의 4·5·6·7·8·9 외 10 번이 맞았다. 번호는 단조라 그 점이 맞으면 못 본 구간 4~43 전체의 밀림이 없다,구간확정
S8,40,펌트리스 8비트 ver.,사용자 확인(대부분 8/14 영상 눈판독) — S8 의 4·5·6·7·8·9 외 10 번이 맞았다. 번호는 단조라 그 점이 맞으면 못 본 구간 4~43 전체의 밀림이 없다,구간확정
S8,41,카프리스 오브 오타다,사용자 확인(대부분 8/14 영상 눈판독) — S8 의 4·5·6·7·8·9 외 10 번이 맞았다. 번호는 단조라 그 점이 맞으면 못 본 구간 4~43 전체의 밀림이 없다,구간확정
S8,42,몽키 핑거즈 2,사용자 확인(대부분 8/14 영상 눈판독) — S8 의 4·5·6·7·8·9 외 10 번이 맞았다. 번호는 단조라 그 점이 맞으면 못 본 구간 4~43 전체의 밀림이 없다,구간확정
S8,43,잼 오 비트,사용자 확인(대부분 8/14 영상 눈판독) — S8 의 4·5·6·7·8·9 외 10 번이 맞았다. 번호는 단조라 그 점이 맞으면 못 본 구간 4~43 전체의 밀림이 없다,구간확정
S8,49,하이 바이,사용자 확인(대부분 8/14 영상 눈판독) — S8 의 49·50·51·52·53·54 외 4 번이 맞았다. 번호는 단조라 그 점이 맞으면 못 본 구간 49~58 전체의 밀림이 없다,구간확정
S8,50,무혼 2,사용자 확인(대부분 8/14 영상 눈판독) — S8 의 49·50·51·52·53·54 외 4 번이 맞았다. 번호는 단조라 그 점이 맞으면 못 본 구간 49~58 전체의 밀림이 없다,구간확정
S8,51,파이널 오디션 3,사용자 확인(대부분 8/14 영상 눈판독) — S8 의 49·50·51·52·53·54 외 4 번이 맞았다. 번호는 단조라 그 점이 맞으면 못 본 구간 49~58 전체의 밀림이 없다,구간확정
S8,52,엑스트림,사용자 확인(대부분 8/14 영상 눈판독) — S8 의 49·50·51·52·53·54 외 4 번이 맞았다. 번호는 단조라 그 점이 맞으면 못 본 구간 49~58 전체의 밀림이 없다,구간확정
S8,53,마이웨이,사용자 확인(대부분 8/14 영상 눈판독) — S8 의 49·50·51·52·53·54 외 4 번이 맞았다. 번호는 단조라 그 점이 맞으면 못 본 구간 49~58 전체의 밀림이 없다,구간확정
S8,54,포인트 브레이크,사용자 확인(대부분 8/14 영상 눈판독) — S8 의 49·50·51·52·53·54 외 4 번이 맞았다. 번호는 단조라 그 점이 맞으면 못 본 구간 49~58 전체의 밀림이 없다,구간확정
S8,55,스트리트 쇼다운,사용자 확인(대부분 8/14 영상 눈판독) — S8 의 49·50·51·52·53·54 외 4 번이 맞았다. 번호는 단조라 그 점이 맞으면 못 본 구간 49~58 전체의 밀림이 없다,구간확정
S8,56,오이 오이 오이,사용자 확인(대부분 8/14 영상 눈판독) — S8 의 49·50·51·52·53·54 외 4 번이 맞았다. 번호는 단조라 그 점이 맞으면 못 본 구간 49~58 전체의 밀림이 없다,구간확정
S8,57,파이널 오디션 에피소드 1,사용자 확인(대부분 8/14 영상 눈판독) — S8 의 49·50·51·52·53·54 외 4 번이 맞았다. 번호는 단조라 그 점이 맞으면 못 본 구간 49~58 전체의 밀림이 없다,구간확정
S8,58,롤링 크리스마스,사용자 확인(대부분 8/14 영상 눈판독) — S8 의 49·50·51·52·53·54 외 4 번이 맞았다. 번호는 단조라 그 점이 맞으면 못 본 구간 49~58 전체의 밀림이 없다,구간확정
S8,64,이렐리아,영상 프레임 판독으로 **S8 의 밀림 0** 을 확인했다 — 우리 표가 이 존에서 맞다(frame_verify.csv),구간확정
S8,65,스테이저,영상 프레임 판독으로 **S8 의 밀림 0** 을 확인했다 — 우리 표가 이 존에서 맞다(frame_verify.csv),구간확정
S8,71,니힐리즘 - 어나더 버전 -,사용자 확인(대부분 8/14 영상 눈판독) — S8 의 73 번이 맞았다. 번호는 단조라 그 점이 맞으면 못 본 구간 71~73 전체의 밀림이 없다,구간확정
S8,72,브레인 파워,사용자 확인(대부분 8/14 영상 눈판독) — S8 의 73 번이 맞았다. 번호는 단조라 그 점이 맞으면 못 본 구간 71~73 전체의 밀림이 없다,구간확정
S8,73,허쉬,사용자 확인(대부분 8/14 영상 눈판독) — S8 의 73 번이 맞았다. 번호는 단조라 그 점이 맞으면 못 본 구간 71~73 전체의 밀림이 없다,구간확정
S8,79,스위트 원더랜드,사용자 확인(대부분 8/14 영상 눈판독) — S8 의 79·88 번이 맞았다. 번호는 단조라 그 점이 맞으면 못 본 구간 79~88 전체의 밀림이 없다,구간확정
S8,80,일 더하기 일은 귀요미,사용자 확인(대부분 8/14 영상 눈판독) — S8 의 79·88 번이 맞았다. 번호는 단조라 그 점이 맞으면 못 본 구간 79~88 전체의 밀림이 없다,구간확정
S8,81,블랙 드래곤,사용자 확인(대부분 8/14 영상 눈판독) — S8 의 79·88 번이 맞았다. 번호는 단조라 그 점이 맞으면 못 본 구간 79~88 전체의 밀림이 없다,구간확정
S8,82,BS파워 익스플로전,사용자 확인(대부분 8/14 영상 눈판독) — S8 의 79·88 번이 맞았다. 번호는 단조라 그 점이 맞으면 못 본 구간 79~88 전체의 밀림이 없다,구간확정
S8,83,스타트 온 레드,사용자 확인(대부분 8/14 영상 눈판독) — S8 의 79·88 번이 맞았다. 번호는 단조라 그 점이 맞으면 못 본 구간 79~88 전체의 밀림이 없다,구간확정
S8,84,타임 어택 <블루>,사용자 확인(대부분 8/14 영상 눈판독) — S8 의 79·88 번이 맞았다. 번호는 단조라 그 점이 맞으면 못 본 구간 79~88 전체의 밀림이 없다,구간확정
S8,85,비주얼 드림 2 (인 픽션),사용자 확인(대부분 8/14 영상 눈판독) — S8 의 79·88 번이 맞았다. 번호는 단조라 그 점이 맞으면 못 본 구간 79~88 전체의 밀림이 없다,구간확정
S8,86,슈퍼 스타일린,사용자 확인(대부분 8/14 영상 눈판독) — S8 의 79·88 번이 맞았다. 번호는 단조라 그 점이 맞으면 못 본 구간 79~88 전체의 밀림이 없다,구간확정
S8,87,크리스마스의 기억,사용자 확인(대부분 8/14 영상 눈판독) — S8 의 79·88 번이 맞았다. 번호는 단조라 그 점이 맞으면 못 본 구간 79~88 전체의 밀림이 없다,구간확정
S8,88,고딕 레조넌스,사용자 확인(대부분 8/14 영상 눈판독) — S8 의 79·88 번이 맞았다. 번호는 단조라 그 점이 맞으면 못 본 구간 79~88 전체의 밀림이 없다,구간확정
S9,9,솔페지에토,사용자 확인(대부분 8/14 영상 눈판독) — S9 의 27 번이 맞았다. 번호는 단조라 그 점이 맞으면 못 본 구간 9~27 전체의 밀림이 없다,구간확정
S9,10,피가로의 결혼 ~Celebrazione Remix~,사용자 확인(대부분 8/14 영상 눈판독) — S9 의 27 번이 맞았다. 번호는 단조라 그 점이 맞으면 못 본 구간 9~27 전체의 밀림이 없다,구간확정
S9,11,데카 댄스,사용자 확인(대부분 8/14 영상 눈판독) — S9 의 27 번이 맞았다. 번호는 단조라 그 점이 맞으면 못 본 구간 9~27 전체의 밀림이 없다,구간확정
S9,12,머독 vs 오타다,사용자 확인(대부분 8/14 영상 눈판독) — S9 의 27 번이 맞았다. 번호는 단조라 그 점이 맞으면 못 본 구간 9~27 전체의 밀림이 없다,구간확정
S9,13,도플갱어,사용자 확인(대부분 8/14 영상 눈판독) — S9 의 27 번이 맞았다. 번호는 단조라 그 점이 맞으면 못 본 구간 9~27 전체의 밀림이 없다,구간확정
S9,14,금혼식,사용자 확인(대부분 8/14 영상 눈판독) — S9 의 27 번이 맞았다. 번호는 단조라 그 점이 맞으면 못 본 구간 9~27 전체의 밀림이 없다,구간확정
S9,15,테일즈 오브 펌프니아,사용자 확인(대부분 8/14 영상 눈판독) — S9 의 27 번이 맞았다. 번호는 단조라 그 점이 맞으면 못 본 구간 9~27 전체의 밀림이 없다,구간확정
S9,16,파괴,사용자 확인(대부분 8/14 영상 눈판독) — S9 의 27 번이 맞았다. 번호는 단조라 그 점이 맞으면 못 본 구간 9~27 전체의 밀림이 없다,구간확정
S9,17,라스트 리버스,사용자 확인(대부분 8/14 영상 눈판독) — S9 의 27 번이 맞았다. 번호는 단조라 그 점이 맞으면 못 본 구간 9~27 전체의 밀림이 없다,구간확정
S9,18,가장신자,사용자 확인(대부분 8/14 영상 눈판독) — S9 의 27 번이 맞았다. 번호는 단조라 그 점이 맞으면 못 본 구간 9~27 전체의 밀림이 없다,구간확정
S9,19,아르카나 포스,사용자 확인(대부분 8/14 영상 눈판독) — S9 의 27 번이 맞았다. 번호는 단조라 그 점이 맞으면 못 본 구간 9~27 전체의 밀림이 없다,구간확정
S9,20,라티노 바이러스,사용자 확인(대부분 8/14 영상 눈판독) — S9 의 27 번이 맞았다. 번호는 단조라 그 점이 맞으면 못 본 구간 9~27 전체의 밀림이 없다,구간확정
S9,21,엘리시움,사용자 확인(대부분 8/14 영상 눈판독) — S9 의 27 번이 맞았다. 번호는 단조라 그 점이 맞으면 못 본 구간 9~27 전체의 밀림이 없다,구간확정
S9,22,리무버블 디스코,사용자 확인(대부분 8/14 영상 눈판독) — S9 의 27 번이 맞았다. 번호는 단조라 그 점이 맞으면 못 본 구간 9~27 전체의 밀림이 없다,구간확정
S9,23,레드 스완,사용자 확인(대부분 8/14 영상 눈판독) — S9 의 27 번이 맞았다. 번호는 단조라 그 점이 맞으면 못 본 구간 9~27 전체의 밀림이 없다,구간확정
S9,24,블레이즈 이모션 (Band version),사용자 확인(대부분 8/14 영상 눈판독) — S9 의 27 번이 맞았다. 번호는 단조라 그 점이 맞으면 못 본 구간 9~27 전체의 밀림이 없다,구간확정
S9,25,로봇 배틀,사용자 확인(대부분 8/14 영상 눈판독) — S9 의 27 번이 맞았다. 번호는 단조라 그 점이 맞으면 못 본 구간 9~27 전체의 밀림이 없다,구간확정
S9,26,유 갓 미 락킹,사용자 확인(대부분 8/14 영상 눈판독) — S9 의 27 번이 맞았다. 번호는 단조라 그 점이 맞으면 못 본 구간 9~27 전체의 밀림이 없다,구간확정
S9,27,팔로우 미,사용자 확인(대부분 8/14 영상 눈판독) — S9 의 27 번이 맞았다. 번호는 단조라 그 점이 맞으면 못 본 구간 9~27 전체의 밀림이 없다,구간확정
S9,33,ㅁㄴㅇㄹ,사용자 확인(대부분 8/14 영상 눈판독) — S9 의 33·34·35·36·37·38 외 11 번이 맞았다. 번호는 단조라 그 점이 맞으면 못 본 구간 33~60 전체의 밀림이 없다,구간확정
S9,34,엑스트리,사용자 확인(대부분 8/14 영상 눈판독) — S9 의 33·34·35·36·37·38 외 11 번이 맞았다. 번호는 단조라 그 점이 맞으면 못 본 구간 33~60 전체의 밀림이 없다,구간확정
S9,35,블레이즈 이모션,사용자 확인(대부분 8/14 영상 눈판독) — S9 의 33·34·35·36·37·38 외 11 번이 맞았다. 번호는 단조라 그 점이 맞으면 못 본 구간 33~60 전체의 밀림이 없다,구간확정
S9,36,파이널 오디션 에피소드 2-X,사용자 확인(대부분 8/14 영상 눈판독) — S9 의 33·34·35·36·37·38 외 11 번이 맞았다. 번호는 단조라 그 점이 맞으면 못 본 구간 33~60 전체의 밀림이 없다,구간확정
S9,37,머니,사용자 확인(대부분 8/14 영상 눈판독) — S9 의 33·34·35·36·37·38 외 11 번이 맞았다. 번호는 단조라 그 점이 맞으면 못 본 구간 33~60 전체의 밀림이 없다,구간확정
S9,38,히글디 피글디,사용자 확인(대부분 8/14 영상 눈판독) — S9 의 33·34·35·36·37·38 외 11 번이 맞았다. 번호는 단조라 그 점이 맞으면 못 본 구간 33~60 전체의 밀림이 없다,구간확정
S9,39,위치 닥터 #1,사용자 확인(대부분 8/14 영상 눈판독) — S9 의 33·34·35·36·37·38 외 11 번이 맞았다. 번호는 단조라 그 점이 맞으면 못 본 구간 33~60 전체의 밀림이 없다,구간확정
S9,40,키메라,사용자 확인(대부분 8/14 영상 눈판독) — S9 의 33·34·35·36·37·38 외 11 번이 맞았다. 번호는 단조라 그 점이 맞으면 못 본 구간 33~60 전체의 밀림이 없다,구간확정
S9,41,사랑가 2006,사용자 확인(대부분 8/14 영상 눈판독) — S9 의 33·34·35·36·37·38 외 11 번이 맞았다. 번호는 단조라 그 점이 맞으면 못 본 구간 33~60 전체의 밀림이 없다,구간확정
S9,42,건락,사용자 확인(대부분 8/14 영상 눈판독) — S9 의 33·34·35·36·37·38 외 11 번이 맞았다. 번호는 단조라 그 점이 맞으면 못 본 구간 33~60 전체의 밀림이 없다,구간확정
S9,43,파이널 오디션 에피소드 2-2,사용자 확인(대부분 8/14 영상 눈판독) — S9 의 33·34·35·36·37·38 외 11 번이 맞았다. 번호는 단조라 그 점이 맞으면 못 본 구간 33~60 전체의 밀림이 없다,구간확정
S9,44,무혼 2,사용자 확인(대부분 8/14 영상 눈판독) — S9 의 33·34·35·36·37·38 외 11 번이 맞았다. 번호는 단조라 그 점이 맞으면 못 본 구간 33~60 전체의 밀림이 없다,구간확정
S9,45,파이널 오디션 3,사용자 확인(대부분 8/14 영상 눈판독) — S9 의 33·34·35·36·37·38 외 11 번이 맞았다. 번호는 단조라 그 점이 맞으면 못 본 구간 33~60 전체의 밀림이 없다,구간확정
S9,46,태동 2,사용자 확인(대부분 8/14 영상 눈판독) — S9 의 33·34·35·36·37·38 외 11 번이 맞았다. 번호는 단조라 그 점이 맞으면 못 본 구간 33~60 전체의 밀림이 없다,구간확정
S9,47,블레이징,사용자 확인(대부분 8/14 영상 눈판독) — S9 의 33·34·35·36·37·38 외 11 번이 맞았다. 번호는 단조라 그 점이 맞으면 못 본 구간 33~60 전체의 밀림이 없다,구간확정
S9,48,비트 오브 더 워,사용자 확인(대부분 8/14 영상 눈판독) — S9 의 33·34·35·36·37·38 외 11 번이 맞았다. 번호는 단조라 그 점이 맞으면 못 본 구간 33~60 전체의 밀림이 없다,구간확정
S9,49,닥터 엠,사용자 확인(대부분 8/14 영상 눈판독) — S9 의 33·34·35·36·37·38 외 11 번이 맞았다. 번호는 단조라 그 점이 맞으면 못 본 구간 33~60 전체의 밀림이 없다,구간확정
S9,50,엠페러,사용자 확인(대부분 8/14 영상 눈판독) — S9 의 33·34·35·36·37·38 외 11 번이 맞았다. 번호는 단조라 그 점이 맞으면 못 본 구간 33~60 전체의 밀림이 없다,구간확정
S9,51,러브 이즈 어 데인저 존,사용자 확인(대부분 8/14 영상 눈판독) — S9 의 33·34·35·36·37·38 외 11 번이 맞았다. 번호는 단조라 그 점이 맞으면 못 본 구간 33~60 전체의 밀림이 없다,구간확정
S9,52,오이 오이 오이,사용자 확인(대부분 8/14 영상 눈판독) — S9 의 33·34·35·36·37·38 외 11 번이 맞았다. 번호는 단조라 그 점이 맞으면 못 본 구간 33~60 전체의 밀림이 없다,구간확정
S9,53,위 윌 밋 어게인,사용자 확인(대부분 8/14 영상 눈판독) — S9 의 33·34·35·36·37·38 외 11 번이 맞았다. 번호는 단조라 그 점이 맞으면 못 본 구간 33~60 전체의 밀림이 없다,구간확정
S9,54,우편마차,사용자 확인(대부분 8/14 영상 눈판독) — S9 의 33·34·35·36·37·38 외 11 번이 맞았다. 번호는 단조라 그 점이 맞으면 못 본 구간 33~60 전체의 밀림이 없다,구간확정
S9,55,치킨 윙,사용자 확인(대부분 8/14 영상 눈판독) — S9 의 33·34·35·36·37·38 외 11 번이 맞았다. 번호는 단조라 그 점이 맞으면 못 본 구간 33~60 전체의 밀림이 없다,구간확정
S9,56,올 아이 원트 포 크리스마스,사용자 확인(대부분 8/14 영상 눈판독) — S9 의 33·34·35·36·37·38 외 11 번이 맞았다. 번호는 단조라 그 점이 맞으면 못 본 구간 33~60 전체의 밀림이 없다,구간확정
S9,57,사랑가,사용자 확인(대부분 8/14 영상 눈판독) — S9 의 33·34·35·36·37·38 외 11 번이 맞았다. 번호는 단조라 그 점이 맞으면 못 본 구간 33~60 전체의 밀림이 없다,구간확정
S9,58,프리 스타일,사용자 확인(대부분 8/14 영상 눈판독) — S9 의 33·34·35·36·37·38 외 11 번이 맞았다. 번호는 단조라 그 점이 맞으면 못 본 구간 33~60 전체의 밀림이 없다,구간확정
S9,59,그녀는 피자를 좋아해,사용자 확인(대부분 8/14 영상 눈판독) — S9 의 33·34·35·36·37·38 외 11 번이 맞았다. 번호는 단조라 그 점이 맞으면 못 본 구간 33~60 전체의 밀림이 없다,구간확정
S9,60,프렉쳐 텀퍼렐르,사용자 확인(대부분 8/14 영상 눈판독) — S9 의 33·34·35·36·37·38 외 11 번이 맞았다. 번호는 단조라 그 점이 맞으면 못 본 구간 33~60 전체의 밀림이 없다,구간확정
S9,75,하우스플랜,사용자 확인(대부분 8/14 영상 눈판독) — S9 의 75·77 번이 맞았다. 번호는 단조라 그 점이 맞으면 못 본 구간 75~77 전체의 밀림이 없다,구간확정
S9,76,유어 마인드,사용자 확인(대부분 8/14 영상 눈판독) — S9 의 75·77 번이 맞았다. 번호는 단조라 그 점이 맞으면 못 본 구간 75~77 전체의 밀림이 없다,구간확정
S9,77,V3,사용자 확인(대부분 8/14 영상 눈판독) — S9 의 75·77 번이 맞았다. 번호는 단조라 그 점이 맞으면 못 본 구간 75~77 전체의 밀림이 없다,구간확정
숏컷 채널,55,셀피쉬니스 - SHORT CUT -,사용자 확인 — **숏컷 채널 존 전체**를 봤다고 하셨다 (번호 없이 존 단위). 못 본 구간 55~57 을 연다,구간확정(미검증)
숏컷 채널,56,락 더 하우스 - SHORT CUT -,사용자 확인 — **숏컷 채널 존 전체**를 봤다고 하셨다 (번호 없이 존 단위). 못 본 구간 55~57 을 연다,구간확정(미검증)
숏컷 채널,57,스타더스트 오버드라이브 - SHORT CUT -,사용자 확인 — **숏컷 채널 존 전체**를 봤다고 하셨다 (번호 없이 존 단위). 못 본 구간 55~57 을 연다,구간확정(미검증)
