표적,시각,알수,현재,전체
nolja_0803,81,11,3,17
nolja_0803,88,2,1,19
nolja_0803,89,2,2,19
nolja_0803,90,1,3,19
nolja_0803,91,2,3,19
nolja_0803,92,1,4,19
nolja_0803,94,1,5,19
nolja_0803,95,2,6,19
nolja_0803,96,1,6,19
nolja_0803,97,2,7,19
nolja_0803,98,1,7,19
nolja_0803,99,2,8,19
nolja_0803,100,1,8,19
nolja_0803,101,2,9,19
nolja_0803,102,2,9,19
nolja_0803,103,2,10,19
nolja_0803,104,2,10,19
nolja_0803,105,2,11,19
nolja_0803,107,2,12,19
nolja_0803,108,2,13,19
nolja_0803,109,1,14,19
nolja_0803,117,1,1,30
nolja_0803,118,2,2,30
nolja_0803,121,2,6,30
nolja_0803,122,2,7,30
nolja_0803,123,2,8,30
nolja_0803,124,1,9,30
nolja_0803,125,2,10,30
nolja_0803,126,2,11,30
nolja_0803,127,2,12,30
nolja_0803,128,1,13,30
nolja_0803,129,2,19,30
nolja_0803,132,1,19,30
nolja_0803,133,2,19,30
nolja_0803,134,1,20,30
nolja_0803,135,2,21,30
nolja_0803,144,2,21,107
nolja_0803,150,2,45,107
nolja_0803,152,2,56,107
nolja_0803,153,2,55,107
nolja_0803,325,2,53,107
nolja_0803,326,2,53,107
nolja_0803,327,2,53,107
nolja_0803,328,1,53,107
nolja_0803,329,2,53,107
nolja_0803,330,2,53,107
nolja_0803,331,2,53,107
nolja_0803,332,2,53,107
nolja_0803,333,1,53,107
nolja_0803,334,2,53,107
nolja_0803,335,2,53,107
nolja_0803,336,2,53,107
nolja_0803,337,2,53,107
nolja_0803,338,1,53,107
nolja_0803,339,2,53,107
nolja_0803,340,2,53,107
nolja_0803,341,2,53,107
nolja_0803,342,2,53,107
nolja_0803,343,1,53,107
nolja_0803,344,2,53,107
nolja_0803,345,2,53,107
nolja_0803,346,2,53,107
nolja_0803,347,2,53,107
nolja_0803,348,1,53,107
nolja_0803,349,2,53,107
nolja_0803,350,2,53,107
nolja_0803,353,1,6,111
nolja_0803,355,2,14,111
nolja_0803,356,2,17,111
nolja_0803,360,1,31,111
nolja_0803,361,1,34,111
nolja_0803,363,2,90,111
nolja_0803,370,2,63,111
nolja_0803,371,2,66,111
nolja_0803,372,2,69,111
nolja_0803,373,2,73,111
nolja_0803,374,2,26,111
nolja_0803,375,2,78,111
nolja_0803,376,2,81,111
nolja_0803,377,2,89,111
nolja_0803,378,2,87,111
nolja_0803,380,2,93,111
nolja_0803,382,2,98,111
nolja_0803,383,1,88,111
nolja_0803,385,2,103,111
nolja_0803,386,2,104,111
nolja_0803,584,2,110,111
nolja_0803,585,1,110,111
nolja_0803,599,2,3,79
nolja_0803,611,10,1,131
nolja_0803,613,8,6,131
nolja_0803,619,9,93,131
nolja_0803,620,9,49,131
nolja_0803,623,9,64,131
nolja_0803,626,11,88,131
nolja_0803,633,10,117,131
nolja_0803,634,9,117,131
nolja_0803,635,10,117,131
nolja_0803,636,10,117,131
nolja_0803,637,10,117,131
nolja_0803,638,10,117,131
nolja_0803,639,10,117,131
nolja_0803,640,10,117,131
nolja_0803,641,10,117,131
nolja_0803,642,10,117,131
nolja_0803,643,10,117,131
nolja_0803,644,9,117,131
nolja_0803,645,10,117,131
nolja_0803,646,10,117,131
nolja_0803,647,9,117,131
nolja_0803,648,10,117,131
nolja_0803,651,10,2,71
nolja_0803,652,9,6,71
nolja_0803,653,9,13,71
nolja_0803,655,10,19,71
nolja_0803,656,11,19,71
nolja_0803,657,11,19,71
nolja_0803,658,11,19,71
nolja_0803,659,10,19,71
nolja_0803,660,10,19,71
nolja_0803,831,10,1,43
nolja_0803,833,8,2,43
nolja_0803,834,5,3,43
nolja_0803,836,8,4,43
nolja_0803,837,8,5,43
nolja_0803,838,8,6,43
nolja_0803,839,6,7,43
nolja_0803,840,7,8,43
nolja_0803,841,8,9,43
nolja_0803,842,4,10,43
nolja_0803,843,2,11,43
nolja_0803,844,4,12,43
nolja_0803,850,9,19,99
nolja_0803,851,4,20,43
nolja_0803,852,6,21,43
nolja_0803,853,10,26,43
nolja_0803,855,6,24,43
nolja_0803,856,10,25,43
nolja_0803,857,4,26,43
nolja_0803,858,2,27,43
nolja_0803,859,5,28,43
nolja_0803,862,11,31,43
nolja_0803,863,6,32,43
nolja_0803,864,5,33,43
nolja_0803,865,4,33,43
nolja_0803,866,8,34,43
nolja_0803,867,9,35,43
nolja_0803,868,7,36,43
nolja_0803,869,9,37,43
nolja_0803,870,9,38,43
nolja_0803,871,5,39,43
nolja_0803,872,5,40,43
nolja_0803,873,4,41,43
nolja_0803,874,3,42,43
nolja_0803,875,3,43,43
nolja_0803,876,10,1,43
nolja_0803,878,11,1,105
nolja_0803,879,10,2,105
nolja_0803,880,11,3,105
nolja_0803,881,8,4,105
nolja_0803,882,8,5,105
nolja_0803,889,9,13,105
nolja_0803,890,8,12,105
nolja_0803,891,9,13,105
nolja_0803,892,7,14,105
nolja_0803,893,9,15,105
nolja_0803,894,2,16,105
nolja_0803,895,3,17,105
nolja_0803,896,3,18,105
nolja_0803,897,3,19,105
nolja_0803,898,3,20,105
nolja_0803,901,6,22,105
nolja_0803,902,6,22,105
nolja_0803,903,6,22,105
nolja_0803,908,1,74,79
nolja_0803,909,2,70,79
nolja_0803,912,2,63,79
nolja_0803,913,1,52,79
nolja_0803,1076,2,45,79
nolja_0803,1081,8,2,43
nolja_0803,1083,8,9,43
nolja_0803,1086,5,1,61
nolja_0803,1087,4,1,61
nolja_0803,1093,6,22,105
nolja_0803,1094,8,93,105
nolja_0803,1095,10,24,105
nolja_0803,1096,8,25,105
nolja_0803,1097,10,26,105
nolja_0803,1098,8,27,105
nolja_0803,1099,9,28,105
nolja_0803,1100,9,29,105
nolja_0803,1101,7,30,105
nolja_0803,1102,6,31,105
nolja_0803,1103,3,32,105
nolja_0803,1104,4,33,105
nolja_0803,1105,2,34,105
nolja_0803,1106,3,35,105
nolja_0803,1107,3,36,105
nolja_0803,1108,2,37,105
nolja_0803,1109,10,38,105
nolja_0803,1110,6,39,105
nolja_0803,1111,5,40,105
nolja_0803,1114,13,44,105
nolja_0803,1115,5,45,105
nolja_0803,1116,8,46,105
nolja_0803,1117,9,47,105
nolja_0803,1118,8,48,105
nolja_0803,1121,6,52,105
nolja_0803,1122,8,53,105
nolja_0803,1123,6,54,105
nolja_0803,1124,7,65,105
nolja_0803,1127,5,59,105
nolja_0803,1128,3,30,105
nolja_0803,1129,3,61,105
nolja_0803,1130,1,62,105
nolja_0803,1131,3,63,105
nolja_0803,1132,3,64,105
nolja_0803,1133,3,65,105
nolja_0803,1134,2,66,105
nolja_0803,1135,4,67,105
nolja_0803,1136,4,68,105
nolja_0803,1140,3,73,105
nolja_0803,1141,3,74,105
nolja_0803,1142,3,75,105
nolja_0803,1143,3,76,105
nolja_0803,1144,3,77,105
nolja_0803,1145,4,79,105
nolja_0803,1147,5,80,105
nolja_0803,1148,4,80,105
nolja_0803,1149,4,80,105
nolja_0803,1150,5,80,105
nolja_0803,1159,1,45,79
nolja_0803,1315,2,1,65
nolja_0803,1322,10,1,105
nolja_0803,1324,6,103,105
nolja_0803,1325,6,103,105
nolja_0803,1326,7,103,105
nolja_0803,1327,6,102,105
nolja_0803,1328,9,38,105
nolja_0803,1329,3,38,109
nolja_0803,1331,5,80,105
nolja_0803,1332,8,81,105
nolja_0803,1333,5,82,105
nolja_0803,1334,5,83,105
nolja_0803,1335,5,34,105
nolja_0803,1336,11,35,105
nolja_0803,1337,10,86,105
nolja_0803,1338,7,87,105
nolja_0803,1339,3,88,105
nolja_0803,1340,2,89,105
nolja_0803,1341,3,90,105
nolja_0803,1342,8,91,105
nolja_0803,1343,7,92,105
nolja_0803,1344,8,93,105
nolja_0803,1345,8,94,105
nolja_0803,1346,7,95,105
nolja_0803,1347,9,96,105
nolja_0803,1348,8,97,105
nolja_0803,1350,7,39,105
nolja_0803,1354,7,103,105
nolja_0803,1357,10,1,105
nolja_0803,1359,5,1,81
nolja_0803,1360,11,2,81
nolja_0803,1361,11,2,81
nolja_0803,1362,10,3,81
nolja_0803,1363,10,4,81
nolja_0803,1366,10,7,61
nolja_0803,1367,10,7,81
nolja_0803,1368,8,8,81
nolja_0803,1369,9,9,81
nolja_0803,1370,7,10,61
nolja_0803,1371,6,11,81
nolja_0803,1372,5,12,61
nolja_0803,1373,3,13,61
nolja_0803,1374,7,14,81
nolja_0803,1375,7,15,61
nolja_0803,1376,7,16,81
nolja_0803,1377,11,17,81
nolja_0803,1378,5,19,81
nolja_0803,1379,4,19,61
nolja_0803,1380,4,20,61
nolja_0803,1381,5,21,81
nolja_0803,1387,8,27,61
nolja_0803,1388,8,28,61
nolja_0803,1389,8,28,61
nolja_0803,1390,7,28,61
nolja_0803,1391,7,29,61
nolja_0803,1579,2,64,65
nolja_0803,1582,2,64,65
nolja_0803,1583,2,64,65
nolja_0803,1584,2,64,65
nolja_0803,1585,2,64,65
nolja_0803,1586,1,64,65
nolja_0803,1587,2,63,65
nolja_0803,1589,2,61,65
nolja_0803,1590,2,51,65
nolja_0803,1591,1,51,65
nolja_0803,1594,2,37,65
nolja_0803,1597,1,26,65
nolja_0803,1598,2,25,65
nolja_0803,1600,2,10,65
nolja_0803,1602,2,62,65
nolja_0803,1605,2,55,65
nolja_0803,1616,7,7,79
nolja_0803,1617,9,8,79
nolja_0803,1620,5,18,79
nolja_0803,1623,8,26,79
nolja_0803,1624,10,27,79
nolja_0803,1625,7,28,79
nolja_0803,1626,4,29,79
nolja_0803,1628,9,32,79
nolja_0803,1629,6,34,79
nolja_0803,1630,9,35,79
nolja_0803,1632,7,38,79
nolja_0803,1635,9,44,79
nolja_0803,1641,10,50,79
nolja_0803,1643,10,52,79
nolja_0803,1644,9,34,79
nolja_0803,1648,4,68,79
nolja_0803,1649,10,64,79
nolja_0803,1650,9,36,79
nolja_0803,1656,9,78,79
nolja_0803,1661,2,65,65
nolja_0803,1663,2,59,65
nolja_0803,1832,2,55,65
nolja_0803,1833,1,56,65
nolja_0803,1835,1,63,65
nolja_0803,1839,10,1,73
nolja_0803,1840,10,73,73
nolja_0803,1841,4,71,73
nolja_0803,1842,3,69,73
nolja_0803,1843,5,68,73
nolja_0803,1844,4,68,73
nolja_0803,1845,3,65,73
nolja_0803,1847,7,62,73
nolja_0803,1848,10,30,73
nolja_0803,1852,7,3,71
nolja_0803,1853,6,4,71
nolja_0803,1855,9,7,71
nolja_0803,1857,9,10,71
nolja_0803,1859,9,13,71
nolja_0803,1861,7,16,71
nolja_0803,1862,7,18,71
nolja_0803,1864,8,21,71
nolja_0803,1865,5,23,71
nolja_0803,1868,9,28,71
nolja_0803,1871,8,33,71
nolja_0803,1872,10,39,71
nolja_0803,1874,8,38,71
nolja_0803,1876,2,42,71
nolja_0803,1879,8,47,71
nolja_0803,1882,9,53,71
nolja_0803,1883,10,54,71
nolja_0803,1887,9,61,71
nolja_0803,1888,9,63,71
nolja_0803,1891,10,66,71
nolja_0803,1892,4,70,71
nolja_0803,1894,10,2,71
nolja_0803,1895,8,3,71
nolja_0803,1901,1,1,65
nolja_0803,2109,13,3,19
nolja_0803,2113,1,2,121
nolja_0803,2116,2,16,121
nolja_0803,2118,2,26,121
nolja_0803,2124,2,53,121
nolja_0803,2129,1,74,121
nolja_0803,2130,2,78,121
nolja_0803,2133,2,89,121
nolja_0803,2142,3,76,76
nolja_0803,2143,4,75,76
nolja_0803,2145,10,72,76
nolja_0803,2146,8,71,76
nolja_0803,2147,11,39,76
nolja_0803,2149,9,67,76
nolja_0803,2150,8,66,76
nolja_0803,2151,9,65,76
nolja_0803,2152,10,64,76
nolja_0803,2154,10,61,76
nolja_0803,2156,9,59,76
nolja_0803,2157,9,56,76
nolja_0803,2158,8,56,76
nolja_0803,2160,9,64,76
nolja_0803,2161,7,53,76
nolja_0803,2163,8,50,76
nolja_0803,2165,2,47,76
nolja_0803,2166,3,46,76
nolja_0803,2168,3,43,76
nolja_0803,2169,4,41,76
nolja_0803,2171,8,39,76
nolja_0803,2173,12,36,76
nolja_0803,2175,7,33,76
nolja_0803,2176,8,32,76
nolja_0803,2177,6,30,76
nolja_0803,2178,10,29,76
nolja_0803,2180,7,26,76
nolja_0803,2182,5,23,76
nolja_0803,2184,9,20,76
nolja_0803,2189,2,64,65
nolja_0803,2195,2,113,121
nolja_0803,2196,2,88,121
nolja_0803,2372,2,69,121
nolja_0803,2373,2,90,121
nolja_0803,2374,2,33,161
nolja_0803,2376,2,105,121
nolja_0803,2380,2,119,121
nolja_0803,2381,2,114,121
nolja_0803,2386,2,77,121
nolja_0803,2393,10,1,73
nolja_0803,2394,11,2,73
nolja_0803,2397,8,6,73
nolja_0803,2398,9,7,73
nolja_0803,2399,10,8,73
nolja_0803,2400,8,9,73
nolja_0803,2403,7,13,73
nolja_0803,2404,7,14,73
nolja_0803,2405,13,15,73
nolja_0803,2407,7,18,73
nolja_0803,2408,7,19,73
nolja_0803,2410,9,22,73
nolja_0803,2411,8,23,73
nolja_0803,2412,7,24,73
nolja_0803,2414,8,27,73
nolja_0803,2415,10,28,73
nolja_0803,2416,8,29,73
nolja_0803,2417,13,30,73
nolja_0803,2418,8,31,73
nolja_0803,2420,4,34,73
nolja_0803,2421,6,39,73
nolja_0803,2423,5,36,73
nolja_0803,2424,4,39,73
nolja_0803,2426,6,48,73
nolja_0803,2427,7,43,73
nolja_0803,2430,9,47,73
nolja_0803,2432,11,50,73
nolja_0803,2433,7,51,73
nolja_0803,2435,8,54,73
nolja_0803,2436,7,55,73
nolja_0803,2438,10,58,73
nolja_0803,2439,8,30,73
nolja_0803,2443,6,65,73
nolja_0803,2445,9,56,73
nolja_0803,2446,10,69,73
nolja_0803,2448,6,72,73
nolja_0803,2453,1,1,121
nolja_0803,2456,2,101,121
nolja_0803,2458,1,80,121
nolja_0803,2664,1,76,121
nolja_0803,2668,2,107,121
nolja_0803,2669,2,111,121
nolja_0803,2673,2,120,121
nolja_0803,2683,10,1,73
nolja_0803,2684,3,73,73
nolja_0803,2685,6,72,73
nolja_0803,2686,6,71,73
nolja_0803,2687,7,70,73
nolja_0803,2688,10,69,73
nolja_0803,2689,8,62,73
nolja_0803,2692,8,64,73
nolja_0803,2693,9,63,73
nolja_0803,2694,10,62,73
nolja_0803,2695,10,61,73
nolja_0803,2696,7,60,73
nolja_0803,2697,11,59,73
nolja_0803,2698,11,58,73
nolja_0803,2699,6,57,73
nolja_0803,2700,9,56,73
nolja_0803,2701,7,55,73
nolja_0803,2703,10,1,109
nolja_0803,2704,10,2,109
nolja_0803,2705,10,3,109
nolja_0803,2706,13,4,109
nolja_0803,2707,11,5,109
nolja_0803,2712,9,11,105
nolja_0803,2713,7,12,109
nolja_0803,2714,9,13,109
nolja_0803,2715,10,14,109
nolja_0803,2716,8,15,109
nolja_0803,2717,10,16,109
nolja_0803,2718,11,17,109
nolja_0803,2719,10,18,109
nolja_0803,2720,10,19,109
nolja_0803,2721,9,20,109
nolja_0803,2724,8,23,109
nolja_0803,2725,10,24,109
nolja_0803,2729,9,29,105
nolja_0803,2730,10,30,109
nolja_0803,2731,10,31,109
nolja_0803,2732,9,32,109
nolja_0803,2733,7,33,109
nolja_0803,2734,9,34,109
nolja_0803,2735,8,35,109
nolja_0803,2736,10,36,109
nolja_0803,2737,7,37,109
nolja_0803,2738,10,38,109
nolja_0803,2739,11,38,109
nolja_0803,2740,11,38,109
nolja_0803,2914,2,120,121
nolja_0803,2920,1,119,121
nolja_0803,2923,2,109,121
nolja_0803,2926,2,36,121
nolja_0803,2930,2,66,121
nolja_0803,2931,1,62,121
nolja_0803,2942,9,1,103
nolja_0803,2943,11,2,103
nolja_0803,2947,7,69,103
nolja_0803,2951,10,38,103
nolja_0803,2952,13,39,103
nolja_0803,2953,10,90,103
nolja_0803,2954,9,41,103
nolja_0803,2955,13,42,103
nolja_0803,2956,9,43,103
nolja_0803,2957,11,44,103
nolja_0803,2959,11,97,103
nolja_0803,2960,4,48,103
nolja_0803,2963,5,52,103
nolja_0803,2964,6,53,103
nolja_0803,2966,8,56,103
nolja_0803,2967,7,57,103
nolja_0803,2968,7,39,103
nolja_0803,2970,9,61,103
nolja_0803,2971,10,63,103
nolja_0803,2973,9,65,103
nolja_0803,2974,11,63,103
nolja_0803,2976,8,89,103
nolja_0803,2978,7,72,103
nolja_0803,2979,10,73,103
nolja_0803,2981,7,76,103
nolja_0803,2982,8,78,103
nolja_0803,2984,10,80,103
nolja_0803,2986,8,83,103
nolja_0803,2988,6,86,103
nolja_0803,2989,10,87,103
nolja_0803,2990,10,87,103
nolja_0803,2991,10,87,103
nolja_0803,2992,9,87,103
nolja_0803,2993,10,87,103
nolja_0803,2994,10,87,103
nolja_0803,3000,1,8,121
nolja_0803,3002,2,13,121
nolja_0803,3003,2,26,121
nolja_0803,3172,2,36,121
nolja_0803,3178,10,1,97
nolja_0803,3188,9,88,97
nolja_0803,3189,8,87,97
nolja_0803,3190,10,86,97
nolja_0803,3191,11,35,97
nolja_0803,3192,11,34,97
nolja_0803,3193,7,83,97
nolja_0803,3194,10,81,97
nolja_0803,3197,11,2,131
nolja_0803,3198,11,3,131
nolja_0803,3199,11,4,131
nolja_0803,3200,9,5,131
nolja_0803,3201,8,6,131
nolja_0803,3202,10,7,131
nolja_0803,3203,8,8,131
nolja_0803,3204,9,9,131
nolja_0803,3205,10,10,131
nolja_0803,3206,10,11,131
nolja_0803,3207,8,12,131
nolja_0803,3208,9,13,131
nolja_0803,3209,13,14,131
nolja_0803,3210,10,15,131
nolja_0803,3211,10,16,131
nolja_0803,3212,11,17,131
nolja_0803,3213,11,18,131
nolja_0803,3214,9,19,131
nolja_0803,3218,8,24,131
nolja_0803,3219,9,25,131
nolja_0803,3220,8,26,131
nolja_0803,3221,10,27,131
nolja_0803,3222,8,28,131
nolja_0803,3223,8,90,131
nolja_0803,3228,10,35,131
nolja_0803,3229,9,36,131
nolja_0803,3230,10,37,131
nolja_0803,3231,9,38,131
nolja_0803,3232,7,39,131
nolja_0803,3233,11,40,131
nolja_0803,3234,7,41,131
nolja_0803,3235,8,42,131
nolja_0803,3236,8,43,131
nolja_0803,3240,12,98,131
nolja_0803,3243,7,50,131
nolja_0803,3244,8,50,131
nolja_0803,3249,2,4,161
nolja_0803,3252,2,38,121
nolja_0803,3487,12,3,19
nolja_0803,3492,1,2,176
nolja_0803,3496,2,16,176
nolja_0803,3502,11,1,132
nolja_0803,3504,11,130,132
nolja_0803,3505,10,129,132
nolja_0803,3506,10,129,132
nolja_0803,3507,8,128,132
nolja_0803,3509,10,124,132
nolja_0803,3510,7,123,132
nolja_0803,3512,8,120,132
nolja_0803,3513,8,119,132
nolja_0803,3515,9,116,132
nolja_0803,3516,9,115,132
nolja_0803,3519,9,111,132
nolja_0803,3521,10,108,132
nolja_0803,3522,8,107,132
nolja_0803,3524,12,104,132
nolja_0803,3526,10,101,132
nolja_0803,3528,11,98,132
nolja_0803,3529,11,39,129
nolja_0803,3530,9,95,132
nolja_0803,3531,10,94,132
nolja_0803,3533,6,91,132
nolja_0803,3535,8,88,132
nolja_0803,3537,11,85,132
nolja_0803,3538,11,23,132
nolja_0803,3539,8,82,132
nolja_0803,3540,8,81,132
nolja_0803,3542,7,78,132
nolja_0803,3544,5,75,132
nolja_0803,3546,6,72,132
nolja_0803,3547,7,70,132
nolja_0803,3548,6,69,132
nolja_0803,3549,6,68,132
nolja_0803,3550,10,66,132
nolja_0803,3551,10,65,132
nolja_0803,3553,10,62,132
nolja_0803,3555,9,59,132
nolja_0803,3557,9,56,132
nolja_0803,3558,9,55,132
nolja_0803,3559,8,54,132
nolja_0803,3560,8,53,132
nolja_0803,3561,11,61,132
nolja_0803,3562,7,50,132
nolja_0803,3568,2,11,122
nolja_0803,3750,2,18,176
nolja_0803,3756,11,1,19
nolja_0803,3759,12,3,19
nolja_0803,3760,10,4,19
nolja_0803,3761,8,5,19
nolja_0803,3762,9,6,19
nolja_0803,3763,9,7,19
nolja_0803,3764,9,8,19
nolja_0803,3765,8,9,19
nolja_0803,3769,8,12,19
nolja_0803,3770,9,14,19
nolja_0803,3772,9,16,19
nolja_0803,3773,8,17,19
nolja_0803,3774,8,16,19
nolja_0803,3775,13,19,19
nolja_0803,3781,2,1,107
nolja_0803,3782,1,107,107
nolja_0803,3785,1,103,107
nolja_0803,3786,2,102,107
nolja_0803,3787,2,101,107
nolja_0803,3788,2,100,107
nolja_0803,3789,2,99,107
nolja_0803,3790,2,98,107
nolja_0803,3791,2,97,107
nolja_0803,3792,2,85,107
nolja_0803,3794,1,93,107
nolja_0803,3795,2,92,107
nolja_0803,3796,1,91,107
nolja_0803,3797,2,80,107
nolja_0803,3800,2,86,107
nolja_0803,3801,1,85,107
nolja_0803,3802,2,84,107
nolja_0803,3805,1,80,107
nolja_0803,3806,2,79,107
nolja_0803,3807,2,78,107
nolja_0803,3808,2,76,107
nolja_0803,3810,2,74,107
nolja_0803,3811,1,73,107
nolja_0803,3812,2,71,107
nolja_0803,3814,2,69,107
nolja_0803,3815,1,68,107
nolja_0803,3816,2,67,107
nolja_0803,3818,2,64,107
nolja_0803,3819,2,63,107
nolja_0803,3820,2,62,107
nolja_0803,3821,2,60,107
nolja_0803,3825,2,56,107
nolja_0803,3826,2,55,107
nolja_0803,3827,1,64,107
nolja_0803,3828,1,53,107
nolja_0803,3968,1,54,107
nolja_0803,3969,2,54,107
nolja_0803,3970,1,54,107
nolja_0803,3971,2,54,107
nolja_0803,4128,1,53,107
nolja_0803,4129,2,53,107
nolja_0803,4130,2,53,107
nolja_0803,4131,2,53,107
nolja_0803,4132,2,53,107
nolja_0803,4133,1,53,107
nolja_0803,4134,2,53,107
nolja_0803,4135,2,53,107
nolja_0803,4136,2,53,107
nolja_0803,4137,2,53,107
nolja_0803,4138,1,53,107
nolja_0803,4139,1,53,107
nolja_0803,4140,2,53,107
nolja_0803,4141,2,53,107
nolja_0803,4142,2,53,107
nolja_0803,4143,1,53,107
nolja_0803,4144,2,53,107
nolja_0803,4145,2,53,107
nolja_0803,4146,2,53,107
nolja_0803,4147,2,53,107
nolja_0803,4148,1,53,107
nolja_0803,4149,2,53,107
nolja_0803,4150,2,53,107
nolja_0803,4151,2,53,107
nolja_0803,4152,2,53,107
nolja_0803,4153,1,53,107
nolja_0803,4154,2,53,107
nolja_0803,4155,2,53,107
nolja_0803,4156,2,53,107
nolja_0803,4157,2,53,107
nolja_0803,4158,1,53,107
nolja_0803,4159,2,53,107
nolja_0803,4160,2,53,107
nolja_0803,4161,2,53,107
nolja_0803,4162,2,53,107
nolja_0803,4163,1,53,107
nolja_0803,4164,2,53,107
nolja_0803,4168,2,2,176
nolja_0803,4171,1,21,176
nolja_0803,4173,2,21,172
nolja_0803,4175,2,94,176
nolja_0803,4180,1,77,176
nolja_0803,4183,1,51,175
nolja_0803,4188,2,119,172
nolja_0803,4190,1,126,176
nolja_0803,4191,2,126,176
nolja_0803,4192,2,126,176
nolja_0803,4193,2,126,176
nolja_0803,4194,2,126,176
nolja_0803,4195,1,126,176
nolja_0803,4196,2,126,176
nolja_0803,4197,2,126,176
nolja_0803,4198,2,126,176
nolja_0803,4199,2,126,176
nolja_0803,4200,1,126,176
nolja_0803,4201,2,126,176
nolja_0803,4202,2,126,176
nolja_0803,4203,2,126,176
nolja_0803,4204,2,126,176
nolja_0803,4205,1,126,176
nolja_0803,4206,2,126,176
nolja_0803,4207,2,126,176
nolja_0803,4208,2,126,176
nolja_0803,4209,2,126,176
nolja_0803,4210,1,126,176
nolja_0803,4211,2,126,176
nolja_0803,4212,2,126,176
nolja_0803,4213,2,126,176
nolja_0803,4214,2,126,176
nolja_0803,4215,1,126,176
nolja_0803,4216,2,126,176
nolja_0803,4217,2,126,176
nolja_0803,4831,11,3,17
nolja_0803,4832,11,3,17
nolja_0803,4833,12,3,17
nolja_0803,4834,12,3,17
nolja_0803,4835,12,3,17
nolja_0803,4836,11,3,17
nolja_0803,4837,11,3,17
nolja_0803,4838,10,4,17
nolja_0803,5319,9,4,17
nolja_0803,5334,10,2,131
nolja_0803,5338,10,4,131
nolja_0803,5340,10,16,131
nolja_0803,5341,10,16,131
nolja_0803,5342,9,16,131
nolja_0803,5344,8,30,131
nolja_0803,5345,10,32,131
nolja_0803,5348,9,47,131
nolja_0803,5350,8,61,131
nolja_0803,5352,7,66,131
nolja_0803,5356,7,82,131
nolja_0803,5359,11,103,131
nolja_0803,5360,10,104,131
nolja_0803,5363,8,118,131
nolja_0803,5596,12,3,17
nolja_0803,5597,9,8,17
nolja_0803,5598,10,11,17
nolja_0803,5860,10,11,17
nolja_0803,5861,9,11,17
nolja_0803,5862,9,11,17
nolja_0803,5863,9,11,17
nolja_0803,5864,10,11,17
nolja_0803,5865,10,11,17
nolja_0803,5866,9,11,17
nolja_0803,5867,9,11,17
nolja_0803,5868,9,11,17
nolja_0803,5869,10,11,17
nolja_0803,5870,10,11,17
nolja_0803,5871,9,11,17
nolja_0803,5872,9,11,17
nolja_0803,5873,9,11,17
nolja_0803,5874,10,11,17
nolja_0803,5875,10,11,17
nolja_0803,5876,9,11,17
nolja_0803,5877,9,11,17
nolja_0803,5878,9,11,17
nolja_0803,5879,10,11,17
nolja_0803,5880,10,11,17
nolja_0803,5881,9,11,17
nolja_0803,5882,9,11,17
nolja_0803,5883,9,11,17
nolja_0803,5884,10,11,17
nolja_0803,5885,10,11,17
nolja_0803,5886,9,11,17
nolja_0803,5887,9,11,17
nolja_0803,5888,9,11,17
nolja_0803,5889,10,11,17
nolja_0803,5890,10,11,17
nolja_0803,5891,9,11,17
nolja_0803,5892,9,11,17
nolja_0803,5893,9,11,17
nolja_0803,5894,10,11,17
nolja_0803,5895,10,11,17
nolja_0803,5896,9,11,17
nolja_0803,5901,2,1,120
nolja_0803,5903,2,117,120
nolja_0803,5904,2,175,175
nolja_0803,5905,2,175,175
nolja_0803,5911,9,129,132
nolja_0803,5914,9,108,132
nolja_0803,5916,10,101,132
nolja_0803,5918,7,114,132
nolja_0803,5919,8,113,132
nolja_0803,6123,8,112,131
nolja_0803,6124,10,111,131
nolja_0803,6127,9,86,131
nolja_0803,6128,10,31,131
nolja_0803,6742,12,3,17
nolja_0803,6749,9,2,132
nolja_0803,6751,13,14,132
nolja_0803,6752,11,69,132
nolja_0803,6753,9,94,132
nolja_0803,6756,10,62,132
nolja_0803,6760,9,89,132
nolja_0803,6762,7,91,132
nolja_0803,7006,9,94,132
nolja_0803,7007,9,94,132
nolja_0803,7008,9,94,132
nolja_0803,7009,8,94,132
nolja_0803,7010,8,94,132
nolja_0803,7011,9,94,132
nolja_0803,7014,7,93,132
nolja_0803,7015,9,39,132
nolja_0803,7020,7,69,132
nolja_0803,7263,10,60,131
nolja_0803,7264,10,60,131
nolja_0803,7265,9,60,131
nolja_0803,7266,10,60,131
nolja_0803,7267,10,60,131
nolja_0803,7268,9,69,131
nolja_0803,7271,8,44,131
nolja_0803,7272,11,90,131
nolja_0803,7278,9,117,131
nolja_0803,7564,13,3,19
nolja_0803,7565,13,3,19
nolja_0803,7571,12,132,132
nolja_0803,7574,11,117,132
nolja_0803,7577,11,105,132
nolja_0803,7582,7,78,132
nolja_0803,7583,6,77,132
nolja_0803,7584,6,22,132
nolja_0803,7590,11,90,132
nolja_0803,7594,8,34,132
nolja_0803,7826,8,26,132
nolja_0803,7827,8,26,132
nolja_0803,7828,9,26,132
nolja_0803,7830,9,25,132
nolja_0803,7832,8,24,132
nolja_0803,7833,8,24,132
nolja_0803,7834,7,24,132
nolja_0803,7835,8,24,132
nolja_0803,8076,8,24,132
nolja_0803,8077,7,24,132
nolja_0803,8078,8,24,132
nolja_0803,8079,7,24,132
nolja_0803,8080,8,24,132
nolja_0803,8081,8,24,132
nolja_0803,8082,7,24,132
nolja_0803,8083,8,23,132
nolja_0803,8084,8,23,132
nolja_0803,8085,8,22,132
nolja_0803,8337,8,22,132
nolja_0803,8338,7,22,132
nolja_0803,8339,8,22,132
nolja_0803,8340,7,22,132
nolja_0803,8341,8,22,132
nolja_0803,8342,8,22,132
nolja_0803,8343,7,22,132
nolja_0803,8344,8,22,132
nolja_0803,8345,7,22,132
nolja_0803,8346,8,22,132
nolja_0803,8347,8,22,132
nolja_0803,8348,7,22,132
nolja_0803,8349,8,22,132
nolja_0803,8350,7,22,132
nolja_0803,8351,8,22,132
nolja_0803,8352,8,22,132
nolja_0803,8353,7,22,132
nolja_0803,8354,8,22,132
nolja_0803,8356,8,22,132
nolja_0803,8357,8,22,132
nolja_0803,8358,7,22,132
nolja_0803,8359,8,22,132
nolja_0803,8360,7,22,132
nolja_0803,8361,9,21,132
nolja_0803,8362,11,16,132
nolja_0803,8363,11,17,132
nolja_0803,8366,10,5,132
nolja_0803,8367,11,68,132
nolja_0803,8370,10,7,132
nolja_0803,8372,10,13,132
nolja_0803,8373,12,89,132
nolja_0803,8374,9,99,132
nolja_0803,8375,10,64,132
nolja_0803,8385,10,110,132
nolja_0803,8386,8,111,132
nolja_0803,8596,9,118,131
nolja_0803,8597,9,118,131
nolja_0803,8598,8,118,131
nolja_0803,8599,8,118,131
nolja_0803,8600,9,118,131
nolja_0803,8601,9,118,131
nolja_0803,8602,9,118,131
nolja_0803,8603,8,118,131
nolja_0803,8604,8,118,131
nolja_0803,8605,9,118,131
nolja_0803,8606,9,118,131
nolja_0803,8607,9,118,131
nolja_0803,8608,8,118,131
nolja_0803,8609,8,118,131
nolja_0803,8610,9,118,131
nolja_0803,8611,9,118,131
nolja_0803,8612,9,118,131
nolja_0803,8613,8,118,131
nolja_0803,8614,8,118,131
nolja_0803,8615,9,118,131
nolja_0803,8616,9,118,131
nolja_0803,8617,9,118,131
nolja_0803,8618,8,118,131
nolja_0803,8619,8,118,131
nolja_0803,8620,9,118,131
nolja_0803,8621,9,118,131
nolja_0803,8622,9,118,131
nolja_0803,8623,10,117,131
nolja_0803,8624,10,117,131
nolja_0803,8625,9,118,131
nolja_0803,8626,9,118,131
nolja_0803,8627,9,118,131
nolja_0803,8628,8,118,131
nolja_0803,8629,8,118,131
nolja_0803,8630,8,118,131
nolja_0803,8631,9,118,131
nolja_0803,8632,9,118,131
nolja_0803,8633,9,118,131
nolja_0803,8634,8,118,131
nolja_0803,8635,9,118,131
nolja_0803,8636,9,118,131
nolja_0803,9993,12,3,17
nolja_0803,9994,12,3,17
nolja_0803,10009,10,1,132
nolja_0803,10012,8,62,132
nolja_0803,10015,9,62,132
nolja_0803,10016,9,44,132
nolja_0803,10019,9,56,132
nolja_0803,10023,11,67,132
nolja_0803,10024,6,70,132
nolja_0803,10025,7,79,132
nolja_0803,10026,4,80,132
nolja_0803,10027,11,83,132
nolja_0803,10029,10,36,132
nolja_0803,10034,9,106,132
nolja_0803,10035,8,107,132
nolja_0803,10037,8,114,132
nolja_0803,10040,9,125,132
nolja_0803,10044,10,7,132
nolja_0803,10046,11,17,132
nolja_0803,10047,9,18,132
nolja_0803,10048,8,23,132
nolja_0803,10051,8,96,132
nolja_0803,10052,8,42,132
nolja_0803,10053,8,43,132
nolja_0803,10055,10,61,132
nolja_0803,10251,7,53,132
nolja_0803,10252,8,53,132
nolja_0803,10253,8,53,132
nolja_0803,10254,7,54,132
nolja_0803,10257,10,60,132
nolja_0803,10259,8,92,132
nolja_0803,10516,7,42,131
nolja_0803,10517,8,41,131
nolja_0803,10518,8,96,131
nolja_0803,10519,9,35,131
nolja_0803,10529,9,102,131
nolja_0803,11443,12,3,17
nolja_0803,11449,2,1,177
nolja_0803,11450,2,1,177
nolja_0803,11451,2,1,177
nolja_0803,11452,1,1,177
nolja_0803,11456,2,15,177
nolja_0803,11457,2,17,177
nolja_0803,11629,2,13,177
nolja_0803,11630,1,13,177
nolja_0803,11631,1,13,177
nolja_0803,11632,1,13,177
nolja_0803,11633,2,13,177
nolja_0803,11634,2,13,177
nolja_0803,11635,1,13,177
nolja_0803,11636,1,13,177
nolja_0803,11637,2,13,177
nolja_0803,11638,2,13,177
nolja_0803,11639,2,13,177
nolja_0803,11640,1,13,177
nolja_0803,11641,1,13,177
nolja_0803,11642,1,13,177
nolja_0803,11643,2,13,177
nolja_0803,11644,2,13,177
nolja_0803,11645,2,13,177
nolja_0803,11646,1,13,177
nolja_0803,11647,1,13,177
nolja_0803,11648,2,13,177
nolja_0803,11649,2,13,177
nolja_0803,11650,1,13,177
nolja_0803,11651,1,13,177
nolja_0803,11652,1,13,177
nolja_0803,11653,2,13,177
nolja_0803,11654,2,13,177
nolja_0803,11655,1,13,177
nolja_0803,11656,1,13,177
nolja_0803,11657,2,13,177
nolja_0803,11658,2,13,177
nolja_0803,11659,2,13,177
nolja_0803,11660,1,13,177
nolja_0803,11661,1,13,177
nolja_0803,11662,1,13,177
nolja_0803,11663,2,13,177
nolja_0803,11664,2,13,177
nolja_0803,11665,1,13,177
nolja_0803,11666,1,13,177
nolja_0803,11667,2,13,177
nolja_0803,11668,2,13,177
nolja_0803,11669,2,13,177
nolja_0803,11670,1,13,177
nolja_0803,11671,1,13,177
nolja_0803,11672,1,13,177
nolja_0803,11673,2,13,177
nolja_0803,11674,2,13,177
nolja_0803,11675,1,13,177
nolja_0803,11676,2,13,177
nolja_0803,11677,1,13,177
nolja_0803,11678,2,13,177
nolja_0803,11679,2,13,177
nolja_0803,11680,1,13,177
nolja_0803,11681,1,13,177
nolja_0803,11682,1,13,177
nolja_0803,11683,2,13,177
nolja_0803,11684,2,13,177
nolja_0803,11685,2,13,177
nolja_0803,11686,1,13,177
nolja_0803,11687,1,13,177
nolja_0803,11688,2,13,177
nolja_0803,11689,2,13,177
nolja_0803,11690,1,13,177
nolja_0803,11691,1,13,177
nolja_0803,11692,1,13,177
nolja_0803,11693,2,13,177
nolja_0803,11694,2,13,177
nolja_0803,11695,2,13,177
nolja_0803,11696,1,13,177
nolja_0803,11697,1,13,177
nolja_0803,11698,2,13,177
nolja_0803,11699,2,13,177
nolja_0803,11700,1,13,177
nolja_0803,11701,1,13,177
nolja_0803,11702,1,13,177
nolja_0803,11703,2,13,177
nolja_0803,11704,2,13,177
nolja_0803,11705,1,13,177
nolja_0803,11706,1,13,177
nolja_0803,11707,2,13,177
nolja_0803,11708,2,13,177
nolja_0803,11709,2,13,177
nolja_0803,11710,1,13,177
nolja_0803,11711,1,13,177
nolja_0803,11712,1,13,177
nolja_0803,11713,2,13,177
nolja_0803,11714,2,13,177
nolja_0803,11715,1,13,177
nolja_0803,11716,1,13,177
nolja_0803,11717,2,13,177
nolja_0803,11718,2,13,177
nolja_0803,11885,2,18,133
nolja_0803,11887,2,6,177
nolja_0803,12178,13,3,19
nolja_0803,12183,2,7,177
nolja_0803,12447,11,1,19
nolja_0803,12450,10,11,19
nolja_0803,12702,10,7,19
nolja_0803,12708,11,1,132
nolja_0803,12709,11,2,132
nolja_0803,12715,10,66,132
nolja_0803,12717,6,79,132
nolja_0803,12722,12,98,132
nolja_0803,12937,11,105,132
nolja_0803,13197,11,104,131
nolja_0803,13198,11,104,131
nolja_0803,13199,11,104,131
nolja_0803,13202,8,106,131
nolja_0803,13203,7,106,131
nolja_0803,13204,8,106,131
nolja_0803,13205,7,106,131
nolja_0803,13206,8,106,131
nolja_0803,13207,8,106,131
nolja_0803,13208,7,106,131
nolja_0803,13209,8,106,131
nolja_0803,13210,7,106,131
nolja_0803,13213,11,116,131
nolja_0803,13218,9,33,131
nolja_0803,13219,10,35,131
nolja_0803,13221,9,99,131
nolja_0803,13222,10,96,131
nolja_0803,13223,10,45,131
nolja_0803,13226,8,54,131
nolja_0803,13227,9,55,131
nolja_0803,13228,9,58,131
nolja_0808,1036,8,44,79
nolja_0808,1037,8,44,79
nolja_0808,1042,2,1,120
nolja_0808,1043,2,3,120
nolja_0808,1044,2,2,120
nolja_0808,1047,1,114,120
nolja_0808,1048,1,114,120
nolja_0808,1049,2,113,120
nolja_0808,1051,2,98,120
nolja_0808,1052,2,69,120
nolja_0808,1053,2,73,120
nolja_0808,1054,2,70,120
nolja_0808,1055,2,68,120
nolja_0808,1056,1,67,120
nolja_0808,1057,1,66,120
nolja_0808,1058,2,66,120
nolja_0808,1059,1,66,120
nolja_0808,1066,1,1,120
nolja_0808,1067,2,120,120
nolja_0808,1071,2,104,120
nolja_0808,1072,1,104,120
nolja_0808,1073,1,104,120
nolja_0808,1076,2,2,175
nolja_0808,1077,2,4,179
nolja_0808,1078,2,6,175
nolja_0808,1079,1,7,175
nolja_0808,1080,2,8,175
nolja_0808,1081,2,9,175
nolja_0808,1082,2,10,175
nolja_0808,1083,2,10,175
nolja_0808,1084,2,10,175
nolja_0808,1085,1,10,175
nolja_0808,1086,1,10,175
nolja_0808,1087,2,10,175
nolja_0808,1088,2,10,175
nolja_0808,1089,2,10,175
nolja_0808,1090,3,10,175
nolja_0808,1092,2,9,175
nolja_0808,1093,2,9,175
nolja_0808,1094,1,9,175
nolja_0808,1095,2,9,175
nolja_0808,1096,1,9,175
nolja_0808,1097,2,9,175
nolja_0808,1098,2,9,175
nolja_0808,1099,1,9,179
nolja_0808,1100,2,10,175
nolja_0808,1102,2,88,172
nolja_0808,1103,1,28,175
nolja_0808,1106,2,68,179
nolja_0808,1107,2,12,175
nolja_0808,1108,2,38,179
nolja_0808,1109,2,103,176
nolja_0808,1110,2,116,175
nolja_0808,1113,1,118,175
nolja_0808,1114,2,117,175
nolja_0808,1122,10,1,132
nolja_0808,1124,8,8,132
nolja_0808,1418,12,3,17
nolja_0808,1419,12,3,17
nolja_0808,1420,12,3,17
nolja_0808,1421,11,3,17
nolja_0808,1422,12,3,17
nolja_0808,1423,12,3,17
nolja_0808,1424,12,3,17
nolja_0808,1425,12,3,17
nolja_0808,1426,10,4,17
nolja_0808,1427,7,5,17
nolja_0808,1428,9,4,17
nolja_0808,1429,9,4,17
nolja_0808,1430,10,4,17
nolja_0808,1431,10,4,17
nolja_0808,1432,10,4,17
nolja_0808,1434,10,4,17
nolja_0808,1435,10,4,17
nolja_0808,1437,10,1,17
nolja_0808,1615,11,1,17
nolja_0808,1616,10,1,17
nolja_0808,1617,11,1,17
nolja_0808,1618,11,1,17
nolja_0808,1627,1,6,7
nolja_0808,1628,2,4,7
nolja_0808,1629,1,5,7
nolja_0808,1630,2,6,7
nolja_0808,1631,1,6,7
nolja_0808,1632,2,6,7
nolja_0808,1633,1,6,7
nolja_0808,1634,2,6,7
nolja_0808,1635,2,5,7
nolja_0808,1637,2,4,7
nolja_0808,1638,2,4,7
nolja_0808,1639,2,4,7
nolja_0808,1640,1,4,7
nolja_0808,1641,2,4,7
nolja_0808,1642,2,7,7
nolja_0808,1643,2,7,7
nolja_0808,1644,2,7,7
nolja_0808,1646,2,1,15
nolja_0808,1647,2,2,15
nolja_0808,1649,1,5,15
nolja_0808,1650,2,6,15
nolja_0808,1654,2,4,15
nolja_0808,1655,1,4,15
nolja_0808,1656,2,5,15
nolja_0808,1658,2,1,17
nolja_0808,1659,2,3,17
nolja_0808,1660,1,3,17
nolja_0808,1661,1,3,17
nolja_0808,1663,1,4,17
nolja_0808,1664,2,5,17
nolja_0808,1665,2,5,17
nolja_0808,1666,2,6,17
nolja_0808,1669,2,1,16
nolja_0808,1670,1,2,16
nolja_0808,1671,2,2,16
nolja_0808,1672,2,4,16
nolja_0808,1673,2,4,16
nolja_0808,1674,1,4,16
nolja_0808,1675,2,4,16
nolja_0808,1685,10,1,70
nolja_0808,1688,7,57,70
nolja_0808,1689,9,56,70
nolja_0808,1690,9,55,70
nolja_0808,1859,2,1,16
nolja_0808,1860,2,1,16
nolja_0808,1862,2,4,16
nolja_0808,1863,2,4,16
nolja_0808,1865,2,1,35
nolja_0808,1866,1,3,35
nolja_0808,1867,2,3,35
nolja_0808,1868,1,4,35
nolja_0808,1870,1,1,47
nolja_0808,1871,2,2,47
nolja_0808,1872,2,3,47
nolja_0808,1873,2,4,47
nolja_0808,1874,2,4,47
nolja_0808,1876,2,1,84
nolja_0808,1877,1,2,64
nolja_0808,1878,2,3,84
nolja_0808,1879,1,4,84
nolja_0808,1880,2,5,84
nolja_0808,1882,1,1,62
nolja_0808,1884,2,4,62
nolja_0808,1885,2,4,62
nolja_0808,1887,1,2,79
nolja_0808,1888,2,4,79
nolja_0808,1889,2,4,79
nolja_0808,1890,1,4,79
nolja_0808,1900,2,1,10
nolja_0808,1901,2,1,10
nolja_0808,1903,2,1,10
nolja_0808,1904,2,3,10
nolja_0808,1905,3,4,10
nolja_0808,1907,2,7,10
nolja_0808,1908,2,8,10
nolja_0808,1917,10,131,131
nolja_0808,1919,9,116,131
nolja_0808,1921,10,107,131
nolja_0808,2120,9,4,19
nolja_0808,2121,10,4,19
nolja_0808,2122,10,4,19
nolja_0808,2123,9,4,19
nolja_0808,2124,10,4,19
nolja_0808,2125,9,4,19
nolja_0808,2126,10,4,19
nolja_0808,2127,10,4,19
nolja_0808,2128,9,4,19
nolja_0808,2129,10,4,19
nolja_0808,2130,9,4,19
nolja_0808,2131,8,5,19
nolja_0808,2133,9,8,19
nolja_0808,2136,10,11,19
nolja_0808,2137,10,11,19
nolja_0808,2138,9,11,19
nolja_0808,2139,10,11,19
nolja_0808,2140,7,12,19
nolja_0808,2141,8,12,19
nolja_0808,2142,7,13,19
nolja_0808,2143,9,14,19
nolja_0808,2144,8,15,19
nolja_0808,2145,8,16,19
nolja_0808,2146,7,17,19
nolja_0808,2147,8,17,19
nolja_0808,2149,13,19,19
nolja_0808,2151,12,2,19
nolja_0808,2152,12,3,19
nolja_0808,2153,10,4,19
nolja_0808,2154,8,5,19
nolja_0808,2155,9,4,19
nolja_0808,2319,9,4,19
nolja_0808,2320,10,4,19
nolja_0808,2321,10,4,19
nolja_0808,2323,8,8,19
nolja_0808,2325,9,8,19
nolja_0808,2326,7,10,19
nolja_0808,2327,7,10,19
nolja_0808,2328,9,11,19
nolja_0808,2329,10,11,19
nolja_0808,2330,9,11,19
nolja_0808,2331,10,11,19
nolja_0808,2332,10,11,19
nolja_0808,2334,8,13,19
nolja_0808,2335,9,14,19
nolja_0808,2336,7,15,19
nolja_0808,2337,7,15,19
nolja_0808,2338,9,16,19
nolja_0808,2341,11,1,19
nolja_0808,2342,11,1,19
nolja_0808,2346,9,1,10
nolja_0808,2347,11,9,10
nolja_0808,2348,8,8,10
nolja_0808,2349,8,7,10
nolja_0808,2350,10,6,10
nolja_0808,2351,8,5,10
nolja_0808,2352,8,5,10
nolja_0808,2354,12,4,10
nolja_0808,2355,11,4,10
nolja_0808,2356,12,4,10
nolja_0808,2358,10,10,10
nolja_0808,2359,8,1,10
nolja_0808,2361,11,9,10
nolja_0808,2363,8,8,10
nolja_0808,2365,8,8,10
nolja_0808,2366,7,8,10
nolja_0808,2367,8,8,10
nolja_0808,2527,7,8,10
nolja_0808,2528,7,8,10
nolja_0808,2529,7,8,10
nolja_0808,2530,8,8,10
nolja_0808,2679,2,10,11
nolja_0808,2680,2,10,11
nolja_0808,2681,2,10,11
nolja_0808,2737,2,1,56
nolja_0808,2738,2,1,56
nolja_0808,2742,2,1,29
nolja_0808,2743,2,3,29
nolja_0808,2744,2,6,29
nolja_0808,2755,2,1,29
nolja_0808,2758,1,12,29
nolja_0808,2759,2,13,29
nolja_0808,2760,1,12,29
nolja_0808,2761,2,10,29
nolja_0808,2762,2,9,29
nolja_0808,2764,1,9,29
nolja_0808,2765,2,9,29
nolja_0808,2884,2,16,89
nolja_0808,2885,2,1,29
nolja_0808,2886,2,18,29
nolja_0808,2887,2,16,29
nolja_0808,2888,2,16,29
nolja_0808,2966,2,16,29
nolja_0808,2967,1,14,29
nolja_0808,2968,2,9,29
nolja_0808,2969,2,10,29
nolja_0808,3078,12,3,19
nolja_0808,3079,12,3,19
nolja_0808,3080,13,3,19
nolja_0808,3081,13,3,19
nolja_0808,3082,12,3,19
nolja_0808,3083,13,3,19
nolja_0808,3084,12,3,19
nolja_0808,3085,10,4,19
nolja_0808,3086,9,4,19
nolja_0808,3088,8,5,19
nolja_0808,3089,7,5,19
nolja_0808,3090,8,5,19
nolja_0808,3091,8,5,19
nolja_0808,3092,7,5,19
nolja_0808,3093,8,5,19
nolja_0808,3094,7,5,19
nolja_0808,3095,8,5,19
nolja_0808,3096,8,5,19
nolja_0808,3097,7,5,19
nolja_0808,3100,8,13,19
nolja_0808,3101,8,14,19
nolja_0808,3102,9,14,19
nolja_0808,3103,9,14,19
nolja_0808,3105,9,14,19
nolja_0808,3106,9,14,19
nolja_0808,3290,9,14,19
nolja_0808,3313,8,19,19
nolja_0808,3314,8,16,19
nolja_0808,3315,8,17,19
nolja_0808,3317,12,19,19
nolja_0808,3318,10,1,19
nolja_0808,3321,10,4,19
nolja_0808,3323,10,7,19
nolja_0808,3324,9,8,19
nolja_0808,3326,9,8,19
nolja_0808,3328,9,8,19
nolja_0808,3329,9,8,19
nolja_0808,3330,8,8,19
nolja_0808,3331,9,8,19
nolja_0808,3485,9,8,19
nolja_0808,3487,7,9,19
nolja_0808,3488,8,9,19
nolja_0808,3489,8,9,19
nolja_0808,3490,8,9,19
nolja_0808,3491,8,9,19
nolja_0808,3492,7,9,19
nolja_0808,3493,8,9,19
nolja_0808,3494,8,9,19
nolja_0808,3505,1,1,11
nolja_0808,3506,2,1,11
nolja_0808,3507,2,10,11
nolja_0808,3662,1,10,11
nolja_0808,3663,2,10,11
nolja_0808,3664,2,10,11
nolja_0808,3665,1,10,11
nolja_0808,3666,2,10,11
nolja_0808,3667,2,11,11
nolja_0808,3668,2,2,11
nolja_0808,3669,2,4,11
nolja_0808,3670,2,7,11
nolja_0808,3700,9,1,10
nolja_0808,3702,9,2,10
nolja_0808,3703,12,4,10
nolja_0808,3704,8,5,10
nolja_0808,3705,10,6,10
nolja_0808,3706,9,7,10
nolja_0808,3707,8,8,10
nolja_0808,3710,8,7,10
nolja_0808,3711,9,7,10
nolja_0808,3713,9,7,10
nolja_0808,3714,8,7,10
nolja_0808,3715,8,7,10
nolja_0808,3858,9,7,10
nolja_0808,3859,9,7,10
nolja_0808,3860,8,7,10
nolja_0808,3861,9,7,10
nolja_0808,3862,9,7,10
nolja_0808,3863,8,7,10
nolja_0808,3864,9,7,10
nolja_0808,3865,8,7,10
nolja_0808,3866,9,7,10
nolja_0808,3867,9,7,10
nolja_0808,3868,9,7,10
nolja_0808,3869,9,7,10
nolja_0808,3870,8,7,10
nolja_0808,3871,9,7,10
nolja_0808,3872,9,7,10
nolja_0808,3873,8,7,10
nolja_0808,3874,9,7,10
nolja_0808,3875,9,7,10
nolja_0808,3876,9,7,10
nolja_0808,3877,9,7,10
nolja_0808,3878,9,7,10
nolja_0808,3879,9,7,10
nolja_0808,3880,8,7,10
nolja_0808,3881,9,7,10
nolja_0808,3882,9,7,10
nolja_0808,3883,8,7,10
nolja_0808,3884,9,7,10
nolja_0808,3885,9,7,10
nolja_0808,3886,9,7,10
nolja_0808,3887,9,7,10
nolja_0808,3888,9,7,10
nolja_0808,3889,8,7,10
nolja_0808,3890,8,7,10
nolja_0808,3891,9,7,10
nolja_0808,3892,9,7,10
nolja_0808,3893,8,7,10
nolja_0808,3894,9,7,10
nolja_0808,3895,8,7,10
nolja_0808,3896,9,7,10
nolja_0808,3897,9,7,10
nolja_0808,3898,9,7,10
nolja_0808,3899,9,7,10
nolja_0808,3900,9,7,10
nolja_0808,3901,9,7,10
nolja_0808,3902,9,7,10
nolja_0808,3903,8,7,10
nolja_0808,3904,9,7,10
nolja_0808,3905,8,7,10
nolja_0808,3906,9,7,10
nolja_0808,3907,9,7,10
nolja_0808,3908,9,7,10
nolja_0808,3909,9,7,10
nolja_0808,3910,8,7,10
nolja_0808,3911,9,7,10
nolja_0808,3912,9,7,10
nolja_0808,3913,8,7,10
nolja_0808,3914,9,7,10
nolja_0808,3915,8,7,10
nolja_0808,3916,9,7,10
nolja_0808,3917,9,7,10
nolja_0808,3918,9,7,10
nolja_0808,3919,9,7,10
nolja_0808,3921,8,8,10
nolja_0808,3922,7,8,10
nolja_0808,3923,8,8,10
nolja_0808,3924,7,8,10
nolja_0808,3925,8,8,10
nolja_0808,3926,8,8,10
nolja_0808,3927,7,8,10
nolja_0808,3928,8,8,10
nolja_0808,3929,7,6,10
nolja_0808,3940,2,10,29
nolja_0808,4164,2,1,120
nolja_0808,4165,2,117,120
nolja_0808,4166,1,118,120
nolja_0808,4167,2,118,120
nolja_0808,4168,2,118,120
nolja_0808,4169,1,118,120
nolja_0808,4170,1,118,120
nolja_0808,4171,1,118,120
nolja_0808,4172,2,119,120
nolja_0808,4175,2,113,120
nolja_0808,4176,2,112,120
nolja_0808,4177,2,112,120
nolja_0808,4178,1,112,120
nolja_0808,4179,2,110,120
nolja_0808,4329,2,109,120
nolja_0808,4336,1,1,132
nolja_0808,4347,1,41,132
nolja_0808,4349,2,46,132
nolja_0808,4486,2,46,132
nolja_0808,4489,2,1,51
nolja_0808,4493,2,11,51
nolja_0808,4515,2,12,51
nolja_0808,4520,2,30,61
nolja_0808,4521,1,32,51
nolja_0808,4522,2,31,51
nolja_0808,4523,1,29,51
nolja_0808,4524,2,29,51
nolja_0808,4525,1,29,51
nolja_0808,4526,2,29,51
nolja_0808,4527,2,29,51
nolja_0808,4531,2,16,61
nolja_0808,4533,1,11,51
nolja_0808,4534,1,11,51
nolja_0808,4535,2,11,51
nolja_0808,4694,2,12,51
nolja_0808,4696,2,1,23
nolja_0808,4698,2,6,23
nolja_0808,4907,2,4,23
nolja_0808,5057,13,3,19
nolja_0808,5058,13,3,19
nolja_0808,5059,12,3,19
nolja_0808,5060,12,3,19
nolja_0808,5061,12,3,19
nolja_0808,5069,1,1,145
nolja_0808,5070,2,1,145
nolja_0808,5071,1,1,145
nolja_0808,5072,2,1,145
nolja_0808,5073,2,1,145
nolja_0808,5074,1,1,145
nolja_0808,5075,2,1,145
nolja_0808,5076,1,1,145
nolja_0808,5079,2,5,145
nolja_0808,5080,1,5,145
nolja_0808,5081,2,5,145
nolja_0808,5082,1,5,145
nolja_0808,5083,2,4,145
nolja_0808,5086,2,138,145
nolja_0808,5087,2,138,145
nolja_0808,5100,1,3,96
nolja_0808,5101,2,3,96
nolja_0808,5102,2,3,96
nolja_0808,5105,2,92,96
nolja_0808,5106,2,90,96
nolja_0808,5108,1,1,107
nolja_0808,5111,2,5,107
nolja_0808,5112,1,5,107
nolja_0808,5113,2,5,107
nolja_0808,5114,1,5,107
nolja_0808,5116,1,1,111
nolja_0808,5117,2,1,111
nolja_0808,5118,2,1,111
nolja_0808,5119,1,111,111
nolja_0808,5120,2,108,111
nolja_0808,5122,2,68,111
nolja_0808,5123,2,70,111
nolja_0808,5124,1,67,111
nolja_0808,5125,2,67,111
nolja_0808,5126,2,67,111
nolja_0808,5128,2,74,111
nolja_0808,5130,2,39,111
nolja_0808,5132,2,100,111
nolja_0808,5133,2,101,111
nolja_0808,5141,12,2,73
nolja_0808,5143,7,14,73
nolja_0808,5290,8,22,73
nolja_0808,5291,9,22,73
nolja_0808,5292,9,22,73
nolja_0808,5293,8,22,73
nolja_0808,5294,9,22,73
nolja_0808,5295,8,22,73
nolja_0808,5296,9,22,73
nolja_0808,5297,9,22,73
nolja_0808,5298,8,22,73
nolja_0808,5299,9,22,73
nolja_0808,5300,8,22,73
nolja_0808,5301,9,22,73
nolja_0808,5302,9,22,73
nolja_0808,5303,8,22,73
nolja_0808,5308,2,1,111
nolja_0808,5309,2,1,111
nolja_0808,5310,1,111,111
nolja_0808,5314,2,101,111
nolja_0808,5315,1,101,111
nolja_0808,5318,2,3,79
nolja_0808,5319,1,3,79
nolja_0808,5320,2,3,79
nolja_0808,5321,2,3,79
nolja_0808,5325,2,68,79
nolja_0808,5327,2,60,79
nolja_0808,5328,1,61,79
nolja_0808,5329,2,61,79
nolja_0808,5330,2,61,79
nolja_0808,5331,1,60,79
nolja_0808,5333,2,47,79
nolja_0808,5334,2,38,79
nolja_0808,5338,2,19,72
nolja_0808,5340,2,3,79
nolja_0808,5341,2,19,79
nolja_0808,5342,1,78,79
nolja_0808,5345,2,63,79
nolja_0808,5347,1,62,79
nolja_0808,5348,1,61,79
nolja_0808,5349,2,61,79
nolja_0808,5350,2,61,79
nolja_0808,5351,2,61,79
nolja_0808,5352,1,61,79
nolja_0808,5353,2,61,79
nolja_0808,5355,2,62,79
nolja_0808,5356,1,62,79
nolja_0808,5357,2,62,79
nolja_0808,5358,1,61,79
nolja_0808,5362,2,35,79
nolja_0808,5369,11,2,73
nolja_0808,5370,9,6,73
nolja_0808,5371,13,16,73
nolja_0808,5373,9,22,73
nolja_0808,5539,1,1,65
nolja_0808,5541,2,4,65
nolja_0808,5542,2,4,65
nolja_0808,5543,2,4,65
nolja_0808,5544,1,4,65
nolja_0808,5545,2,4,65
nolja_0808,5546,2,4,65
nolja_0808,5548,2,1,121
nolja_0808,5549,2,2,121
nolja_0808,5551,2,14,121
nolja_0808,5553,1,11,121
nolja_0808,5554,1,10,121
nolja_0808,5555,1,10,121
nolja_0808,5556,2,10,121
nolja_0808,5560,2,91,121
nolja_0808,5561,2,26,121
nolja_0808,5562,1,29,121
nolja_0808,5564,2,38,181
nolja_0808,5566,2,58,121
nolja_0808,5567,2,56,121
nolja_0808,5568,1,59,121
nolja_0808,5572,2,66,121
nolja_0808,5573,1,66,121
nolja_0808,5574,2,66,121
nolja_0808,5575,1,86,121
nolja_0808,5577,2,67,121
nolja_0808,5578,2,67,121
nolja_0808,5579,2,68,121
nolja_0808,5580,1,71,121
nolja_0808,5582,2,65,121
nolja_0808,5583,2,65,121
nolja_0808,5584,1,65,121
nolja_0808,5585,1,65,121
nolja_0808,5586,2,65,121
nolja_0808,5588,2,68,121
nolja_0808,5589,2,68,121
nolja_0808,5590,1,68,121
nolja_0808,5592,2,75,121
nolja_0808,5598,1,105,121
nolja_0808,5599,1,105,121
nolja_0808,5602,2,109,121
nolja_0808,5608,5,1,81
nolja_0808,5609,4,1,81
nolja_0808,5610,3,81,81
nolja_0808,5614,7,41,61
nolja_0808,5746,7,38,79
nolja_0808,5751,1,2,176
nolja_0808,5753,2,8,176
nolja_0808,5754,2,8,176
nolja_0808,5755,2,10,176
nolja_0808,5756,2,10,176
nolja_0808,5757,2,10,176
nolja_0808,5758,1,11,176
nolja_0808,5759,2,11,176
nolja_0808,5762,2,21,136
nolja_0808,5763,2,39,172
nolja_0808,5764,2,61,172
nolja_0808,5765,2,63,132
nolja_0808,5766,2,61,172
nolja_0808,5767,2,89,172
nolja_0808,5768,2,111,172
nolja_0808,5769,1,166,172
nolja_0808,5770,1,119,176
nolja_0808,5771,2,119,176
nolja_0808,5773,2,119,176
nolja_0808,5776,2,130,176
nolja_0808,5777,1,130,176
nolja_0808,5778,2,130,176
nolja_0808,5779,2,130,176
nolja_0808,5784,2,158,176
nolja_0808,5785,2,160,176
nolja_0808,5786,2,160,176
nolja_0808,5787,2,160,176
nolja_0808,5788,2,160,176
nolja_0808,5797,2,169,177
nolja_0808,5800,2,163,177
nolja_0808,5801,1,162,177
nolja_0808,5807,2,122,177
nolja_0808,5808,2,122,177
nolja_0808,5809,2,122,177
nolja_0808,5814,11,1,19
nolja_0808,5816,10,7,19
nolja_0808,5995,10,7,19
nolja_0808,6000,2,1,157
nolja_0808,6001,2,3,157
nolja_0808,6004,2,8,157
nolja_0808,6005,2,10,157
nolja_0808,6006,1,11,157
nolja_0808,6007,1,12,157
nolja_0808,6008,1,12,157
nolja_0808,6009,1,12,157
nolja_0808,6010,2,12,157
nolja_0808,6011,2,12,157
nolja_0808,6012,1,12,157
nolja_0808,6018,2,137,157
nolja_0808,6021,2,138,157
nolja_0808,6022,2,138,157
nolja_0808,6023,2,137,157
nolja_0808,6025,2,130,157
nolja_0808,6028,2,110,197
nolja_0808,6031,1,100,157
nolja_0808,6032,1,100,157
nolja_0808,6033,2,100,157
nolja_0808,6034,1,101,157
nolja_0808,6035,2,101,157
nolja_0808,6073,10,2,131
nolja_0808,6574,11,1,19
nolja_0808,6583,2,1,11
nolja_0808,6584,2,1,11
nolja_0808,6588,1,10,11
nolja_0808,6589,2,10,11
nolja_0808,6590,2,10,11
nolja_0808,6704,13,3,19
nolja_0808,6705,13,3,19
nolja_0808,6713,9,125,132
nolja_0808,6714,11,117,132
nolja_0808,6717,8,120,132
nolja_0808,6904,9,1,109
nolja_0808,6905,10,1,109
nolja_0808,6906,7,109,109
nolja_0808,6909,8,21,109
nolja_0808,6911,8,35,109
nolja_0808,7147,10,36,109
nolja_0808,7149,10,1,132
nolja_0808,7152,8,68,132
nolja_0808,7153,10,32,132
nolja_0808,7154,8,43,132
nolja_0808,7155,8,42,132
nolja_0808,7412,7,42,132
nolja_0808,7417,2,1,121
nolja_0808,7420,2,7,121
nolja_0808,7422,2,9,121
nolja_0808,7424,1,11,121
nolja_0808,7426,2,14,121
nolja_0808,7675,2,14,121
nolja_0808,7676,2,14,121
nolja_0808,7678,2,1,176
nolja_0808,7679,1,2,176
nolja_0808,7681,2,5,176
nolja_0808,7683,2,9,176
nolja_0808,7685,2,13,176
nolja_0808,7686,2,15,176
nolja_0808,7687,2,17,176
nolja_0808,7688,2,18,176
nolja_0808,7692,2,22,176
nolja_0808,7694,1,29,176
nolja_0808,7695,2,28,172
nolja_0808,7699,1,32,176
nolja_0808,7700,1,33,176
nolja_0808,7701,3,34,176
nolja_0808,8461,13,3,19
nolja_0808,8462,12,3,19
nolja_0808,8463,10,4,19
nolja_0808,8465,8,5,19
nolja_0808,8466,9,6,19
nolja_0808,8467,9,7,19
nolja_0808,8469,8,9,19
nolja_0808,8472,7,12,19
nolja_0808,8475,9,14,19
nolja_0808,8476,8,15,19
nolja_0808,8477,8,15,19
nolja_0808,8673,9,14,19
nolja_0808,8674,9,14,19
nolja_0808,8675,9,14,19
nolja_0808,8677,8,15,19
nolja_0808,8678,8,16,19
nolja_0808,8679,8,16,19
nolja_0808,8931,9,16,19
nolja_0808,8936,11,9,132
nolja_0808,8938,10,20,132
nolja_0808,8939,10,39,132
nolja_0808,8940,8,50,132
nolja_0808,8941,7,57,132
nolja_0808,8942,9,58,132
nolja_0808,9178,9,58,132
nolja_0808,9183,2,1,121
nolja_0808,9184,2,121,121
nolja_0808,9188,1,110,121
nolja_0808,9189,2,108,121
nolja_0808,9191,2,101,121
nolja_0808,9192,2,97,121
nolja_0808,9193,2,93,121
nolja_0808,9195,2,66,121
nolja_0808,9201,2,56,121
nolja_0808,9209,2,41,121
nolja_0808,9431,2,41,121
nolja_0808,9434,10,1,17
nolja_0808,9436,11,1,19
nolja_0808,9784,13,3,19
nolja_0808,9785,13,3,19
nolja_0808,9786,13,3,19
nolja_0808,9792,2,1,177
nolja_0808,9795,2,166,177
nolja_0808,9799,2,150,177
nolja_0808,9800,1,148,177
nolja_0808,9945,2,153,177
nolja_0808,9946,2,153,177
nolja_0808,9949,2,1,157
nolja_0808,10106,2,11,157
nolja_0808,10107,2,11,157
nolja_0808,10109,3,14,157
nolja_0808,10114,1,1,120
nolja_0808,10120,2,106,120
nolja_0808,10121,2,105,120
nolja_0808,10298,2,106,120
nolja_0808,10299,2,106,120
nolja_0808,10300,1,106,120
nolja_0808,10301,2,106,120
nolja_0808,10302,2,104,120
nolja_0808,10303,2,102,120
nolja_0808,10305,1,100,120
nolja_0808,10306,2,62,120
nolja_0808,10308,2,95,120
nolja_0808,10309,2,84,120
nolja_0808,10310,1,93,120
nolja_0808,10311,2,92,120
nolja_0808,10312,1,91,120
nolja_0808,10313,1,91,120
nolja_0808,10314,2,91,120
nolja_0808,10315,2,91,120
nolja_0808,10316,2,91,120
nolja_0808,10317,1,91,120
nolja_0808,10318,1,91,120
nolja_0808,10319,2,91,120
nolja_0808,10320,2,91,120
nolja_0808,10321,2,91,120
nolja_0808,10322,1,91,120
nolja_0808,10323,1,91,120
nolja_0808,10324,2,91,120
nolja_0808,10325,2,91,120
nolja_0808,10326,2,91,120
nolja_0808,10327,1,91,120
nolja_0808,10328,2,90,120
nolja_0808,10329,2,88,120
nolja_0808,10330,2,87,120
nolja_0808,10331,1,87,120
nolja_0808,10492,2,88,120
nolja_0808,10493,2,88,120
nolja_0808,10494,1,88,120
nolja_0808,10495,1,86,120
nolja_0808,10496,1,88,120
nolja_0808,10497,2,86,120
nolja_0808,10498,2,88,120
nolja_0808,10499,1,86,120
nolja_0808,10500,1,86,120
nolja_0808,10501,1,88,120
nolja_0808,10502,2,88,120
nolja_0808,10503,2,88,120
nolja_0808,10504,1,88,120
nolja_0808,10507,1,63,120
nolja_0808,10509,2,78,120
nolja_0808,10510,1,76,120
nolja_0808,10513,2,69,120
nolja_0808,10516,2,61,120
nolja_0808,10520,2,1,132
nolja_0808,10521,1,1,132
nolja_0808,10522,2,1,132
nolja_0808,10523,2,1,132
nolja_0808,10524,2,1,132
nolja_0808,10525,2,132,132
nolja_0808,10526,3,132,132
nolja_0808,10946,12,3,19
nolja_0808,10947,13,3,19
nolja_0808,10948,13,3,19
nolja_0808,10949,12,3,19
nolja_0808,10950,13,3,19
nolja_0808,10951,12,3,19
nolja_0808,10952,13,3,19
nolja_0808,10953,13,3,19
nolja_0808,10954,12,3,19
nolja_0808,10955,13,3,19
nolja_0808,10956,12,3,19
nolja_0808,10958,8,5,19
nolja_0808,10960,9,6,19
nolja_0808,10962,7,10,19
nolja_0808,10963,10,11,19
nolja_0808,10964,8,12,19
nolja_0808,10965,8,12,19
nolja_0808,10966,9,14,19
nolja_0808,10967,9,14,19
nolja_0808,10968,8,15,19
nolja_0808,11164,9,14,19
nolja_0808,11165,8,14,19
nolja_0808,11166,8,14,19
nolja_0808,11167,8,14,19
nolja_0808,11168,9,14,19
nolja_0808,11177,2,1,132
nolja_0808,11179,1,131,132
nolja_0808,11180,2,128,132
nolja_0808,11186,1,116,132
nolja_0808,11188,2,112,132
nolja_0808,11189,2,109,132
nolja_0808,11192,1,104,132
nolja_0808,11193,2,102,132
nolja_0808,11194,2,100,132
nolja_0808,11195,1,88,132
nolja_0808,11196,1,96,132
nolja_0808,11197,2,99,132
nolja_0808,11199,2,89,132
nolja_0808,11209,2,65,132
nolja_0808,11213,2,68,132
nolja_0808,11214,1,80,132
nolja_0808,11218,2,90,132
nolja_0808,11222,2,30,132
nolja_0808,11223,2,28,132
nolja_0808,11225,2,83,132
nolja_0808,11227,2,19,132
nolja_0808,11228,2,17,132
nolja_0808,11229,2,16,132
nolja_0808,11230,2,17,132
nolja_0808,11403,1,18,132
nolja_0808,11404,2,18,132
nolja_0808,11405,1,18,132
nolja_0808,11406,2,18,132
nolja_0808,11407,2,18,132
nolja_0808,11408,1,18,132
nolja_0808,11409,2,18,132
nolja_0808,11410,1,18,132
nolja_0808,11411,2,18,132
nolja_0808,11414,2,1,120
nolja_0808,11415,2,1,120
nolja_0808,11416,1,1,120
nolja_0808,11418,1,116,160
nolja_0808,11422,1,111,120
nolja_0808,11423,2,110,120
nolja_0808,11429,1,88,120
nolja_0808,11430,1,96,120
nolja_0808,11432,2,93,120
nolja_0810,215,2,66,111
nolja_0810,232,1,1,79
nolja_0810,233,2,2,79
nolja_0810,234,2,7,79
nolja_0810,235,1,8,79
nolja_0810,236,2,6,79
nolja_0810,237,1,6,79
nolja_0810,396,1,6,79
nolja_0810,397,1,6,79
nolja_0810,398,2,6,79
nolja_0810,399,2,6,79
nolja_0810,400,2,6,79
nolja_0810,401,2,6,79
nolja_0810,402,1,6,79
nolja_0810,403,1,6,79
nolja_0810,404,2,6,79
nolja_0810,405,2,6,79
nolja_0810,406,2,6,79
nolja_0810,407,1,6,79
nolja_0810,408,2,6,79
nolja_0810,409,2,6,79
nolja_0810,410,2,6,79
nolja_0810,411,2,6,79
nolja_0810,412,1,6,79
nolja_0810,413,1,6,79
nolja_0810,414,2,6,79
nolja_0810,415,2,6,79
nolja_0810,416,2,9,79
nolja_0810,418,2,25,79
nolja_0810,588,12,3,17
nolja_0810,589,12,8,17
nolja_0810,590,12,3,17
nolja_0810,591,12,3,17
nolja_0810,592,12,3,17
nolja_0810,593,12,3,17
nolja_0810,597,2,1,65
nolja_0810,598,2,65,65
nolja_0810,599,2,65,65
nolja_0810,619,10,132,132
nolja_0810,620,11,132,132
nolja_0810,624,9,118,132
nolja_0810,812,10,1,70
nolja_0810,813,3,70,70
nolja_0810,816,7,57,70
nolja_0810,999,10,52,67
nolja_0810,1009,5,71,131
nolja_0810,1010,6,71,131
nolja_0810,1011,6,71,131
nolja_0810,1012,6,71,131
nolja_0810,1124,6,4,62
nolja_0810,1125,6,4,62
nolja_0810,1130,6,4,62
nolja_0810,1131,12,3,62
nolja_0810,1133,3,60,62
nolja_0810,1134,2,59,62
nolja_0810,1137,3,61,62
nolja_0810,1140,4,43,62
nolja_0810,1284,11,3,17
nolja_0810,1285,11,3,17
nolja_0810,1286,12,3,17
nolja_0810,1287,12,3,17
nolja_0810,1288,11,3,17
nolja_0810,1289,11,3,17
nolja_0810,1290,11,3,17
nolja_0810,1291,12,3,17
nolja_0810,1292,12,3,17
nolja_0810,1293,11,3,17
nolja_0810,1294,11,3,17
nolja_0810,1295,11,3,17
nolja_0810,1296,12,3,17
nolja_0810,1297,12,3,17
nolja_0810,1298,11,3,17
nolja_0810,1299,11,3,17
nolja_0810,1300,11,3,17
nolja_0810,1301,12,3,17
nolja_0810,1302,12,3,17
nolja_0810,1303,11,3,17
nolja_0810,1304,11,3,17
nolja_0810,1305,11,3,17
nolja_0810,1306,12,3,17
nolja_0810,1307,12,3,17
nolja_0810,1308,11,3,17
nolja_0810,1309,11,3,17
nolja_0810,1310,12,3,17
nolja_0810,1311,12,3,17
nolja_0810,1312,12,3,17
nolja_0810,1313,11,3,17
nolja_0810,1314,11,3,17
nolja_0810,1321,10,124,132
nolja_0810,1544,10,112,132
nolja_0810,1555,2,64,65
nolja_0810,1557,2,55,65
nolja_0810,1797,1,55,65
nolja_0810,1802,10,1,67
nolja_0810,1803,9,1,67
nolja_0810,1804,10,1,67
nolja_0810,1805,9,1,67
nolja_0810,1806,10,1,67
nolja_0810,1808,8,1,71
nolja_0810,2030,12,8,17
nolja_0810,2032,12,3,17
nolja_0810,2033,11,3,17
nolja_0810,2034,11,3,17
nolja_0810,2035,12,3,17
nolja_0810,2048,10,1,73
nolja_0810,2290,10,58,70
nolja_0810,2291,10,58,70
nolja_0810,2292,10,58,70
nolja_0810,2293,9,58,70
nolja_0810,2298,10,1,79
nolja_0810,2301,2,78,79
nolja_0810,2302,11,69,79
nolja_0810,2532,9,1,131
nolja_0810,2534,8,128,131
nolja_0810,2540,9,66,131
nolja_0810,2858,12,3,17
nolja_0810,2859,12,3,17
nolja_0810,2860,11,3,17
nolja_0810,2861,12,3,17
nolja_0810,2866,10,1,132
nolja_0810,2867,11,132,132
nolja_0810,2870,9,105,132
nolja_0810,3118,9,105,132
nolja_0810,3126,9,1,104
nolja_0810,3127,10,1,104
nolja_0810,3128,9,8,109
nolja_0810,3130,8,18,109
nolja_0810,3131,7,67,104
nolja_0810,3132,8,49,104
nolja_0810,3133,7,45,104
nolja_0810,3134,8,45,104
nolja_0810,3754,2,1,120
nolja_0810,3755,2,1,120
nolja_0810,3756,1,1,120
nolja_0810,3757,2,1,120
nolja_0810,3768,2,1,146
nolja_0810,3769,2,3,146
nolja_0810,3770,2,8,139
nolja_0810,3771,2,14,148
nolja_0810,3772,2,24,146
nolja_0810,3941,2,25,146
nolja_0810,3942,1,25,146
nolja_0810,3943,2,25,146
nolja_0810,3944,2,25,146
nolja_0810,3945,1,25,149
nolja_0810,3946,2,25,146
nolja_0810,3947,1,25,146
nolja_0810,3948,2,25,146
nolja_0810,3949,2,25,146
nolja_0810,3950,2,25,146
nolja_0810,3951,2,25,146
nolja_0810,3952,1,25,149
nolja_0810,3953,2,25,149
nolja_0810,3954,2,25,146
nolja_0810,3955,1,25,149
nolja_0810,3956,2,25,146
nolja_0810,3957,1,25,146
nolja_0810,3958,2,25,146
nolja_0810,3959,2,25,146
nolja_0810,3960,2,25,146
nolja_0810,3961,2,25,146
nolja_0810,3962,2,25,146
nolja_0810,3963,2,25,146
nolja_0810,3964,2,25,146
nolja_0810,3965,1,25,146
nolja_0810,3966,2,25,146
nolja_0810,3967,1,25,146
nolja_0810,3968,2,25,149
nolja_0810,3969,2,25,146
nolja_0810,3970,2,25,146
nolja_0810,3971,2,25,146
nolja_0810,3972,1,25,146
nolja_0810,3973,2,25,146
nolja_0810,3974,2,25,146
nolja_0810,3975,1,25,149
nolja_0810,3976,2,25,149
nolja_0810,3977,1,25,149
nolja_0810,3978,2,25,149
nolja_0810,3979,2,25,149
nolja_0810,3980,2,25,149
nolja_0810,3981,2,25,146
nolja_0810,3982,2,25,149
nolja_0810,3983,2,25,146
nolja_0810,3984,2,25,146
nolja_0810,3985,1,25,149
nolja_0810,3986,2,25,149
nolja_0810,3987,1,25,146
nolja_0810,3988,2,25,146
nolja_0810,3989,2,25,146
nolja_0810,3990,2,25,146
nolja_0810,3991,2,25,149
nolja_0810,3992,1,25,149
nolja_0810,3993,2,25,146
nolja_0810,3994,2,25,146
nolja_0810,3997,2,1,65
nolja_0810,4001,1,52,65
nolja_0810,4174,1,53,65
nolja_0810,4175,2,53,65
nolja_0810,4176,2,53,65
nolja_0810,4177,1,53,65
nolja_0810,4178,2,53,65
nolja_0810,4179,1,53,65
nolja_0810,4180,2,53,65
nolja_0810,4181,2,53,65
nolja_0810,4400,12,3,17
nolja_0810,4412,10,2,132
nolja_0810,4417,9,11,132
nolja_0810,4418,9,9,132
nolja_0810,4419,10,7,132
nolja_0810,4420,10,7,132
nolja_0810,4659,8,9,17
nolja_0810,4660,7,9,17
nolja_0810,4661,8,9,17
nolja_0810,4662,8,9,17
nolja_0810,4664,9,1,132
nolja_0810,4665,10,1,132
nolja_0810,4666,11,132,132
nolja_0810,4667,11,132,132
nolja_0810,4668,8,131,132
nolja_0810,4670,11,130,132
nolja_0810,4671,9,129,132
nolja_0810,4673,8,127,132
nolja_0810,4675,8,125,132
nolja_0810,4676,10,124,132
nolja_0810,4677,8,123,132
nolja_0810,4678,8,122,132
nolja_0810,4680,9,119,132
nolja_0810,4681,10,118,132
nolja_0810,4682,10,118,132
nolja_0810,4683,10,117,132
nolja_0810,4685,9,115,132
nolja_0810,4686,8,115,132
nolja_0810,4687,9,115,132
nolja_0810,4688,8,113,132
nolja_0810,4689,10,112,132
nolja_0810,4690,8,111,132
nolja_0810,4691,9,111,132
nolja_0810,4913,9,110,131
nolja_0810,4915,9,110,131
nolja_0810,4916,8,110,131
nolja_0810,4917,9,110,131
nolja_0810,4918,8,110,131
nolja_0810,4919,9,110,131
nolja_0810,4920,9,110,131
nolja_0810,4921,8,110,131
nolja_0810,4922,9,110,131
nolja_0810,4923,8,110,131
nolja_0810,4924,9,110,131
nolja_0810,4925,9,110,131
nolja_0810,4926,8,110,131
nolja_0810,4927,10,109,131
nolja_0810,4928,9,109,131
nolja_0810,4929,10,109,131
nolja_0810,4930,8,108,131
nolja_0810,4931,9,107,131
nolja_0810,4933,9,105,131
nolja_0810,4934,9,104,131
nolja_0810,4936,11,103,131
nolja_0810,5215,12,3,19
nolja_0810,5216,12,3,19
nolja_0810,5217,13,3,19
nolja_0810,5253,2,1,157
nolja_0810,5254,2,1,157
nolja_0810,5255,2,1,157
nolja_0810,5256,1,2,157
nolja_0810,5259,2,28,157
nolja_0810,5484,1,28,157
nolja_0810,5486,2,1,176
nolja_0810,5487,2,176,176
nolja_0810,5488,2,171,172
nolja_0810,5492,2,119,172
nolja_0810,5495,2,99,175
nolja_0810,5499,2,75,176
nolja_0810,5501,2,81,176
nolja_0810,5502,2,83,176
nolja_0810,5503,2,81,176
nolja_0810,5504,2,80,176
nolja_0810,5505,2,80,176
nolja_0810,5506,1,80,176
nolja_0810,5507,2,83,176
nolja_0810,5508,2,85,176
nolja_0810,5509,1,85,176
nolja_0810,5511,1,1,121
nolja_0810,5512,1,121,121
nolja_0810,5748,2,82,121
nolja_0810,5752,2,170,177
nolja_0810,5756,2,120,177
nolja_0810,5990,1,120,177
nolja_0810,5991,1,120,177
nolja_0810,5992,1,120,177
nolja_0810,5993,2,120,177
nolja_0810,5994,2,120,177
nolja_0810,5995,1,120,177
nolja_0810,5996,1,120,177
nolja_0810,5997,1,120,177
nolja_0810,5998,2,120,177
nolja_0810,5999,2,120,177
nolja_0810,6000,1,120,177
nolja_0810,6001,1,120,177
nolja_0810,6002,1,120,177
nolja_0810,6003,2,120,177
nolja_0810,6004,2,120,177
nolja_0810,6005,1,120,177
nolja_0810,6006,1,120,177
nolja_0810,6007,1,120,177
nolja_0810,6008,2,120,177
nolja_0810,6009,2,120,177
nolja_0810,6010,1,120,177
nolja_0810,6011,1,120,177
nolja_0810,6012,1,120,177
nolja_0810,6013,2,120,177
nolja_0810,6014,2,120,177
nolja_0810,6018,11,1,79
nolja_0810,6019,10,3,79
nolja_0810,6020,9,4,79
nolja_0810,6023,5,21,79
nolja_0810,6234,9,16,73
nolja_0810,6235,9,16,73
nolja_0810,6236,9,16,73
nolja_0810,6237,8,16,73
nolja_0810,6238,8,16,73
nolja_0810,6239,9,16,73
nolja_0810,6240,9,16,73
nolja_0810,6241,9,16,73
nolja_0810,6242,8,16,73
nolja_0810,6243,8,16,73
nolja_0810,6244,9,16,73
nolja_0810,6245,9,16,73
nolja_0810,6246,9,16,73
nolja_0810,6247,8,16,73
nolja_0810,6248,8,16,73
nolja_0810,6249,9,16,73
nolja_0810,6250,9,16,73
nolja_0810,6251,9,16,73
nolja_0810,6252,8,16,73
nolja_0810,6253,8,16,73
nolja_0810,6254,9,16,73
nolja_0810,6255,9,16,73
nolja_0810,6256,9,16,73
nolja_0810,6257,8,16,73
nolja_0810,6258,9,16,73
nolja_0810,6259,9,16,73
nolja_0810,6260,9,16,73
nolja_0810,6261,9,16,73
nolja_0810,6262,8,16,73
nolja_0810,6263,9,16,73
nolja_0810,6264,9,16,73
nolja_0810,6265,9,16,73
nolja_0810,6266,9,16,73
nolja_0810,6267,8,16,73
nolja_0810,6268,9,16,73
nolja_0810,6269,9,16,73
nolja_0810,6270,9,16,73
nolja_0810,6271,9,16,73
nolja_0810,6274,11,1,30
nolja_0810,6276,7,8,30
nolja_0810,6550,12,3,19
nolja_0810,6561,9,1,76
nolja_0810,6562,10,2,76
nolja_0810,6807,8,11,76
nolja_0810,6808,8,11,76
nolja_0810,6809,8,11,76
nolja_0810,6810,7,11,76
nolja_0810,6811,7,11,76
nolja_0810,6812,8,11,76
nolja_0810,6813,8,11,76
nolja_0810,6814,7,11,76
nolja_0810,6815,7,11,76
nolja_0810,6816,7,11,76
nolja_0810,6817,8,11,76
nolja_0810,6818,8,11,76
nolja_0810,6819,7,11,76
nolja_0810,6820,7,11,76
nolja_0810,6821,7,11,76
nolja_0810,6822,8,11,76
nolja_0810,6823,8,11,76
nolja_0810,6824,7,11,76
nolja_0810,6825,7,11,76
nolja_0810,6826,7,11,76
nolja_0810,6827,8,11,76
nolja_0810,6828,8,11,76
nolja_0810,6829,8,11,76
nolja_0810,6830,7,11,76
nolja_0810,6831,7,11,76
nolja_0810,6832,8,11,76
nolja_0810,6833,8,11,76
nolja_0810,6834,7,11,76
nolja_0810,6835,8,11,76
nolja_0810,6836,8,11,76
nolja_0810,6837,8,11,76
nolja_0810,6838,8,11,76
nolja_0810,6839,8,11,76
nolja_0810,6840,7,11,76
nolja_0810,6841,7,11,76
nolja_0810,6842,8,11,76
nolja_0810,6843,8,11,76
nolja_0810,6844,7,11,76
nolja_0810,6845,7,11,76
nolja_0810,6846,7,11,76
nolja_0810,6847,8,11,76
nolja_0810,6848,8,11,76
nolja_0810,6849,8,11,76
nolja_0810,6850,7,11,76
nolja_0810,6851,7,11,76
nolja_0810,6855,10,1,105
nolja_0810,6856,11,3,105
nolja_0810,6858,3,20,105
nolja_0810,6859,11,26,105
nolja_0810,7049,8,27,105
nolja_0810,7050,8,27,105
nolja_0810,7051,8,27,105
nolja_0810,7052,8,27,105
nolja_0810,7053,7,27,105
nolja_0810,7054,8,27,105
nolja_0810,7055,8,27,105
nolja_0810,7056,8,27,105
nolja_0810,7057,8,27,105
nolja_0810,7058,7,27,105
nolja_0810,7059,8,27,105
nolja_0810,7060,8,27,105
nolja_0810,7061,8,27,105
nolja_0810,7062,8,27,109
nolja_0810,7063,7,27,105
nolja_0810,7064,8,27,105
nolja_0810,7065,8,27,105
nolja_0810,7066,8,27,105
nolja_0810,7067,8,27,105
nolja_0810,7068,7,27,105
nolja_0810,7069,8,27,105
nolja_0810,7072,3,17,108
nolja_0810,7074,3,20,105
nolja_0810,7075,3,16,185
nolja_0810,7294,8,9,104
nolja_0810,7295,7,9,104
nolja_0810,7298,8,103,103
nolja_0810,7299,8,103,103
nolja_0810,7300,9,102,103
nolja_0810,7301,8,101,103
nolja_0810,7302,7,100,103
nolja_0810,7303,8,99,103
nolja_0810,7304,10,88,103
nolja_0810,7305,9,97,103
nolja_0810,7308,8,93,103
nolja_0810,7309,9,92,103
nolja_0810,7310,11,91,103
nolja_0810,7311,11,90,103
nolja_0810,7312,7,89,103
nolja_0810,7315,9,87,103
nolja_0810,7316,7,86,103
nolja_0810,7317,7,85,103
nolja_0810,7318,9,84,103
nolja_0810,7319,9,83,103
nolja_0810,7320,10,61,103
nolja_0810,7321,10,81,103
nolja_0810,7550,10,76,97
nolja_0810,7551,9,76,97
nolja_0810,7552,9,76,97
nolja_0810,7553,10,76,97
nolja_0810,7554,10,76,97
nolja_0810,7555,10,76,97
nolja_0810,7556,9,76,97
nolja_0810,7557,9,76,97
nolja_0810,7558,10,76,97
nolja_0810,7559,10,76,97
nolja_0810,7560,10,76,97
nolja_0810,7561,9,76,97
nolja_0810,7562,9,76,97
nolja_0810,7563,10,76,97
nolja_0810,7564,10,76,97
nolja_0810,7565,10,76,97
nolja_0810,7566,9,76,97
nolja_0810,7567,9,76,97
nolja_0810,7568,10,76,97
nolja_0810,7569,10,76,97
nolja_0810,7570,10,76,97
nolja_0810,7571,9,76,97
nolja_0810,7572,9,76,97
nolja_0810,7582,11,1,131
nolja_0810,7584,12,131,131
nolja_0810,7589,9,115,131
nolja_0810,7590,9,118,131
nolja_0810,8684,8,9,93
nolja_0810,8687,6,21,43
nolja_0810,8691,6,30,43
nolja_0810,8856,11,29,43
nolja_0810,8857,11,29,43
nolja_0810,8858,10,29,43
nolja_0810,8859,10,29,43
nolja_0810,8860,10,29,43
nolja_0810,8861,11,29,43
nolja_0810,8862,11,29,43
nolja_0810,8863,10,29,43
nolja_0810,8864,11,29,43
nolja_0810,8865,10,29,43
nolja_0810,8866,11,29,43
nolja_0810,8867,11,29,43
nolja_0810,8868,10,29,43
nolja_0810,8869,10,29,43
nolja_0810,8870,10,29,43
nolja_0810,8871,11,29,43
nolja_0810,8872,11,29,43
nolja_0810,8873,10,29,43
nolja_0810,8874,10,29,43
nolja_0810,8875,11,29,43
nolja_0810,8876,11,29,43
nolja_0810,8877,11,29,43
nolja_0810,8878,10,29,43
nolja_0810,8879,11,29,43
nolja_0810,8880,10,29,43
nolja_0810,8881,11,29,43
nolja_0810,8882,11,29,43
nolja_0810,8883,10,29,43
nolja_0810,8884,10,29,43
nolja_0810,8885,11,29,43
nolja_0810,8886,11,29,43
nolja_0810,8887,11,29,43
nolja_0810,8888,10,29,43
nolja_0810,8889,10,29,43
nolja_0810,8890,10,29,43
nolja_0810,8891,11,29,43
nolja_0810,8892,11,29,43
nolja_0810,8893,10,29,43
nolja_0810,8894,10,29,43
nolja_0810,8895,11,29,43
nolja_0810,8896,11,29,43
nolja_0810,8897,11,29,43
nolja_0810,8898,10,29,43
nolja_0810,8899,10,29,43
nolja_0810,8900,11,29,43
nolja_0810,8901,11,29,43
nolja_0810,8902,11,29,43
nolja_0810,8903,10,29,43
nolja_0810,8904,10,29,43
nolja_0810,8905,11,29,43
nolja_0810,8906,11,29,43
nolja_0810,8907,11,29,43
nolja_0810,8908,10,29,43
nolja_0810,8909,11,29,43
nolja_0810,8910,10,29,43
nolja_0810,8911,11,29,43
nolja_0810,8912,11,29,43
nolja_0810,8914,4,1,81
nolja_0810,8915,10,2,61
nolja_0810,8917,7,8,61
nolja_0810,8918,8,8,81
nolja_0810,8919,8,8,81
nolja_0810,9100,8,22,81
nolja_0810,9101,8,22,81
nolja_0810,9102,9,22,81
nolja_0810,9103,9,22,81
nolja_0810,9104,8,22,81
nolja_0810,9105,8,22,81
nolja_0810,9106,8,22,81
nolja_0810,9108,10,1,105
nolja_0810,9109,10,2,105
nolja_0810,9116,6,22,105
nolja_0810,9118,8,27,105
nolja_0810,9121,2,32,105
nolja_0810,9122,3,34,105
nolja_0810,9126,7,43,105
nolja_0810,9127,5,45,105
nolja_0810,9128,8,46,105
nolja_0810,9356,8,45,104
nolja_0810,9357,8,45,104
nolja_0810,9358,7,45,104
nolja_0810,9359,7,45,104
nolja_0810,9360,7,45,104
nolja_0810,9361,8,45,104
nolja_0810,9362,8,45,104
nolja_0810,9363,7,45,104
nolja_0810,9364,7,45,104
nolja_0810,9365,7,45,104
nolja_0810,9366,8,45,104
nolja_0810,9367,8,45,104
nolja_0810,9368,7,45,104
nolja_0810,9369,7,45,104
nolja_0810,9370,7,45,104
nolja_0810,9371,8,45,104
nolja_0810,9372,8,45,104
nolja_0810,9373,7,45,104
nolja_0810,9374,7,45,104
nolja_0810,9375,8,45,104
nolja_0810,9376,8,45,104
nolja_0810,9379,3,36,104
nolja_0810,9380,10,91,104
nolja_0810,9381,10,21,104
nolja_0810,9382,9,21,104
nolja_0810,9383,10,21,104
nolja_0810,9386,9,2,74
nolja_0810,9387,8,8,74
nolja_0810,9612,8,11,71
nolja_0810,9613,8,11,71
nolja_0810,9614,7,11,71
nolja_0810,9615,8,11,71
nolja_0810,9616,8,11,71
nolja_0810,9617,7,11,71
nolja_0810,9618,8,11,71
nolja_0810,9619,7,11,71
nolja_0810,9620,8,11,71
nolja_0810,9621,8,11,71
nolja_0810,9622,7,11,71
nolja_0810,9625,11,1,67
nolja_0810,9626,11,2,67
nolja_0810,9627,10,3,67
nolja_0810,9628,9,5,67
nolja_0810,9630,9,7,67
nolja_0810,9631,8,8,67
nolja_0810,9632,9,9,67
nolja_0810,9633,7,11,67
nolja_0810,9634,8,12,67
nolja_0810,9636,13,15,67
nolja_0810,9639,8,19,67
nolja_0810,9640,9,20,67
nolja_0810,10876,12,3,19
nolja_0810,10877,13,3,19
nolja_0810,10878,13,3,19
nolja_0810,10879,13,3,19
nolja_0810,10880,7,5,19
nolja_0810,10881,7,5,19
nolja_0810,10882,7,5,19
nolja_0810,10883,9,6,19
nolja_0810,10884,9,7,19
nolja_0810,10885,9,8,19
nolja_0810,10886,8,9,19
nolja_0810,10887,7,10,19
nolja_0810,10889,7,13,19
nolja_0810,10890,9,14,19
nolja_0810,10891,8,14,19
nolja_0810,10892,8,15,19
nolja_0810,10893,8,16,19
nolja_0810,10894,8,15,19
nolja_0810,10895,8,16,19
nolja_0810,10896,8,17,19
nolja_0810,10898,7,17,19
nolja_0810,10899,7,17,19
nolja_0810,11116,8,17,19
nolja_0810,11117,8,17,19
nolja_0810,11118,8,17,19
nolja_0810,11119,8,17,19
nolja_0810,11120,7,17,19
nolja_0810,11121,8,17,19
nolja_0810,11122,8,17,19
nolja_0810,11130,2,1,157
nolja_0810,11381,2,24,157
nolja_0810,11382,1,24,157
nolja_0810,11383,1,24,157
nolja_0810,11384,2,24,157
nolja_0810,11385,2,24,157
nolja_0810,11386,2,24,157
nolja_0810,11387,1,24,157
nolja_0810,11388,1,24,157
nolja_0810,11389,2,24,157
nolja_0810,11390,2,24,157
nolja_0810,11391,2,24,157
nolja_0810,11392,1,24,157
nolja_0810,11393,1,24,157
nolja_0810,11394,2,24,157
nolja_0810,11395,2,24,157
nolja_0810,11396,2,24,157
nolja_0810,11397,1,24,157
nolja_0810,11398,1,24,157
nolja_0810,11399,2,24,157
nolja_0810,11400,2,24,157
nolja_0810,11401,2,24,157
nolja_0810,11402,1,24,157
nolja_0810,11403,2,24,157
nolja_0810,11404,2,24,157
nolja_0810,11405,2,24,157
nolja_0810,11406,2,24,157
nolja_0810,11407,1,24,157
nolja_0810,11408,1,24,157
nolja_0810,11414,11,1,73
nolja_0810,11415,10,1,73
nolja_0810,11419,8,12,73
nolja_0810,11420,7,14,73
nolja_0810,11422,9,22,73
nolja_0810,11638,9,20,70
nolja_0810,11639,8,20,70
nolja_0810,11640,8,20,70
nolja_0810,11641,8,20,70
nolja_0810,11642,9,20,70
nolja_0810,11643,8,21,70
nolja_0810,11645,6,23,70
nolja_0810,11648,12,25,70
nolja_0810,11649,12,25,70
nolja_0810,11897,12,25,67
nolja_0810,11898,11,25,67
nolja_0810,11899,12,25,67
nolja_0810,11900,12,25,67
nolja_0810,11901,12,25,67
nolja_0810,11902,12,25,67
nolja_0810,11903,11,25,67
nolja_0810,11904,12,25,67
nolja_0810,11905,11,25,67
nolja_0810,11906,12,25,67
nolja_0810,11907,12,25,67
nolja_0810,11908,11,25,67
nolja_0810,11909,12,25,67
nolja_0810,11915,11,25,67
nolja_0810,11918,4,35,67
nolja_0810,11919,8,32,67
nolja_0810,11921,8,19,67
nolja_0810,12584,12,3,19
nolja_0810,12585,12,3,19
nolja_0810,12586,13,3,19
nolja_0810,12587,13,3,19
nolja_0810,12588,12,3,19
nolja_0810,12589,13,3,19
nolja_0810,12606,9,1,76
nolja_0810,12609,8,17,72
nolja_0810,12610,9,21,76
nolja_0810,12613,7,33,76
nolja_0810,12616,3,43,76
nolja_0810,12620,9,52,76
nolja_0810,12621,6,65,76
nolja_0810,12622,8,56,76
nolja_0810,12625,13,68,76
nolja_0810,12626,11,69,76
nolja_0810,12629,8,6,76
nolja_0810,12812,8,11,76
nolja_0810,12813,8,11,76
nolja_0810,12815,9,13,76
nolja_0810,12816,5,14,76
nolja_0810,12817,7,15,76
nolja_0810,12818,6,15,76
nolja_0810,12819,7,16,76
nolja_0810,12820,8,17,76
nolja_0810,12823,10,20,76
nolja_0810,12824,9,28,76
nolja_0810,12825,9,22,76
nolja_0810,12826,9,22,76
nolja_0810,12827,9,22,76
nolja_0810,12828,9,21,72
nolja_0810,13064,9,22,76
nolja_0810,13065,8,22,76
nolja_0810,13066,5,23,76
nolja_0810,13069,10,1,132
nolja_0810,13070,12,132,132
nolja_0810,13071,8,131,132
nolja_0810,13072,11,130,132
nolja_0810,13073,9,128,132
nolja_0810,13074,8,126,132
nolja_0810,13075,9,125,132
nolja_0810,13076,10,124,132
nolja_0810,13078,8,120,132
nolja_0810,13079,8,119,132
nolja_0810,13080,10,117,132
nolja_0810,13300,9,115,132
nolja_0810,13561,8,114,131
nolja_0810,13562,8,114,131
nolja_0810,13563,9,114,131
nolja_0810,13564,9,114,131
nolja_0810,13565,9,114,131
nolja_0810,13566,8,114,131
nolja_0810,13567,8,114,131
nolja_0810,13568,9,115,131
nolja_0810,13570,8,118,131
nolja_0810,13571,8,119,131
nolja_0810,13576,9,110,131
nolja_0810,13577,8,106,131
nolja_0810,13578,9,108,131
nolja_0810,13579,10,107,131
nolja_0810,13581,10,109,131
nolja_0810,13857,11,3,17
nolja_0810,13862,5,1,91
nolja_0810,13863,10,2,81
nolja_0810,14101,10,16,79
nolja_0810,14102,10,16,79
nolja_0810,14106,10,1,70
nolja_0810,14107,10,1,70
nolja_0810,14110,6,67,70
nolja_0810,14340,7,61,67
nolja_0810,14341,7,61,67
nolja_0810,14342,8,61,67
nolja_0810,14343,8,61,67
nolja_0810,14344,7,61,67
nolja_0810,14345,7,61,67
nolja_0810,14346,7,61,67
nolja_0810,14347,8,61,67
nolja_0810,14348,8,61,67
nolja_0810,14349,7,61,67
nolja_0810,14350,7,61,67
nolja_0810,14351,8,61,67
nolja_0810,14352,8,61,67
nolja_0810,14353,8,61,67
nolja_0810,14354,7,61,67
nolja_0810,14355,7,61,67
nolja_0810,14356,8,61,67
nolja_0810,14357,8,61,67
nolja_0810,14358,8,61,67
nolja_0810,14359,7,61,67
nolja_0810,14360,8,61,67
nolja_0810,14361,7,61,67
nolja_0810,14362,8,61,67
nolja_0810,14363,8,61,67
nolja_0810,14364,7,61,67
nolja_0810,14365,7,61,67
nolja_0810,14366,8,61,67
nolja_0810,14367,8,61,67
nolja_0810,14368,8,61,67
nolja_0810,14369,7,61,67
nolja_0810,14370,8,61,67
nolja_0810,14371,7,61,67
nolja_0810,14372,8,61,67
nolja_0810,14373,8,61,67
nolja_0810,14374,7,61,67
nolja_0810,14375,7,61,67
nolja_0810,14376,7,61,67
nolja_0810,14378,7,1,71
nolja_0810,14379,3,71,71
nolja_0810,14383,10,55,71
nolja_0810,14384,10,54,71
nolja_0810,14385,10,54,71
nolja_0814,211,13,2,17
nolja_0814,212,12,3,17
nolja_0814,214,10,7,17
nolja_0814,216,11,9,17
nolja_0814,218,12,11,17
nolja_0814,219,11,13,17
nolja_0814,221,10,15,17
nolja_0814,222,9,17,17
nolja_0814,224,13,2,17
nolja_0814,228,6,1,62
nolja_0814,229,7,2,62
nolja_0814,231,8,6,62
nolja_0814,233,7,10,62
nolja_0814,235,3,14,62
nolja_0814,237,7,17,62
nolja_0814,239,9,20,62
nolja_0814,241,4,22,62
nolja_0814,242,3,24,62
nolja_0814,244,5,26,62
nolja_0814,245,3,28,62
nolja_0814,247,3,30,62
nolja_0814,250,3,34,62
nolja_0814,253,3,38,62
nolja_0814,254,2,40,62
nolja_0814,256,4,42,62
nolja_0814,258,6,49,69
nolja_0814,259,3,46,62
nolja_0814,261,3,46,62
nolja_0814,262,3,50,62
nolja_0814,263,3,61,62
nolja_0814,264,5,52,62
nolja_0814,270,3,60,62
nolja_0814,449,2,107,107
nolja_0814,456,5,1,17
nolja_0814,457,4,2,17
nolja_0814,458,2,3,17
nolja_0814,459,7,5,17
nolja_0814,461,3,7,17
nolja_0814,462,2,9,17
nolja_0814,464,5,11,17
nolja_0814,466,3,13,17
nolja_0814,467,6,15,17
nolja_0814,471,8,3,39
nolja_0814,472,7,3,39
nolja_0814,473,4,6,36
nolja_0814,475,4,7,32
nolja_0814,477,5,9,36
nolja_0814,478,4,11,35
nolja_0814,480,2,13,36
nolja_0814,481,3,16,36
nolja_0814,482,3,15,36
nolja_0814,483,2,17,32
nolja_0814,484,4,16,39
nolja_0814,485,2,19,39
nolja_0814,487,3,22,32
nolja_0814,488,4,23,36
nolja_0814,489,3,26,39
nolja_0814,491,4,27,36
nolja_0814,493,6,26,32
nolja_0814,494,4,31,39
nolja_0814,496,5,33,39
nolja_0814,497,4,35,36
nolja_0814,499,7,37,39
nolja_0814,503,8,1,45
nolja_0814,504,8,1,127
nolja_0814,506,7,1,332
nolja_0814,508,11,1,17
nolja_0814,518,1,1,135
nolja_0814,710,2,1,135
nolja_0814,711,1,3,135
nolja_0814,713,2,5,135
nolja_0814,714,2,7,135
nolja_0814,716,2,9,135
nolja_0814,717,1,11,135
nolja_0814,719,2,13,135
nolja_0814,720,3,15,135
nolja_0814,722,1,17,135
nolja_0814,723,2,19,135
nolja_0814,724,2,21,135
nolja_0814,725,2,21,135
nolja_0814,726,1,23,135
nolja_0814,728,2,26,135
nolja_0814,729,2,27,135
nolja_0814,731,1,29,135
nolja_0814,732,2,31,135
nolja_0814,734,2,33,135
nolja_0814,735,1,35,135
nolja_0814,737,2,37,135
nolja_0814,738,2,99,135
nolja_0814,741,1,43,135
nolja_0814,742,2,45,135
nolja_0814,743,2,47,135
nolja_0814,747,2,53,135
nolja_0814,748,2,55,135
nolja_0814,749,1,57,135
nolja_0814,750,2,59,135
nolja_0814,752,2,62,132
nolja_0814,753,1,63,135
nolja_0814,754,2,65,135
nolja_0814,755,2,67,135
nolja_0814,760,1,75,135
nolja_0814,764,2,82,135
nolja_0814,765,2,83,135
nolja_0814,770,2,91,135
nolja_0814,771,1,93,135
nolja_0814,772,2,95,135
nolja_0814,773,2,97,135
nolja_0814,774,1,99,135
nolja_0814,779,2,107,135
nolja_0814,780,1,109,135
nolja_0814,781,1,111,135
nolja_0814,782,2,113,135
nolja_0814,783,2,115,135
nolja_0814,788,1,79,79
nolja_0814,789,2,26,79
nolja_0814,790,2,66,79
nolja_0814,791,2,61,79
nolja_0814,793,1,66,79
nolja_0814,974,2,131,135
nolja_0814,975,1,130,135
nolja_0814,976,1,128,135
nolja_0814,977,2,126,135
nolja_0814,978,2,124,135
nolja_0814,983,1,116,135
nolja_0814,984,1,114,135
nolja_0814,985,2,112,135
nolja_0814,992,8,1,45
nolja_0814,993,7,44,45
nolja_0814,994,11,42,45
nolja_0814,996,9,40,45
nolja_0814,997,8,38,45
nolja_0814,998,10,36,45
nolja_0814,1001,10,32,45
nolja_0814,1002,10,30,45
nolja_0814,1006,12,24,45
nolja_0814,1007,9,22,45
nolja_0814,1008,8,20,45
nolja_0814,1010,8,16,45
nolja_0814,1012,10,14,45
nolja_0814,1013,9,12,45
nolja_0814,1014,8,10,45
nolja_0814,1017,7,6,45
nolja_0814,1018,11,4,45
nolja_0814,1019,13,2,45
nolja_0814,1025,8,1,45
nolja_0814,1027,8,34,49
nolja_0814,1029,8,34,45
nolja_0814,1233,8,34,45
nolja_0814,1235,8,1,127
nolja_0814,1236,9,2,127
nolja_0814,1237,8,3,127
nolja_0814,1238,7,5,127
nolja_0814,1241,9,9,127
nolja_0814,1242,10,11,127
nolja_0814,1243,8,13,127
nolja_0814,1246,10,17,127
nolja_0814,1247,9,19,127
nolja_0814,1248,11,21,127
nolja_0814,1250,10,39,127
nolja_0814,1251,9,25,127
nolja_0814,1252,8,27,127
nolja_0814,1255,8,31,127
nolja_0814,1256,10,33,187
nolja_0814,1257,10,95,127
nolja_0814,1258,10,37,127
nolja_0814,1259,8,39,127
nolja_0814,1260,8,99,127
nolja_0814,1261,11,41,127
nolja_0814,1264,8,46,127
nolja_0814,1265,8,47,127
nolja_0814,1266,9,49,127
nolja_0814,1270,10,98,127
nolja_0814,1271,10,57,127
nolja_0814,1272,11,59,127
nolja_0814,1273,10,61,127
nolja_0814,1277,9,67,127
nolja_0814,1278,11,69,127
nolja_0814,1282,10,75,127
nolja_0814,1283,9,77,127
nolja_0814,1284,6,79,127
nolja_0814,1288,7,85,127
nolja_0814,1289,8,87,127
nolja_0814,1290,6,89,127
nolja_0814,1294,7,96,127
nolja_0814,1295,10,97,127
nolja_0814,1296,10,99,127
nolja_0814,1297,8,101,197
nolja_0814,1300,12,105,127
nolja_0814,1301,8,107,127
nolja_0814,1302,5,109,127
nolja_0814,1305,10,114,127
nolja_0814,1306,7,115,127
nolja_0814,1307,7,117,127
nolja_0814,1311,8,123,127
nolja_0814,1312,7,125,127
nolja_0814,1314,9,3,127
nolja_0814,1315,9,2,127
nolja_0814,1316,7,1,127
nolja_0814,1319,9,3,127
nolja_0814,1320,9,2,127
nolja_0814,1550,8,1,127
nolja_0814,1551,9,127,197
nolja_0814,1553,8,1,332
nolja_0814,1554,8,1,332
nolja_0814,1556,12,1,17
nolja_0814,1560,2,1,79
nolja_0814,1569,2,1,19
nolja_0814,1570,2,1,19
nolja_0814,1571,1,1,19
nolja_0814,1572,2,1,19
nolja_0814,1573,2,1,19
nolja_0814,1574,2,1,19
nolja_0814,1575,2,1,19
nolja_0814,1576,1,1,19
nolja_0814,1577,2,1,19
nolja_0814,1578,2,1,19
nolja_0814,1579,2,1,19
nolja_0814,1580,2,1,19
nolja_0814,1581,1,1,19
nolja_0814,1582,2,1,19
nolja_0814,1583,2,1,19
nolja_0814,1585,1,1,30
nolja_0814,1586,2,26,30
nolja_0814,1587,2,28,30
nolja_0814,1588,2,28,30
nolja_0814,1589,1,28,30
nolja_0814,1590,2,26,30
nolja_0814,1591,2,26,30
nolja_0814,1593,2,24,30
nolja_0814,1594,1,22,30
nolja_0814,1595,2,22,30
nolja_0814,1597,2,27,30
nolja_0814,1598,2,28,30
nolja_0814,1599,2,28,30
nolja_0814,1600,2,29,30
nolja_0814,1601,2,29,30
nolja_0814,1602,2,29,30
nolja_0814,1604,2,1,91
nolja_0814,1605,1,1,91
nolja_0814,1606,1,1,91
nolja_0814,1607,2,1,91
nolja_0814,1608,2,1,91
nolja_0814,1609,2,3,91
nolja_0814,1610,1,3,91
nolja_0814,1612,2,7,91
nolja_0814,1613,2,7,91
nolja_0814,1614,2,8,91
nolja_0814,1616,2,69,81
nolja_0814,1618,2,36,91
nolja_0814,1622,2,61,81
nolja_0814,1623,1,61,91
nolja_0814,1627,2,88,91
nolja_0814,1628,2,88,91
nolja_0814,1807,10,1,19
nolja_0814,1814,1,1,169
nolja_0814,1816,2,6,154
nolja_0814,1817,1,6,154
nolja_0814,1818,2,9,164
nolja_0814,1819,2,17,169
nolja_0814,1820,3,32,189
nolja_0814,1821,1,33,154
nolja_0814,1822,2,39,154
nolja_0814,1824,3,62,164
nolja_0814,1825,2,61,194
nolja_0814,1826,3,62,154
nolja_0814,1829,2,63,164
nolja_0814,1830,2,90,154
nolja_0814,1831,2,91,199
nolja_0814,1833,2,96,169
nolja_0814,1834,3,112,164
nolja_0814,1835,1,115,154
nolja_0814,1838,2,129,164
nolja_0814,1840,2,141,154
nolja_0814,1844,1,150,154
nolja_0814,1846,1,2,90
nolja_0814,1849,2,16,80
nolja_0814,1858,1,58,80
nolja_0814,1859,1,59,80
nolja_0814,1861,2,71,90
nolja_0814,1862,1,79,80
nolja_0814,1863,1,79,80
nolja_0814,1865,2,1,96
nolja_0814,1866,2,2,98
nolja_0814,1868,3,15,96
nolja_0814,1870,2,29,96
nolja_0814,1871,1,30,96
nolja_0814,1874,2,68,82
nolja_0814,1875,2,61,99
nolja_0814,1876,2,62,96
nolja_0814,1878,2,79,92
nolja_0814,1880,2,88,92
nolja_0814,1881,1,89,96
nolja_0814,1882,2,94,96
nolja_0814,1883,2,1,99
nolja_0814,2067,1,1,121
nolja_0814,2074,1,2,145
nolja_0814,2076,3,9,145
nolja_0814,2077,3,86,149
nolja_0814,2078,2,29,145
nolja_0814,2079,1,30,145
nolja_0814,2081,2,43,149
nolja_0814,2087,1,79,145
nolja_0814,2089,2,86,145
nolja_0814,2090,3,82,149
nolja_0814,2091,1,102,148
nolja_0814,2092,1,103,145
nolja_0814,2094,3,116,149
nolja_0814,2096,2,128,145
nolja_0814,2099,2,1,90
nolja_0814,2100,2,2,90
nolja_0814,2102,3,12,80
nolja_0814,2103,2,24,90
nolja_0814,2106,2,33,80
nolja_0814,2107,2,46,90
nolja_0814,2108,2,61,90
nolja_0814,2111,2,68,90
nolja_0814,2113,1,76,90
nolja_0814,2117,2,2,79
nolja_0814,2118,3,1,79
nolja_0814,2119,2,1,79
nolja_0814,2121,2,6,79
nolja_0814,2123,2,30,79
nolja_0814,2126,3,68,73
nolja_0814,2127,3,63,79
nolja_0814,2128,2,53,79
nolja_0814,2129,2,64,79
nolja_0814,2131,3,67,79
nolja_0814,2132,2,72,79
nolja_0814,2133,2,72,79
nolja_0814,2140,2,1,65
nolja_0814,2142,1,62,65
nolja_0814,2143,1,60,65
nolja_0814,2308,2,60,65
nolja_0814,2309,2,60,65
nolja_0814,2310,1,60,65
nolja_0814,2311,1,60,65
nolja_0814,2312,2,60,65
nolja_0814,2313,2,60,65
nolja_0814,2314,2,60,65
nolja_0814,2315,1,60,65
nolja_0814,2316,1,60,65
nolja_0814,2317,2,60,65
nolja_0814,2318,2,60,65
nolja_0814,2319,2,60,65
nolja_0814,2324,1,8,107
nolja_0814,2325,3,2,107
nolja_0814,2329,2,28,107
nolja_0814,2330,2,89,107
nolja_0814,2334,2,58,107
nolja_0814,2335,2,69,107
nolja_0814,2336,3,68,107
nolja_0814,2337,2,70,107
nolja_0814,2339,1,82,107
nolja_0814,2340,2,83,107
nolja_0814,2343,1,98,107
nolja_0814,2345,2,2,111
nolja_0814,2346,2,1,111
nolja_0814,2347,2,2,111
nolja_0814,2349,3,17,111
nolja_0814,2351,2,30,111
nolja_0814,2352,2,32,111
nolja_0814,2355,2,64,111
nolja_0814,2360,1,78,111
nolja_0814,2361,2,79,111
nolja_0814,2364,1,100,111
nolja_0814,2365,2,100,111
nolja_0814,2366,1,1,79
nolja_0814,2371,2,25,79
nolja_0814,2372,1,26,79
nolja_0814,2374,2,41,79
nolja_0814,2375,2,49,79
nolja_0814,2376,2,49,79
nolja_0814,2380,1,74,79
nolja_0814,2390,2,96,161
nolja_0814,2571,2,89,121
nolja_0814,2574,2,100,121
nolja_0814,2575,2,108,121
nolja_0814,2576,2,108,121
nolja_0814,2579,1,3,121
nolja_0814,2580,1,3,121
nolja_0814,2584,1,23,121
nolja_0814,2588,2,42,181
nolja_0814,2589,2,42,121
nolja_0814,2590,2,43,191
nolja_0814,2593,1,61,121
nolja_0814,2594,2,61,121
nolja_0814,2595,1,62,121
nolja_0814,2598,1,81,121
nolja_0814,2600,2,1,65
nolja_0814,2601,2,1,65
nolja_0814,2605,1,20,65
nolja_0814,2609,2,36,65
nolja_0814,2610,2,36,65
nolja_0814,2611,1,37,65
nolja_0814,2614,1,65,65
nolja_0814,2617,2,64,65
nolja_0814,2618,2,3,65
nolja_0814,2619,1,3,65
nolja_0814,2622,2,4,121
nolja_0814,2624,2,17,121
nolja_0814,2625,2,18,121
nolja_0814,2811,13,3,19
nolja_0814,2816,1,2,172
nolja_0814,2818,2,14,172
nolja_0814,2819,2,29,175
nolja_0814,2820,2,31,172
nolja_0814,2821,2,32,176
nolja_0814,2822,3,37,172
nolja_0814,2823,2,99,172
nolja_0814,2824,1,99,172
nolja_0814,2825,2,50,176
nolja_0814,2828,3,81,175
nolja_0814,2829,1,86,176
nolja_0814,2830,2,88,176
nolja_0814,2831,1,89,176
nolja_0814,2832,3,89,122
nolja_0814,2833,2,106,172
nolja_0814,2834,1,117,179
nolja_0814,2835,1,117,176
nolja_0814,2836,1,119,172
nolja_0814,2840,2,143,176
nolja_0814,2841,2,144,172
nolja_0814,2843,2,168,172
nolja_0814,2844,2,163,176
nolja_0814,2845,2,163,176
nolja_0814,2847,2,1,177
nolja_0814,2849,2,4,177
nolja_0814,2851,2,69,177
nolja_0814,2852,2,27,177
nolja_0814,2853,1,96,177
nolja_0814,2857,1,56,177
nolja_0814,2858,2,62,177
nolja_0814,2860,3,64,177
nolja_0814,2861,2,22,177
nolja_0814,2862,1,83,177
nolja_0814,2863,1,83,177
nolja_0814,2870,1,126,172
nolja_0814,2872,3,169,179
nolja_0814,2875,1,137,176
nolja_0814,3041,2,177,177
nolja_0814,3043,2,174,177
nolja_0814,3048,2,148,177
nolja_0814,3049,2,146,177
nolja_0814,3051,2,139,177
nolja_0814,3052,2,125,177
nolja_0814,3055,2,116,177
nolja_0814,3057,2,102,177
nolja_0814,3059,1,1,157
nolja_0814,3060,1,1,157
nolja_0814,3061,2,2,157
nolja_0814,3065,2,32,157
nolja_0814,3066,1,33,167
nolja_0814,3070,1,60,157
nolja_0814,3071,2,61,157
nolja_0814,3073,3,29,163
nolja_0814,3075,2,91,157
nolja_0814,3076,1,92,157
nolja_0814,3081,2,122,197
nolja_0814,3084,2,146,157
nolja_0814,3090,2,1,149
nolja_0814,3091,1,2,149
nolja_0814,3094,3,11,149
nolja_0814,3095,2,86,149
nolja_0814,3096,1,31,149
nolja_0814,3097,1,32,149
nolja_0814,3098,3,36,149
nolja_0814,3099,3,93,199
nolja_0814,3100,3,82,149
nolja_0814,3101,1,59,149
nolja_0814,3102,2,60,149
nolja_0814,3103,3,64,145
nolja_0814,3104,3,79,149
nolja_0814,3105,1,82,149
nolja_0814,3106,1,82,149
nolja_0814,3107,2,84,149
nolja_0814,3109,3,101,149
nolja_0814,3110,2,116,149
nolja_0814,3111,2,116,149
nolja_0814,3112,2,117,149
nolja_0814,3116,2,143,149
nolja_0814,3121,2,1,176
nolja_0814,3122,2,1,176
nolja_0814,3123,1,1,176
nolja_0814,3124,1,1,176
nolja_0814,3125,2,1,176
nolja_0814,3126,2,1,176
nolja_0814,3287,1,1,149
nolja_0814,3288,2,2,149
nolja_0814,3289,2,6,145
nolja_0814,3290,3,16,148
nolja_0814,3292,2,28,149
nolja_0814,3295,3,49,149
nolja_0814,3296,1,65,149
nolja_0814,3299,3,63,149
nolja_0814,3301,1,86,149
nolja_0814,3303,3,96,149
nolja_0814,3306,2,109,149
nolja_0814,3307,2,110,149
nolja_0814,3310,2,133,149
nolja_0814,3313,2,2,120
nolja_0814,3314,2,2,120
nolja_0814,3318,2,27,120
nolja_0814,3319,2,26,120
nolja_0814,3321,3,96,180
nolja_0814,3322,3,99,160
nolja_0814,3323,2,55,120
nolja_0814,3324,2,56,120
nolja_0814,3328,2,83,120
nolja_0814,3329,1,84,120
nolja_0814,3331,2,99,180
nolja_0814,3333,2,113,120
nolja_0814,3335,2,1,132
nolja_0814,3336,1,2,132
nolja_0814,3338,3,15,132
nolja_0814,3339,2,16,132
nolja_0814,3340,2,17,132
nolja_0814,3342,2,33,132
nolja_0814,3343,2,39,132
nolja_0814,3347,2,83,132
nolja_0814,3348,2,63,132
nolja_0814,3349,2,64,132
nolja_0814,3351,2,76,132
nolja_0814,3353,2,89,132
nolja_0814,3354,1,90,132
nolja_0814,3356,2,106,132
nolja_0814,3357,1,116,132
nolja_0814,3358,1,116,132
nolja_0814,3360,1,1,92
nolja_0814,3367,2,1,121
nolja_0814,3368,2,1,121
nolja_0814,3370,2,12,121
nolja_0814,3371,2,82,121
nolja_0814,3372,2,98,181
nolja_0814,3373,2,44,121
nolja_0814,3374,1,43,121
nolja_0814,3543,1,43,121
nolja_0814,3546,1,1,92
nolja_0814,3549,3,11,922
nolja_0814,3550,2,17,92
nolja_0814,3551,1,16,92
nolja_0814,3552,3,21,892
nolja_0814,3554,1,38,92
nolja_0814,3559,2,57,92
nolja_0814,3562,3,78,92
nolja_0814,3563,1,83,92
nolja_0814,3564,2,83,92
nolja_0814,3566,2,1,61
nolja_0814,3569,2,21,61
nolja_0814,3570,2,21,61
nolja_0814,3573,3,41,61
nolja_0814,3574,2,43,51
nolja_0814,3576,2,1,23
nolja_0814,3579,1,7,23
nolja_0814,3583,1,14,23
nolja_0814,3584,3,15,23
nolja_0814,3586,2,20,23
nolja_0814,3587,2,20,23
nolja_0814,3588,1,1,11
nolja_0814,3589,2,1,11
nolja_0814,3591,2,6,11
nolja_0814,3592,2,5,11
nolja_0814,3594,1,9,11
nolja_0814,3604,1,1,7
nolja_0814,3605,2,2,7
nolja_0814,3607,2,7,7
nolja_0814,3609,1,4,7
nolja_0814,3613,2,88,121
nolja_0814,3615,3,9,121
nolja_0814,3616,3,63,161
nolja_0814,3617,2,96,181
nolja_0814,3618,2,43,121
nolja_0814,3619,1,43,121
nolja_0814,3802,2,43,121
nolja_0814,3805,2,41,121
nolja_0814,3806,1,42,121
nolja_0814,3807,1,42,121
nolja_0814,3808,2,42,121
nolja_0814,3809,2,42,121
nolja_0814,3810,2,42,121
nolja_0814,3811,1,42,121
nolja_0814,3812,1,42,121
nolja_0814,3813,2,42,121
nolja_0814,3814,2,42,121
nolja_0814,4254,12,3,19
nolja_0814,4261,2,1,7
nolja_0814,4263,1,1,15
nolja_0814,4264,1,1,15
nolja_0814,4267,2,7,15
nolja_0814,4268,2,8,15
nolja_0814,4270,1,13,15
nolja_0814,4272,2,1,15
nolja_0814,4275,2,6,15
nolja_0814,4277,2,8,13
nolja_0814,4278,2,11,15
nolja_0814,4279,2,11,15
nolja_0814,4281,2,1,17
nolja_0814,4282,1,2,17
nolja_0814,4283,1,1,17
nolja_0814,4286,2,7,17
nolja_0814,4287,2,7,17
nolja_0814,4290,1,13,17
nolja_0814,4292,1,1,12
nolja_0814,4293,1,2,16
nolja_0814,4295,2,6,16
nolja_0814,4296,1,7,16
nolja_0814,4298,2,11,16
nolja_0814,4301,2,1,35
nolja_0814,4302,1,2,35
nolja_0814,4304,2,7,35
nolja_0814,4305,2,6,35
nolja_0814,4308,2,14,35
nolja_0814,4309,2,15,35
nolja_0814,4311,2,22,35
nolja_0814,4312,2,22,35
nolja_0814,4313,3,24,35
nolja_0814,4315,2,30,35
nolja_0814,4317,1,1,47
nolja_0814,4318,3,2,47
nolja_0814,4320,1,6,47
nolja_0814,4324,1,13,47
nolja_0814,4325,2,14,47
nolja_0814,4327,1,21,47
nolja_0814,4328,2,22,47
nolja_0814,4331,2,30,47
nolja_0814,4332,1,31,47
nolja_0814,4334,1,37,47
nolja_0814,4336,2,1,16
nolja_0814,4337,2,16,16
nolja_0814,4339,2,13,16
nolja_0814,4342,2,8,12
nolja_0814,4343,2,8,16
nolja_0814,4518,1,8,16
nolja_0814,4522,1,1,61
nolja_0814,4523,2,6,61
nolja_0814,4527,1,22,61
nolja_0814,4528,2,23,61
nolja_0814,4531,2,38,61
nolja_0814,4532,1,39,61
nolja_0814,4535,2,55,61
nolja_0814,4537,2,1,84
nolja_0814,4538,2,2,84
nolja_0814,4539,3,9,64
nolja_0814,4540,2,13,84
nolja_0814,4541,2,14,84
nolja_0814,4542,1,15,84
nolja_0814,4545,2,29,84
nolja_0814,4546,3,31,84
nolja_0814,4548,2,40,84
nolja_0814,4553,2,61,84
nolja_0814,4556,1,35,94
nolja_0814,4557,1,78,84
nolja_0814,4559,2,1,62
nolja_0814,4562,2,12,62
nolja_0814,4563,2,19,62
nolja_0814,4566,3,68,82
nolja_0814,4567,2,38,62
nolja_0814,4571,2,56,62
nolja_0814,4572,1,56,62
nolja_0814,4574,2,2,79
nolja_0814,4578,2,21,79
nolja_0814,4579,3,22,79
nolja_0814,4581,2,92,639
nolja_0814,4582,2,44,79
nolja_0814,4587,2,63,79
nolja_0814,4597,12,2,19
nolja_0814,4598,11,1,19
nolja_0814,4599,7,18,19
nolja_0814,4600,8,17,19
nolja_0814,4601,7,17,19
nolja_0814,4604,8,127,132
nolja_0814,4784,7,127,132
nolja_0814,4785,8,127,132
nolja_0814,4786,8,127,132
nolja_0814,4787,8,127,132
nolja_0814,4788,7,127,132
nolja_0814,4793,2,1,79
nolja_0814,4796,3,10,79
nolja_0814,4797,1,19,79
nolja_0814,4798,2,20,79
nolja_0814,4800,2,31,79
nolja_0814,4801,2,36,79
nolja_0814,4802,1,67,79
nolja_0814,4805,2,55,79
nolja_0814,4809,2,66,79
nolja_0814,4811,2,1,102
nolja_0814,4812,2,2,102
nolja_0814,4814,3,15,106
nolja_0814,4815,1,18,102
nolja_0814,4816,2,19,102
nolja_0814,4819,2,44,102
nolja_0814,4822,3,69,182
nolja_0814,4824,2,65,102
nolja_0814,4827,3,65,102
nolja_0814,4828,1,85,102
nolja_0814,4829,2,86,102
nolja_0814,4832,1,102,102
nolja_0814,4834,2,1,159
nolja_0814,4835,2,3,169
nolja_0814,4838,2,24,159
nolja_0814,4839,2,26,159
nolja_0814,4840,3,89,129
nolja_0814,4843,2,52,159
nolja_0814,4844,1,53,159
nolja_0814,4846,2,28,189
nolja_0814,4847,2,75,159
nolja_0814,4848,1,75,199
nolja_0814,4850,2,86,162
nolja_0814,4851,1,94,159
nolja_0814,4852,2,95,159
nolja_0814,4856,2,114,159
nolja_0814,4857,2,115,159
nolja_0814,4859,2,138,162
nolja_0814,4860,1,138,159
nolja_0814,4861,2,139,169
nolja_0814,4866,9,1,76
nolja_0814,4867,8,1,76
nolja_0814,4868,10,2,76
nolja_0814,4871,8,16,72
nolja_0814,5040,2,1,119
nolja_0814,5042,3,4,119
nolja_0814,5044,3,69,112
nolja_0814,5045,1,27,119
nolja_0814,5046,1,28,119
nolja_0814,5048,2,48,119
nolja_0814,5050,2,64,119
nolja_0814,5051,2,55,119
nolja_0814,5053,3,70,119
nolja_0814,5054,1,78,119
nolja_0814,5055,1,78,119
nolja_0814,5058,2,66,112
nolja_0814,5059,1,101,119
nolja_0814,5062,2,106,119
nolja_0814,5064,2,1,129
nolja_0814,5068,2,94,169
nolja_0814,5069,2,90,129
nolja_0814,5070,1,31,129
nolja_0814,5074,2,59,129
nolja_0814,5075,1,60,129
nolja_0814,5079,1,98,129
nolja_0814,5080,1,89,129
nolja_0814,5082,3,103,129
nolja_0814,5083,3,106,129
nolja_0814,5084,2,106,129
nolja_0814,5085,2,1,111
nolja_0814,5086,2,2,111
nolja_0814,5090,1,25,111
nolja_0814,5091,2,26,111
nolja_0814,5094,1,50,111
nolja_0814,5095,2,50,111
nolja_0814,5096,1,61,111
nolja_0814,5099,1,71,111
nolja_0814,5101,1,72,111
nolja_0814,5105,2,88,111
nolja_0814,5112,11,6,70
nolja_0814,5115,10,10,70
nolja_0814,5289,10,10,67
nolja_0814,5297,2,1,122
nolja_0814,5301,2,26,162
nolja_0814,5302,2,31,122
nolja_0814,5305,2,48,122
nolja_0814,5306,2,67,122
nolja_0814,5307,2,57,122
nolja_0814,5308,1,68,122
nolja_0814,5310,3,73,122
nolja_0814,5311,2,79,122
nolja_0814,5312,1,80,122
nolja_0814,5316,2,103,122
nolja_0814,5317,2,109,122
nolja_0814,5319,1,115,122
nolja_0814,5320,2,115,122
nolja_0814,5322,2,1,106
nolja_0814,5323,2,3,102
nolja_0814,5325,2,20,102
nolja_0814,5326,2,25,106
nolja_0814,5327,2,26,106
nolja_0814,5331,1,61,106
nolja_0814,5332,1,52,106
nolja_0814,5333,2,67,108
nolja_0814,5334,3,69,106
nolja_0814,5335,2,75,106
nolja_0814,5339,2,83,109
nolja_0814,5341,1,93,106
nolja_0814,5343,2,1,103
nolja_0814,5346,2,12,103
nolja_0814,5347,2,23,103
nolja_0814,5348,2,31,103
nolja_0814,5349,1,32,103
nolja_0814,5351,2,92,183
nolja_0814,5352,2,55,103
nolja_0814,5355,3,69,103
nolja_0814,5357,2,77,103
nolja_0814,5358,2,32,183
nolja_0814,5361,2,94,103
nolja_0814,5371,9,90,97
nolja_0814,5373,6,82,97
nolja_0814,5576,13,3,19
nolja_0814,5581,2,1,56
nolja_0814,5582,2,1,56
nolja_0814,5584,3,6,85
nolja_0814,5585,1,17,85
nolja_0814,5597,2,1,29
nolja_0814,5600,2,8,982
nolja_0814,5601,1,18,29
nolja_0814,5604,2,86,89
nolja_0814,5605,1,26,29
nolja_0814,5609,2,6,29
nolja_0814,5611,2,1,11
nolja_0814,5614,3,6,11
nolja_0814,5615,2,6,11
nolja_0814,5617,2,10,11
nolja_0814,5618,2,10,11
nolja_0814,5619,1,10,11
nolja_0814,5620,1,10,11
nolja_0814,5621,2,10,11
nolja_0814,5629,2,1,111
nolja_0814,5631,2,5,111
nolja_0814,5831,1,8,111
nolja_0814,5832,1,8,111
nolja_0814,5837,5,1,39
nolja_0814,5838,5,1,39
nolja_0814,5839,6,1,39
nolja_0814,5840,6,1,39
nolja_0814,5841,6,1,39
nolja_0814,5842,5,1,39
nolja_0814,5843,7,2,39
nolja_0814,5845,6,4,39
nolja_0814,5847,4,7,36
nolja_0814,5848,4,7,39
nolja_0814,5854,10,1,132
nolja_0814,5855,11,2,132
nolja_0814,5860,10,38,132
nolja_0814,5861,8,38,132
nolja_0814,5862,9,38,132
nolja_0814,5863,9,38,132
nolja_0814,5864,9,38,132
nolja_0814,5865,9,38,132
nolja_0814,5866,8,38,132
nolja_0814,5867,9,38,132
nolja_0814,5870,9,46,132
nolja_0814,5871,10,55,132
nolja_0814,5872,9,53,132
nolja_0814,5874,9,45,132
nolja_0814,5875,8,39,132
nolja_0814,6078,9,38,132
nolja_0814,6079,9,38,132
nolja_0814,6080,9,38,132
nolja_0814,6085,8,1,76
nolja_0814,6086,9,1,76
nolja_0814,6087,10,1,73
nolja_0814,6339,11,1,70
nolja_0814,6341,10,1,70
nolja_0814,6342,10,1,70
nolja_0814,6343,11,1,70
nolja_0814,6344,11,1,70
nolja_0814,6345,11,1,70
nolja_0814,6346,10,1,70
nolja_0814,6353,1,1,107
nolja_0814,6354,1,1,107
nolja_0814,6355,2,1,107
nolja_0814,6356,2,1,107
nolja_0814,6357,2,2,107
nolja_0814,6361,2,16,107
nolja_0814,6363,1,18,107
nolja_0825,25635,12,3,17
nolja_0825,25638,8,1,331
nolja_0825,25639,7,1,331
nolja_0825,25640,7,1,331
nolja_0825,25641,8,1,331
nolja_0825,25642,8,1,331
nolja_0825,25643,8,1,331
nolja_0825,25644,7,1,331
nolja_0825,25645,7,1,331
nolja_0825,25646,8,1,331
nolja_0825,25647,8,1,331
nolja_0825,25648,8,1,331
nolja_0825,25649,7,1,331
nolja_0825,25650,7,1,331
nolja_0825,25651,8,1,331
nolja_0825,25652,8,1,331
nolja_0825,25653,8,1,331
nolja_0825,25654,7,1,331
nolja_0825,25655,7,1,331
nolja_0825,25656,8,1,331
nolja_0825,25657,8,1,331
nolja_0825,25658,8,1,331
nolja_0825,25659,7,1,331
nolja_0825,25660,9,2,331
nolja_0825,25661,8,9,331
nolja_0825,25663,8,28,631
nolja_0825,25665,8,37,331
nolja_0825,25669,8,61,331
nolja_0825,25670,10,72,631
nolja_0825,25671,8,74,331
nolja_0825,25672,8,74,331
nolja_0825,25675,10,95,331
nolja_0825,25676,11,110,331
nolja_0825,25677,11,112,931
nolja_0825,25678,11,112,331
nolja_0825,25681,9,139,331
nolja_0825,25683,8,199,331
nolja_0825,25687,9,172,331
nolja_0825,25689,10,186,331
nolja_0825,25690,10,166,331
nolja_0825,25693,8,197,331
nolja_0825,25696,5,623,931
nolja_0825,25700,9,244,331
nolja_0825,25703,9,261,331
nolja_0825,25704,9,261,331
nolja_0825,25709,9,298,331
nolja_0825,25710,9,298,331
nolja_0825,25715,1,1,79
nolja_0825,25717,2,8,79
nolja_0825,25718,2,21,69
nolja_0825,25719,2,27,79
nolja_0825,25720,1,26,79
nolja_0825,25721,2,29,79
nolja_0825,25722,2,26,79
nolja_0825,25723,2,26,79
nolja_0825,25724,1,26,79
nolja_0825,25889,2,26,79
nolja_0825,25895,4,624,631
nolja_0825,25899,9,298,331
nolja_0825,25900,9,298,331
nolja_0825,25905,10,1,132
nolja_0825,25906,8,131,132
nolja_0825,25907,8,127,132
nolja_0825,25908,10,117,132
nolja_0825,25909,8,106,132
nolja_0825,25911,9,90,132
nolja_0825,25912,9,90,132
nolja_0825,25918,2,1,157
nolja_0825,25920,2,161,197
nolja_0825,25922,2,169,183
nolja_0825,25923,2,124,157
nolja_0825,25924,2,124,157
nolja_0825,25925,1,124,157
nolja_0825,25926,1,124,157
nolja_0825,25936,6,42,74
nolja_0825,25937,6,42,74
nolja_0825,25939,3,45,74
nolja_0825,25940,3,45,74
nolja_0825,25950,1,1,102
nolja_0825,25951,2,2,102
nolja_0825,25953,2,19,102
nolja_0825,25954,2,30,102
nolja_0825,25957,2,28,102
nolja_0825,25967,2,2,79
nolja_0825,25968,2,9,79
nolja_0825,25969,2,13,79
nolja_0825,25970,2,26,79
nolja_0825,25971,2,42,79
nolja_0825,25973,2,45,79
nolja_0825,25975,1,45,79
nolja_0825,25976,2,45,79
nolja_0825,25977,1,45,79
nolja_0825,25978,2,45,79
nolja_0825,26132,2,2,177
nolja_0825,26133,2,137,171
nolja_0825,26137,2,128,177
nolja_0825,26139,2,118,177
nolja_0825,26140,1,119,177
nolja_0825,26141,2,119,177
nolja_0825,26145,2,1,90
nolja_0825,26146,1,2,90
nolja_0825,26148,2,14,80
nolja_0825,26149,2,24,90
nolja_0825,26150,2,23,90
nolja_0825,26153,2,6,66
nolja_0825,26155,2,12,80
nolja_0825,26156,2,27,60
nolja_0825,26158,2,38,80
nolja_0825,26159,2,37,80
nolja_0825,26160,2,37,80
nolja_0825,26164,2,1,119
nolja_0825,26166,2,117,119
nolja_0825,26169,2,103,119
nolja_0825,26170,2,103,119
nolja_0825,26171,2,103,119
nolja_0825,26172,1,103,119
nolja_0825,26173,1,103,119
nolja_0825,26174,1,103,119
nolja_0825,26175,2,103,119
nolja_0825,26176,2,103,119
nolja_0825,26182,2,8,62
nolja_0825,26184,2,9,62
nolja_0825,26186,1,19,62
nolja_0825,26191,2,1,145
nolja_0825,27166,1,2,159
nolja_0825,27171,2,39,159
nolja_0825,27177,2,91,101
nolja_0825,27178,2,31,101
nolja_0825,27179,2,31,101
nolja_0825,27180,1,31,101
nolja_0825,27185,2,19,109
nolja_0825,27186,2,27,109
nolja_0825,27188,2,38,109
nolja_0825,27189,2,38,109
nolja_0825,27195,1,2,132
nolja_0825,27197,2,19,132
nolja_0825,27198,2,30,132
nolja_0825,27199,2,98,132
nolja_0825,27200,2,61,132
nolja_0825,27201,1,51,132
nolja_0825,27206,2,1,119
nolja_0825,27208,2,8,119
nolja_0825,27209,2,16,119
nolja_0825,27210,1,15,116
nolja_0825,27211,2,15,118
nolja_0825,27215,1,2,79
nolja_0825,27219,1,13,79
nolja_0825,27223,1,2,65
nolja_0825,27224,2,4,65
nolja_0825,27229,2,48,65
nolja_0825,27230,2,48,65
nolja_0825,27234,7,1,62
nolja_0825,27236,6,2,62
nolja_0825,27237,5,2,62
nolja_0825,27238,6,2,62
nolja_0825,27239,6,2,62
nolja_0825,27240,6,2,62
nolja_0825,27241,6,2,62
nolja_0825,27242,5,2,62
nolja_0825,27243,12,3,62
nolja_0825,27363,6,26,62
nolja_0825,27364,6,26,62
nolja_0825,27365,6,26,62
nolja_0825,27881,1,1,7
nolja_0825,27882,2,1,7
nolja_0825,27883,2,6,7
nolja_0825,27884,2,6,7
nolja_0825,27885,1,4,7
nolja_0825,27887,2,2,7
nolja_0825,27888,2,7,7
nolja_0825,27889,2,7,7
nolja_0825,27899,1,1,29
nolja_0825,27900,2,1,26
nolja_0825,27902,2,6,29
nolja_0825,27904,1,12,26
nolja_0825,27911,10,4,17
nolja_0825,27913,8,9,17
nolja_0825,27914,7,9,17
nolja_0825,27920,2,1,55
nolja_0825,27921,2,2,55
nolja_0825,27925,2,25,65
nolja_0825,27926,2,25,55
nolja_0825,27934,2,3,146
nolja_0825,27936,2,134,146
nolja_0825,27938,1,126,146
nolja_0825,27939,2,125,149
nolja_0825,27940,2,125,146
nolja_0825,27948,2,1,65
nolja_0825,27949,1,65,65
nolja_0825,28130,1,1,175
nolja_0825,28135,1,139,175
nolja_0825,28396,1,1,65
nolja_0825,28397,2,5,65
nolja_0825,28398,2,5,65
nolja_0825,28964,5,1,17
nolja_0825,28966,3,3,17
nolja_0825,28967,3,3,17
nolja_0825,28968,4,2,17
nolja_0825,29438,11,1,17
nolja_0825,29439,10,1,17
nolja_0825,29440,10,1,17
nolja_0825,29441,11,1,17
nolja_0825,29450,10,3,67
nolja_0825,29451,10,3,67
nolja_0825,29454,8,9,67
nolja_0825,29455,9,9,67
nolja_0825,30869,2,79,79
nolja_0825,30873,2,63,79
nolja_0825,31077,1,62,79
nolja_0825,31078,1,1,65
nolja_0825,31252,1,20,65
nolja_0825,31253,2,20,65
nolja_0825,31254,2,20,65
nolja_0825,31255,1,20,65
nolja_0825,31256,2,20,65
nolja_0825,31257,1,20,65
nolja_0825,31258,2,20,65
nolja_0825,31259,2,20,65
nolja_0825,31260,1,20,65
nolja_0825,31262,2,1,120
nolja_0825,31264,2,109,120
nolja_0825,31265,2,94,120
nolja_0825,31266,2,86,120
nolja_0825,31320,1,97,120
nolja_0825,31517,12,3,17
nolja_0825,31518,12,3,17
nolja_0825,31519,11,3,17
nolja_0825,31520,11,3,17
nolja_0825,31525,2,113,120
nolja_0825,31527,1,89,120
nolja_0825,31713,2,87,120
nolja_0825,31714,1,87,120
nolja_0825,31715,2,87,120
nolja_0825,31716,1,87,120
nolja_0825,31717,2,87,120
nolja_0825,31718,2,87,120
nolja_0825,31719,1,87,120
nolja_0825,31720,2,87,120
nolja_0825,31721,1,87,120
nolja_0825,31722,2,87,120
nolja_0825,31723,2,87,120
nolja_0825,31724,1,87,120
nolja_0825,31725,2,87,120
nolja_0825,31726,1,87,120
nolja_0825,31727,2,87,120
nolja_0825,31728,2,87,120
nolja_0825,31729,1,87,120
nolja_0825,31730,2,87,120
nolja_0825,31731,1,87,120
nolja_0825,31732,2,87,120
nolja_0825,31733,2,87,120
nolja_0825,31734,1,87,120
nolja_0825,31735,2,87,120
nolja_0825,31736,1,87,120
nolja_0825,31737,2,87,120
nolja_0825,31738,2,87,120
nolja_0825,31739,1,87,120
nolja_0825,31740,2,87,120
nolja_0825,31741,1,87,120
nolja_0825,31742,2,87,120
nolja_0825,31743,2,87,120
nolja_0825,31744,1,87,120
nolja_0825,31748,2,61,65
nolja_0825,32481,10,1,17
nolja_0825,32482,10,1,17
nolja_0825,32483,10,1,17
nolja_0825,32484,10,1,17
nolja_0825,32485,11,1,17
nolja_0825,32486,11,1,17
nolja_0825,32487,10,1,17
nolja_0825,32488,10,1,17
nolja_0825,32489,11,1,17
nolja_0825,32490,11,1,17
nolja_0825,32491,11,1,17
nolja_0825,32492,10,1,17
nolja_0825,32493,10,1,17
nolja_0825,32494,10,1,17
nolja_0825,32495,11,1,17
nolja_0825,32496,11,1,17
nolja_0825,32497,10,1,17
nolja_0825,32498,10,1,17
nolja_0825,32499,11,1,17
nolja_0825,32500,11,1,17
nolja_0825,32501,11,1,17
nolja_0825,32502,10,1,17
nolja_0825,32503,10,1,17
nolja_0825,32504,11,1,17
nolja_0825,32505,11,1,17
nolja_0825,32506,11,1,17
nolja_0825,32507,10,1,17
nolja_0825,32508,10,1,17
nolja_0825,32509,11,1,17
nolja_0825,32510,11,1,17
nolja_0825,32511,11,1,17
nolja_0825,32512,10,1,17
nolja_0825,32513,10,1,17
nolja_0825,32514,11,1,17
nolja_0825,32515,11,1,17
nolja_0825,32516,11,1,17
nolja_0825,32517,10,1,17
nolja_0825,32518,10,1,17
nolja_0825,32519,11,1,17
nolja_0825,32520,11,1,17
nolja_0825,32521,11,1,17
nolja_0825,32524,8,15,17
nolja_0825,32525,8,14,17
nolja_0825,32526,9,14,17
nolja_0825,32779,11,3,17
nolja_0825,32780,12,3,17
nolja_0825,32781,12,3,17
nolja_0825,32782,12,3,17
nolja_0825,32783,11,3,17
nolja_0825,32784,11,3,17
nolja_0825,32785,12,3,17
nolja_0825,32786,12,3,17
nolja_0825,32787,12,3,17
nolja_0825,32788,12,3,17
nolja_0825,32789,11,3,17
nolja_0825,32790,11,3,17
nolja_0825,32791,12,3,17
nolja_0825,32792,12,3,17
nolja_0825,32793,12,3,17
nolja_0825,32794,11,3,17
nolja_0825,32795,11,3,17
nolja_0825,32796,12,3,17
nolja_0825,32797,12,3,17
nolja_0825,32798,11,3,17
nolja_0825,32799,11,3,17
nolja_0825,32800,11,3,17
nolja_0825,32801,12,3,17
nolja_0825,32802,12,3,17
nolja_0825,32803,11,3,17
nolja_0825,32804,12,3,17
nolja_0825,32805,12,3,17
nolja_0825,32806,12,3,17
nolja_0825,32807,12,3,17
nolja_0825,32808,11,3,17
nolja_0825,32809,11,3,17
nolja_0825,32810,11,3,17
nolja_0825,32811,12,3,17
nolja_0825,32812,12,3,17
nolja_0825,32813,12,3,17
nolja_0825,32814,11,3,17
nolja_0825,32815,11,3,17
nolja_0825,32816,12,3,17
nolja_0825,32817,12,3,17
nolja_0825,32818,11,3,17
nolja_0825,32819,11,3,17
nolja_0825,32820,11,3,17
nolja_0825,32821,12,3,17
nolja_0825,32822,12,3,17
nolja_0825,32823,12,3,17
nolja_0825,32824,11,3,17
nolja_0825,32825,11,3,17
nolja_0825,32826,12,3,17
nolja_0825,32827,12,3,17
nolja_0825,32828,11,3,17
nolja_0825,32835,2,46,65
nolja_0825,33040,2,46,65
nolja_0825,33041,2,46,65
nolja_0825,33300,1,27,120
nolja_0825,33301,1,27,120
nolja_0825,33302,2,27,120
nolja_0825,33305,2,4,179
nolja_0825,33307,2,24,175
nolja_0825,33308,2,36,175
nolja_0825,33309,2,94,175
nolja_0825,33310,2,69,175
nolja_0825,33311,2,84,175
nolja_0825,33312,2,93,175
nolja_0825,33605,12,3,17
nolja_0825,33606,12,3,17
nolja_0825,33607,11,3,17
nolja_0825,33608,12,3,17
nolja_0825,33609,11,3,17
nolja_0825,33610,12,3,17
nolja_0825,33611,12,3,17
nolja_0825,33612,11,3,17
nolja_0825,33613,12,3,17
nolja_0825,33614,11,3,17
nolja_0825,33615,12,3,17
nolja_0825,33616,12,3,17
nolja_0825,33617,11,3,17
nolja_0825,33879,10,4,17
nolja_0825,33880,11,3,17
nolja_0825,34152,8,16,17
nolja_0825,34153,8,16,17
nolja_0825,34154,7,16,17
nolja_0825,34155,8,16,17
nolja_0825,34156,7,16,17
nolja_0825,34157,8,16,17
nolja_0825,34158,8,16,17
nolja_0825,34159,7,16,17
nolja_0825,34167,8,119,131
sngl_0810,3521,12,3,17
sngl_0810,3522,12,3,17
sngl_0810,3523,11,3,17
sngl_0810,3525,8,5,17
sngl_0810,3530,7,1,62
sngl_0810,3531,5,2,62
sngl_0810,3604,11,3,62
sngl_0810,3605,12,3,62
sngl_0810,3606,12,3,62
sngl_0810,3607,11,3,62
sngl_0810,3608,12,3,62
sngl_0810,3609,11,3,62
sngl_0810,3610,5,4,62
sngl_0810,3611,5,4,62
sngl_0810,3612,6,4,62
sngl_0810,3613,12,3,62
sngl_0810,3614,12,3,62
sngl_0810,3615,12,3,62
sngl_0810,3616,11,3,62
sngl_0810,3617,12,3,62
sngl_0810,3696,6,4,62
sngl_0810,3707,2,8,105
sngl_0810,3709,1,6,106
sngl_0810,3711,1,9,106
sngl_0810,3714,2,24,106
sngl_0810,3715,2,25,106
sngl_0810,3721,2,119,122
sngl_0810,3722,2,119,122
sngl_0810,3723,1,119,122
sngl_0810,3725,2,113,122
sngl_0810,3726,2,115,122
sngl_0810,3729,1,111,122
sngl_0810,3730,1,106,122
sngl_0810,3734,2,101,122
sngl_0810,3736,2,99,122
sngl_0810,3737,1,97,122
sngl_0810,3738,2,86,129
sngl_0810,3739,2,36,122
sngl_0810,3740,2,94,122
sngl_0810,3741,1,93,122
sngl_0810,3742,2,91,122
sngl_0810,3743,2,91,122
sngl_0810,3744,2,91,122
sngl_0810,3745,3,91,122
sngl_0810,3916,12,3,17
sngl_0810,3920,2,1,159
sngl_0810,3925,9,1,10
sngl_0810,4100,10,9,10
sngl_0810,4101,9,10,10
sngl_0810,4258,9,1,10
sngl_0810,4263,2,5,177
sngl_0810,4266,2,62,177
sngl_0810,4267,1,23,177
sngl_0810,4269,1,1,157
sngl_0810,4272,1,151,157
sngl_0810,4275,2,137,157
sngl_0810,4312,1,143,157
sngl_0810,4484,12,3,17
sngl_0810,4485,12,3,17
sngl_0810,4486,11,3,17
sngl_0810,4487,12,3,17
sngl_0810,4488,12,3,17
sngl_0810,4489,11,3,17
sngl_0810,4490,12,3,17
sngl_0810,4491,12,3,17
sngl_0810,4492,12,3,17
sngl_0810,4493,12,3,17
sngl_0810,4494,11,3,17
sngl_0810,4495,12,3,17
sngl_0810,4496,12,3,17
sngl_0810,4497,12,3,17
sngl_0810,4498,12,3,17
sngl_0810,4499,11,3,17
sngl_0810,4500,12,3,17
sngl_0810,4501,12,3,17
sngl_0810,4502,12,3,17
sngl_0810,4503,12,3,17
sngl_0810,4504,12,3,17
sngl_0810,4507,9,6,321
sngl_0810,4517,2,8,106
sngl_0810,4519,1,2,102
sngl_0810,4521,2,6,102
sngl_0810,4522,2,7,102
sngl_0810,4523,1,6,102
sngl_0810,4524,2,5,102
sngl_0810,4525,1,5,102
sngl_0810,4528,2,4,102
sngl_0810,4529,1,4,102
sngl_0810,4530,2,4,102
sngl_0810,4655,2,5,102
sngl_0810,4665,2,16,122
sngl_0810,4668,2,8,109
sngl_0810,4670,2,9,109
sngl_0810,4671,1,10,109
sngl_0810,4672,2,10,109
sngl_0810,4673,2,10,109
sngl_0810,4674,2,10,109
sngl_0810,4677,2,18,109
sngl_0810,4679,1,20,109
sngl_0810,4681,1,25,109
sngl_0810,4686,2,91,109
sngl_0810,4688,2,47,109
sngl_0810,4690,2,50,109
sngl_0810,4691,2,51,109
sngl_0810,4692,2,51,109
sngl_0810,4693,2,51,109
sngl_0810,4694,1,51,109
sngl_0810,4695,2,51,109
sngl_0810,4873,9,2,10
sngl_0810,4885,1,1,106
sngl_0810,4889,1,1,106
sngl_0810,4890,2,1,106
sngl_0810,4891,2,9,109
sngl_0810,4895,2,14,106
sngl_0810,4896,2,18,105
sngl_0810,4898,2,23,105
sngl_0810,4899,2,24,106
sngl_0810,4901,2,28,106
sngl_0810,4902,2,29,106
sngl_0810,4903,2,29,106
sngl_0810,4904,1,30,106
sngl_0810,4905,2,31,106
sngl_0810,4906,1,31,106
sngl_0810,5075,12,3,17
sngl_0810,5081,2,152,157
sngl_0810,5083,2,138,157
sngl_0810,5086,3,119,157
sngl_0810,5256,2,1,79
sngl_0810,5257,2,4,79
sngl_0810,5258,2,4,79
sngl_0810,5259,2,4,79
sngl_0810,5260,2,4,79
sngl_0810,5261,1,4,79
sngl_0810,5262,1,6,79
sngl_0810,5263,2,8,79
sngl_0810,5264,1,9,79
sngl_0810,5265,2,9,79
sngl_0810,5266,2,9,79
sngl_0810,5267,1,9,79
sngl_0810,5268,2,9,79
sngl_0810,5642,12,3,17
sngl_0810,5643,12,3,17
sngl_0810,5644,11,3,17
sngl_0810,5645,12,3,17
sngl_0810,5646,12,3,17
sngl_0810,5647,12,3,17
sngl_0810,5648,12,3,17
sngl_0810,5649,11,3,17
sngl_0810,5650,12,3,17
sngl_0810,5651,12,3,17
sngl_0810,5652,12,3,17
sngl_0810,5653,12,3,17
sngl_0810,5654,11,3,17
sngl_0810,5655,12,3,17
sngl_0810,5656,12,3,17
sngl_0810,5657,12,3,17
sngl_0810,5658,12,3,17
sngl_0810,5659,9,4,17
sngl_0810,5660,10,4,17
sngl_0810,5661,9,4,17
sngl_0810,5662,9,4,17
sngl_0810,5663,10,4,17
sngl_0810,5664,10,4,17
sngl_0810,5665,10,4,17
sngl_0810,5666,9,4,17
sngl_0810,5667,9,7,17
sngl_0810,5670,10,11,17
sngl_0810,5671,9,11,17
sngl_0810,5672,9,11,17
sngl_0810,5673,8,13,17
sngl_0810,5674,8,13,17
sngl_0810,5675,8,13,17
sngl_0810,5676,7,13,17
sngl_0810,5677,8,13,17
sngl_0810,5678,8,13,17
sngl_0810,5679,8,13,17
sngl_0810,5680,8,13,17
sngl_0810,5681,7,13,17
sngl_0810,5682,8,13,17
sngl_0810,5683,8,13,17
sngl_0810,5684,8,13,17
sngl_0810,5685,8,13,17
sngl_0810,5686,7,13,17
sngl_0810,5687,8,13,17
sngl_0810,5688,8,14,17
sngl_0810,5690,12,2,17
sngl_0811,198,2,18,79
sngl_0811,200,1,18,79
sngl_0811,201,2,18,79
sngl_0811,202,2,18,79
sngl_0811,203,2,18,79
sngl_0811,204,1,18,79
sngl_0811,209,2,20,102
sngl_0811,210,2,22,102
sngl_0811,212,2,27,102
sngl_0811,213,1,26,102
sngl_0811,214,2,24,102
sngl_0811,215,2,26,102
sngl_0811,217,1,33,102
sngl_0811,219,2,38,102
sngl_0811,220,2,39,102
sngl_0811,221,2,39,102
sngl_0811,222,1,39,102
sngl_0811,224,1,95,102
sngl_0811,225,2,98,102
sngl_0811,226,2,88,102
sngl_0811,227,2,53,102
sngl_0811,232,2,67,102
sngl_0811,233,1,67,102
sngl_0811,236,1,73,102
sngl_0811,237,2,74,102
sngl_0811,238,1,75,102
sngl_0811,239,2,75,102
sngl_0811,240,2,75,102
sngl_0811,241,2,75,102
sngl_0811,242,2,76,102
sngl_0811,243,1,77,102
sngl_0811,244,2,78,102
sngl_0811,245,2,79,102
sngl_0811,246,1,81,102
sngl_0811,247,2,81,102
sngl_0811,248,1,82,102
sngl_0811,249,1,82,102
sngl_0811,250,2,82,102
sngl_0811,251,2,82,102
sngl_0811,252,2,82,102
sngl_0811,253,1,82,102
sngl_0811,254,1,82,102
sngl_0811,255,2,82,102
sngl_0811,256,2,82,102
sngl_0811,257,2,82,102
sngl_0811,258,1,82,102
sngl_0811,259,1,82,102
sngl_0811,260,2,82,102
sngl_0811,261,2,82,102
sngl_0811,262,2,82,102
sngl_0811,269,2,13,102
sngl_0811,270,2,26,102
sngl_0811,271,2,37,102
sngl_0811,272,1,38,102
sngl_0811,274,2,98,102
sngl_0811,276,2,61,102
sngl_0811,279,1,75,102
sngl_0811,436,2,82,102
sngl_0811,437,2,36,102
sngl_0811,438,2,86,102
sngl_0811,439,2,80,102
sngl_0811,442,1,93,102
sngl_0811,443,2,93,102
sngl_0811,444,2,93,102
sngl_0811,445,2,93,102
sngl_0811,446,2,93,102
sngl_0811,447,1,93,102
sngl_0811,448,2,93,102
sngl_0811,449,2,93,102
sngl_0811,450,2,83,102
sngl_0811,451,2,93,102
sngl_0811,452,1,83,102
sngl_0811,453,2,93,102
sngl_0811,454,2,93,102
sngl_0811,455,2,93,102
sngl_0811,456,2,83,102
sngl_0811,457,1,83,102
sngl_0811,458,2,83,102
sngl_0811,459,2,83,102
sngl_0811,460,2,83,102
sngl_0811,461,2,93,102
sngl_0811,462,1,83,102
sngl_0811,463,2,83,102
sngl_0811,464,2,83,102
sngl_0811,465,2,93,102
sngl_0811,466,2,83,102
sngl_0811,467,1,93,102
sngl_0811,468,2,93,102
sngl_0811,469,2,93,102
sngl_0811,470,2,93,102
sngl_0811,471,2,83,102
sngl_0811,472,1,93,102
sngl_0811,473,2,83,102
sngl_0811,474,2,93,102
sngl_0811,475,2,93,102
sngl_0811,476,2,93,102
sngl_0811,477,1,93,102
sngl_0811,478,2,93,102
sngl_0811,479,2,93,102
sngl_0811,480,2,93,102
sngl_0811,481,2,93,102
sngl_0811,482,1,93,102
sngl_0811,483,2,83,102
sngl_0811,484,2,93,102
sngl_0811,485,2,93,102
sngl_0811,486,2,93,102
sngl_0811,487,1,83,102
sngl_0811,488,2,93,102
sngl_0811,489,2,93,102
sngl_0811,490,2,93,102
sngl_0811,491,2,93,102
sngl_0811,492,1,93,102
sngl_0811,493,2,93,102
sngl_0811,494,2,93,102
sngl_0811,495,2,93,102
sngl_0811,496,2,93,102
sngl_0811,497,1,93,102
sngl_0811,498,2,93,102
sngl_0811,499,2,93,102
sngl_0811,500,2,83,102
sngl_0811,501,2,83,102
sngl_0811,502,1,83,102
sngl_0811,503,2,83,102
sngl_0811,504,2,83,102
sngl_0811,505,2,83,102
sngl_0811,506,2,83,102
sngl_0811,507,1,93,102
sngl_0811,508,2,93,102
sngl_0811,509,2,93,102
sngl_0811,510,2,83,102
sngl_0811,511,2,93,102
sngl_0811,512,1,93,102
sngl_0811,513,2,93,102
sngl_0811,514,2,93,102
sngl_0811,515,2,83,102
sngl_0811,516,2,93,102
sngl_0811,517,1,93,102
sngl_0811,518,2,83,102
sngl_0811,519,2,93,102
sngl_0811,520,2,93,102
sngl_0811,521,2,83,102
sngl_0811,522,1,83,102
sngl_0811,523,2,83,102
sngl_0811,524,2,83,102
sngl_0811,525,2,93,102
sngl_0811,689,1,93,102
sngl_0811,690,1,93,102
sngl_0811,691,2,93,102
sngl_0811,692,2,93,102
sngl_0811,693,2,93,102
sngl_0811,694,1,93,102
sngl_0811,695,1,93,102
sngl_0811,696,2,93,102
sngl_0811,698,1,1,159
sngl_0811,703,2,1,177
sngl_0811,706,2,22,177
sngl_0811,710,2,69,177
sngl_0811,711,2,70,177
sngl_0811,712,2,35,177
sngl_0811,713,2,100,177
sngl_0811,714,2,115,177
sngl_0811,716,2,128,177
sngl_0811,720,2,134,177
sngl_0811,722,2,135,177
sngl_0811,723,2,135,177
sngl_0811,724,1,135,177
sngl_0811,725,2,135,177
sngl_0811,726,2,135,177
sngl_0811,727,2,135,177
sngl_0811,729,1,135,177
sngl_0811,730,2,135,177
sngl_0811,731,2,135,177
sngl_0811,732,2,135,177
sngl_0811,733,2,135,177
sngl_0811,734,1,135,177
sngl_0811,735,2,135,177
sngl_0811,736,2,135,177
sngl_0811,737,2,135,177
sngl_0811,738,2,135,177
sngl_0811,739,1,135,177
sngl_0811,740,2,135,177
sngl_0811,741,2,135,177
sngl_0811,743,1,135,177
sngl_0811,744,1,135,177
sngl_0811,745,1,135,177
sngl_0811,746,2,135,177
sngl_0811,747,2,135,177
sngl_0811,748,1,135,177
sngl_0811,749,1,135,177
sngl_0811,750,1,135,177
sngl_0811,751,2,135,177
sngl_0811,752,2,135,177
sngl_0811,753,2,135,177
sngl_0811,754,2,135,177
sngl_0811,755,1,135,177
sngl_0811,756,2,135,177
sngl_0811,757,2,135,177
sngl_0811,758,1,135,177
sngl_0811,759,2,135,177
sngl_0811,760,1,135,177
sngl_0811,761,2,135,177
sngl_0811,762,2,135,177
sngl_0811,763,1,135,177
sngl_0811,764,1,135,177
sngl_0811,765,1,135,177
sngl_0811,766,2,135,177
sngl_0811,767,2,135,177
sngl_0811,768,1,135,177
sngl_0811,769,1,135,177
sngl_0811,770,1,135,177
sngl_0811,771,2,135,177
sngl_0811,772,2,135,177
sngl_0811,773,1,135,177
sngl_0811,778,2,135,177
sngl_0811,951,2,135,177
sngl_0811,957,2,1,159
sngl_0811,959,1,3,159
sngl_0811,960,2,6,199
sngl_0811,961,2,19,162
sngl_0811,962,2,28,189
sngl_0811,965,2,45,159
sngl_0811,966,2,60,169
sngl_0811,969,1,60,159
sngl_0811,970,2,60,159
sngl_0811,971,2,60,159
sngl_0811,972,2,80,159
sngl_0811,973,1,60,159
sngl_0811,974,1,60,159
sngl_0811,975,2,60,159
sngl_0811,976,2,60,159
sngl_0811,977,2,60,159
sngl_0811,978,1,60,159
sngl_0811,979,1,60,159
sngl_0811,980,2,60,159
sngl_0811,981,2,60,159
sngl_0811,982,2,80,159
sngl_0811,983,1,80,159
sngl_0811,984,1,80,159
sngl_0811,985,2,80,159
sngl_0811,986,2,80,159
sngl_0811,987,2,80,159
sngl_0811,988,1,80,159
sngl_0811,989,1,60,159
sngl_0811,990,2,60,159
sngl_0811,991,2,60,159
sngl_0811,992,2,60,159
sngl_0811,993,1,60,159
sngl_0811,994,1,60,159
sngl_0811,995,2,60,159
sngl_0811,996,2,80,159
sngl_0811,997,2,80,159
sngl_0811,998,1,80,159
sngl_0811,999,1,80,159
sngl_0811,1000,2,60,159
sngl_0811,1001,2,60,159
sngl_0811,1002,2,60,159
sngl_0811,1003,1,60,159
sngl_0811,1004,1,60,159
sngl_0811,1005,2,60,159
sngl_0811,1006,2,80,159
sngl_0811,1007,2,60,159
sngl_0811,1008,1,60,159
sngl_0811,1009,1,60,159
sngl_0811,1010,2,60,159
sngl_0811,1011,2,60,159
sngl_0811,1012,2,60,159
sngl_0811,1013,1,60,159
sngl_0811,1014,1,60,159
sngl_0811,1015,2,80,159
sngl_0811,1016,2,80,159
sngl_0811,1017,2,60,159
sngl_0811,1018,1,80,159
sngl_0811,1019,1,60,159
sngl_0811,1020,2,80,159
sngl_0811,1021,2,60,159
sngl_0811,1022,2,60,159
sngl_0811,1023,1,60,159
sngl_0811,1024,1,60,159
sngl_0811,1025,2,60,159
sngl_0811,1026,2,80,159
sngl_0811,1027,2,80,159
sngl_0811,1028,1,80,159
sngl_0811,1029,1,60,159
sngl_0811,1030,2,80,159
sngl_0811,1031,2,80,159
sngl_0811,1032,2,60,159
sngl_0811,1033,1,60,159
sngl_0811,1034,1,60,159
sngl_0811,1462,13,3,19
sngl_0811,1463,12,3,19
sngl_0811,1464,13,3,19
sngl_0811,1465,8,9,19
sngl_0811,1468,8,6,19
sngl_0811,1469,9,6,19
sngl_0811,1470,9,6,19
sngl_0811,1471,9,6,19
sngl_0811,1472,9,6,19
sngl_0811,1473,8,6,19
sngl_0811,1474,8,6,19
sngl_0811,1475,9,6,19
sngl_0811,1476,9,6,19
sngl_0811,1477,9,6,19
sngl_0811,1478,8,6,19
sngl_0811,1479,8,6,19
sngl_0811,1480,9,6,19
sngl_0811,1481,9,6,19
sngl_0811,1482,9,6,19
sngl_0811,1483,8,6,19
sngl_0811,1484,8,6,19
sngl_0811,1485,8,6,19
sngl_0811,1486,10,7,19
sngl_0811,1489,12,19,19
sngl_0811,1490,13,2,19
sngl_0811,1491,8,8,39
sngl_0811,1492,8,5,19
sngl_0811,1494,8,9,19
sngl_0811,1495,8,10,19
sngl_0811,1497,10,11,19
sngl_0811,1498,10,11,19
sngl_0811,1499,9,11,19
sngl_0811,1500,10,11,19
sngl_0811,1501,9,11,19
sngl_0811,1502,10,11,19
sngl_0811,1503,10,11,19
sngl_0811,1504,9,11,19
sngl_0811,1505,10,11,19
sngl_0811,1506,9,11,19
sngl_0811,1507,10,11,19
sngl_0811,1508,10,11,19
sngl_0811,1509,9,11,19
sngl_0811,1510,10,11,19
sngl_0811,1511,9,11,19
sngl_0811,1512,10,11,19
sngl_0811,1513,10,11,19
sngl_0811,1514,9,11,19
sngl_0811,1515,10,11,19
sngl_0811,1516,9,11,19
sngl_0811,1517,10,11,19
sngl_0811,1518,10,11,19
sngl_0811,1519,9,11,19
sngl_0811,1520,10,11,19
sngl_0811,1521,9,11,19
sngl_0811,1523,8,15,19
sngl_0811,1526,8,18,19
sngl_0811,1527,8,18,19
sngl_0811,1528,7,18,19
sngl_0811,1529,8,18,19
sngl_0811,1530,8,18,19
sngl_0811,1531,13,19,19
sngl_0811,1534,13,3,19
sngl_0811,1535,10,4,19
sngl_0811,1537,7,10,19
sngl_0811,1538,8,10,19
sngl_0811,1545,9,11,332
sngl_0811,1702,9,11,332
sngl_0811,1703,9,11,332
sngl_0811,1704,9,11,332
sngl_0811,1705,8,11,332
sngl_0811,1706,8,11,332
sngl_0811,1707,8,11,332
sngl_0811,1708,9,11,332
sngl_0811,1709,9,11,332
sngl_0811,1712,8,11,332
sngl_0811,1716,8,11,332
sngl_0811,1717,8,11,332
sngl_0811,1718,9,11,332
sngl_0811,1719,9,11,332
sngl_0811,1720,8,11,332
sngl_0811,1721,8,11,332
sngl_0811,1722,9,11,332
sngl_0811,1723,9,11,332
sngl_0811,1724,9,11,332
sngl_0811,1727,8,11,332
sngl_0811,1728,9,11,332
sngl_0811,1729,9,11,332
sngl_0811,1730,8,11,332
sngl_0811,1731,8,11,332
sngl_0811,1732,9,11,332
sngl_0811,1733,9,11,332
sngl_0811,1734,9,11,332
sngl_0811,1735,8,11,332
sngl_0811,1736,8,11,332
sngl_0811,1737,9,11,332
sngl_0811,1738,9,11,332
sngl_0811,1739,9,11,332
sngl_0811,1740,8,11,332
sngl_0811,1748,4,7,38
sngl_0811,1749,5,6,36
sngl_0811,1750,5,5,36
sngl_0811,1751,4,5,38
sngl_0811,1752,6,6,36
sngl_0811,1754,6,9,39
sngl_0811,1761,7,5,45
sngl_0811,1762,10,7,45
sngl_0811,1763,10,9,45
sngl_0811,1764,9,11,45
sngl_0811,1766,11,7,45
sngl_0811,1767,11,8,45
sngl_0811,1769,10,15,45
sngl_0811,1771,8,17,45
sngl_0811,1773,9,19,45
sngl_0811,1774,8,20,45
sngl_0811,1775,8,20,45
sngl_0811,1776,9,21,45
sngl_0811,1777,9,21,45
sngl_0811,1778,8,23,45
sngl_0811,1779,11,24,45
sngl_0811,1955,8,23,45
sngl_0811,1956,8,23,45
sngl_0811,1957,8,23,45
sngl_0811,1958,7,23,45
sngl_0811,1959,8,23,45
sngl_0811,1960,10,24,45
sngl_0811,1962,10,35,45
sngl_0811,1963,8,38,45
sngl_0811,1968,7,16,45
sngl_0811,1970,7,18,45
sngl_0811,1976,8,1,127
sngl_0811,1977,9,4,127
sngl_0811,1983,10,24,127
sngl_0811,2219,7,27,127
sngl_0811,2222,12,29,127
sngl_0811,2223,12,29,127
sngl_0811,2224,11,29,127
sngl_0811,2225,11,30,127
sngl_0811,2226,10,30,127
sngl_0811,2227,11,30,127
sngl_0811,2228,10,30,127
sngl_0811,2229,9,31,127
sngl_0811,2230,9,31,127
sngl_0811,2231,9,31,127
sngl_0811,2232,9,31,127
sngl_0811,2233,8,31,127
sngl_0811,2234,9,31,127
sngl_0811,2235,9,31,127
sngl_0811,2236,9,31,127
sngl_0811,2237,9,31,127
sngl_0811,2238,8,31,127
sngl_0811,2239,9,31,127
sngl_0811,2240,9,31,127
sngl_0811,2241,9,31,127
sngl_0811,2242,9,31,127
sngl_0811,2243,8,31,127
sngl_0811,2244,9,31,127
sngl_0811,2245,9,31,127
sngl_0811,2246,9,31,127
sngl_0811,2247,9,31,127
sngl_0811,2248,8,31,127
sngl_0811,2249,9,31,127
sngl_0811,2250,9,31,127
sngl_0811,2251,9,31,127
sngl_0811,2470,9,31,127
sngl_0811,2471,9,31,127
sngl_0811,2472,8,31,127
sngl_0811,2473,9,31,127
sngl_0811,2474,9,31,127
sngl_0811,2475,8,31,127
sngl_0811,2476,9,31,127
sngl_0811,2477,8,31,127
sngl_0811,2478,9,31,127
sngl_0811,2479,9,31,127
sngl_0811,2480,8,31,127
sngl_0811,2481,9,31,127
sngl_0811,2482,8,31,127
sngl_0811,2483,9,31,127
sngl_0811,2484,9,31,127
sngl_0811,2485,8,31,127
sngl_0811,2486,9,31,127
sngl_0811,2487,8,31,127
sngl_0811,2488,9,31,127
sngl_0811,2489,9,31,127
sngl_0811,2490,8,31,127
sngl_0811,2491,9,31,127
sngl_0811,2492,8,31,127
sngl_0811,2493,9,31,127
sngl_0811,2494,9,31,127
sngl_0811,2495,8,31,127
sngl_0811,2496,9,31,127
sngl_0811,2497,8,31,127
sngl_0811,2498,9,31,127
sngl_0811,2499,9,31,127
sngl_0811,2500,8,31,127
sngl_0811,2501,9,31,127
sngl_0811,2502,8,31,127
sngl_0811,2503,9,31,127
sngl_0811,2504,9,31,127
sngl_0811,2505,8,31,127
sngl_0811,2506,9,31,127
sngl_0811,2507,8,31,127
sngl_0811,2508,9,31,127
sngl_0811,2509,9,31,127
sngl_0811,2510,8,31,127
sngl_0811,2511,9,31,127
sngl_0811,2512,8,31,127
sngl_0811,2513,9,31,127
sngl_0811,2514,9,31,127
sngl_0811,2515,8,31,127
sngl_0811,2516,9,31,127
sngl_0811,2517,8,31,127
sngl_0811,2518,9,31,127
sngl_0811,2519,9,31,127
sngl_0811,2520,8,31,127
sngl_0811,2521,9,31,127
sngl_0811,2522,8,31,127
sngl_0811,2523,9,31,127
sngl_0811,2524,9,31,127
sngl_0811,2525,8,31,127
sngl_0811,2526,9,31,127
sngl_0811,2527,8,31,127
sngl_0811,2528,9,31,127
sngl_0811,2529,9,31,127
sngl_0811,2530,8,31,127
sngl_0811,2531,9,31,127
sngl_0811,2532,8,31,127
sngl_0811,2533,9,31,127
sngl_0811,2534,9,31,127
sngl_0811,2535,8,31,127
sngl_0811,2536,9,31,127
sngl_0811,2537,8,31,127
sngl_0811,2538,9,31,127
sngl_0811,2539,9,31,127
sngl_0811,2540,8,31,127
sngl_0811,2541,9,31,127
sngl_0811,2542,8,31,127
sngl_0811,2543,9,31,127
sngl_0811,2544,9,31,127
sngl_0811,2545,8,31,127
sngl_0811,2546,9,31,127
sngl_0811,2547,8,31,127
sngl_0811,2552,1,1,125
sngl_0811,2553,2,3,129
sngl_0811,2554,2,87,129
sngl_0811,2557,2,26,129
sngl_0811,2558,2,36,129
sngl_0811,3522,13,3,19
sngl_0811,3523,13,3,19
sngl_0811,3536,1,4,159
sngl_0811,3537,2,6,159
sngl_0811,3539,2,11,159
sngl_0811,3544,1,2,119
sngl_0811,3546,1,6,118
sngl_0811,3548,1,1,125
sngl_0811,3552,1,20,129
sngl_0811,3554,2,36,129
sngl_0811,3555,2,47,129
sngl_0811,3556,2,32,129
sngl_0811,3557,2,70,129
sngl_0811,3558,2,72,129
sngl_0811,3560,2,77,129
sngl_0811,3561,2,61,199
sngl_0811,3563,2,91,129
sngl_0811,3565,2,88,129
sngl_0811,3566,2,88,129
sngl_0811,3567,1,88,129
sngl_0811,3568,2,88,129
sngl_0811,3569,2,88,129
sngl_0811,3570,2,88,129
sngl_0811,3571,2,88,129
sngl_0811,3572,1,88,129
sngl_0811,3573,2,88,129
sngl_0811,3574,2,88,129
sngl_0811,3575,2,88,129
sngl_0811,3576,2,88,129
sngl_0811,3577,1,88,129
sngl_0811,3578,2,88,129
sngl_0811,3579,2,88,129
sngl_0811,3580,2,88,129
sngl_0811,3581,2,88,129
sngl_0811,3582,1,88,129
sngl_0811,3583,2,88,129
sngl_0811,3584,2,88,129
sngl_0811,3585,2,88,129
sngl_0811,3586,2,88,129
sngl_0811,3587,1,88,129
sngl_0811,3588,2,88,129
sngl_0811,3589,2,88,129
sngl_0811,3590,2,88,129
sngl_0811,3591,2,88,129
sngl_0811,3592,1,88,129
sngl_0811,3593,2,88,129
sngl_0811,3594,2,88,129
sngl_0811,3595,2,88,129
sngl_0811,3596,2,88,129
sngl_0811,3597,1,88,129
sngl_0811,3598,2,88,129
sngl_0811,3599,2,88,129
sngl_0811,3600,2,88,129
sngl_0811,3601,2,88,129
sngl_0811,3602,1,88,129
sngl_0811,3780,1,88,129
sngl_0811,3781,2,88,129
sngl_0811,3782,2,88,129
sngl_0811,3783,2,88,129
sngl_0811,3784,2,88,129
sngl_0811,3785,1,86,129
sngl_0811,3786,2,88,129
sngl_0811,3787,2,88,129
sngl_0811,3788,2,86,129
sngl_0811,3789,2,86,129
sngl_0811,3790,1,86,129
sngl_0811,3791,2,88,129
sngl_0811,3792,2,86,129
sngl_0811,3793,2,88,129
sngl_0811,3794,2,88,129
sngl_0811,3795,1,88,129
sngl_0811,3843,1,86,129
sngl_0811,3845,2,90,129
sngl_0811,3847,2,101,129
sngl_0811,3850,2,113,129
sngl_0811,3853,2,20,129
sngl_0811,4045,2,14,129
sngl_0811,4046,2,14,129
sngl_0811,4047,1,14,129
sngl_0811,4048,2,14,129
sngl_0811,4049,1,14,129
sngl_0811,4050,2,14,129
sngl_0811,4051,2,14,129
sngl_0811,4052,1,14,129
sngl_0811,4053,2,14,129
sngl_0811,4054,1,14,129
sngl_0811,4055,2,14,129
sngl_0811,4056,2,14,129
sngl_0811,4057,1,14,129
sngl_0811,4058,2,14,129
sngl_0811,4059,1,14,129
sngl_0811,4060,2,14,129
sngl_0811,4065,2,4,79
sngl_0811,4067,2,34,79
sngl_0811,4068,2,28,79
sngl_0811,4069,1,29,79
sngl_0811,4070,2,33,79
sngl_0811,4309,2,56,79
sngl_0811,4310,1,56,79
sngl_0811,4311,1,56,79
sngl_0811,4312,1,56,79
sngl_0811,4313,2,56,79
sngl_0811,4314,2,56,79
sngl_0811,4315,1,56,79
sngl_0811,4316,1,56,79
sngl_0811,4317,2,56,79
sngl_0811,4318,2,56,79
sngl_0811,4319,2,56,79
sngl_0811,4320,1,56,79
sngl_0811,4321,1,56,79
sngl_0811,4322,1,56,79
sngl_0811,4323,2,56,79
sngl_0811,4324,2,56,79
sngl_0811,4325,1,56,79
sngl_0811,4326,1,56,79
sngl_0811,4327,1,56,79
sngl_0811,4328,2,56,79
sngl_0811,4329,2,56,79
sngl_0811,4330,1,56,79
sngl_0811,4331,1,56,79
sngl_0811,4332,1,56,79
sngl_0811,4333,2,56,79
sngl_0811,4334,2,56,79
sngl_0811,4335,1,56,79
sngl_0811,4336,1,56,79
sngl_0811,4337,1,56,79
sngl_0811,4338,2,56,79
sngl_0811,4339,2,56,79
sngl_0811,4340,1,56,79
sngl_0811,4341,1,56,79
sngl_0811,4344,2,1,129
sngl_0811,4345,2,3,129
sngl_0811,4346,2,88,129
sngl_0811,4347,2,19,129
sngl_0811,4349,2,25,129
sngl_0811,4352,2,42,129
sngl_0811,4353,2,43,129
sngl_0811,4354,2,99,129
sngl_0811,4355,2,60,129
sngl_0811,4356,2,75,129
sngl_0811,4357,2,30,129
sngl_0811,4358,1,80,129
sngl_0811,4359,1,68,169
sngl_0811,4360,2,86,129
sngl_0811,4361,2,86,129
sngl_0811,4362,1,86,129
sngl_0811,4363,1,86,129
sngl_0811,4364,2,86,129
sngl_0811,4365,2,86,129
sngl_0811,4366,2,86,129
sngl_0811,4367,1,86,129
sngl_0811,4368,1,86,129
sngl_0811,4369,2,86,129
sngl_0811,4370,2,86,129
sngl_0811,4371,2,86,129
sngl_0811,4372,1,86,129
sngl_0811,4373,1,86,129
sngl_0811,4374,2,86,129
sngl_0811,4375,2,86,129
sngl_0811,4376,2,86,129
sngl_0811,4377,1,86,129
sngl_0811,4378,1,86,129
sngl_0811,4379,2,86,129
sngl_0811,4380,2,86,129
sngl_0811,4381,2,86,129
sngl_0811,4382,1,86,129
sngl_0811,4383,1,86,129
sngl_0811,4384,2,86,129
sngl_0811,4566,2,86,129
sngl_0811,4567,2,86,129
sngl_0811,4568,1,86,129
sngl_0811,4569,1,86,129
sngl_0811,4570,2,86,129
sngl_0811,4571,2,86,129
sngl_0811,4572,2,86,129
sngl_0811,4573,1,86,129
sngl_0811,4574,1,86,129
sngl_0811,4575,2,86,129
sngl_0811,4576,2,86,129
sngl_0811,4577,2,86,129
sngl_0811,4578,1,86,129
sngl_0811,4579,1,86,129
sngl_0811,4580,2,86,129
sngl_0811,4581,2,86,129
sngl_0811,4582,2,86,129
sngl_0811,4583,1,86,129
sngl_0811,4584,1,86,129
sngl_0811,4585,1,86,129
sngl_0811,4586,2,86,129
sngl_0811,4587,2,86,129
sngl_0811,4588,1,86,129
sngl_0811,4589,1,86,129
sngl_0811,4590,2,86,129
sngl_0811,4591,2,86,129
sngl_0811,4592,2,86,129
sngl_0811,4593,1,86,129
sngl_0811,4594,1,86,129
sngl_0811,4595,2,86,129
sngl_0811,4597,1,1,119
sngl_0811,4598,1,1,118
sngl_0811,4599,2,1,118
sngl_0811,4600,2,1,116
sngl_0811,4601,1,1,116
sngl_0811,4602,1,1,118
sngl_0811,4603,1,1,116
sngl_0811,4604,2,1,116
sngl_0811,4605,2,1,116
sngl_0811,4606,1,1,118
sngl_0811,4607,1,1,116
sngl_0811,4608,1,1,116
sngl_0811,4609,2,119,119
sngl_0811,4612,2,107,119
sngl_0811,4613,2,106,118
sngl_0811,4616,2,82,116
sngl_0811,4618,2,90,118
sngl_0811,4619,2,90,118
sngl_0811,4620,1,80,118
sngl_0811,4621,2,90,116
sngl_0811,4622,1,80,118
sngl_0811,4623,2,80,118
sngl_0811,4624,2,80,118
sngl_0811,4625,1,80,116
sngl_0811,4626,2,80,118
sngl_0811,4627,1,80,116
sngl_0811,4628,2,80,118
sngl_0811,4629,2,80,118
sngl_0811,4630,1,80,118
sngl_0811,4631,2,80,116
sngl_0811,4632,1,90,118
sngl_0811,4633,2,90,116
sngl_0811,4634,2,80,116
sngl_0811,4635,1,80,116
sngl_0811,4636,2,80,116
sngl_0811,4637,1,90,118
sngl_0811,4638,2,90,118
sngl_0811,4639,2,80,116
sngl_0811,4640,1,80,116
sngl_0811,4641,2,80,116
sngl_0811,4642,1,90,116
sngl_0811,4643,2,80,116
sngl_0811,4644,2,90,116
sngl_0811,4645,1,90,118
sngl_0811,4646,2,80,116
sngl_0811,4647,1,80,116
sngl_0811,4648,2,80,116
sngl_0811,4649,2,80,118
