존,종류,화면번호,곡,근거,프레임수,크기기준
1st~ZERO,시리즈존,1,디그니티 - FULL SONG -,놀0803 22:40~23:12 / 26:58~27:35 (구간),1,눈판독
1st~ZERO,시리즈존,2,디그니티,놀0803 22:40~23:12 / 26:58~27:35 (구간),1,눈판독
1st~ZERO,시리즈존,3,슬램,놀0803 22:40~23:12 / 26:58~27:35 (구간),1,눈판독
1st~ZERO,시리즈존,4,또다른 진심,놀0803 22:40~23:12 / 26:58~27:35 (구간),1,눈판독
1st~ZERO,시리즈존,5,비트 오브 더 워 2,놀0803 22:40~23:12 / 26:58~27:35 (구간),1,눈판독
1st~ZERO,시리즈존,6,월광,놀0803 22:40~23:12 / 26:58~27:35 (구간),1,눈판독
1st~ZERO,시리즈존,7,위치 닥터,놀0803 22:40~23:12 / 26:58~27:35 (구간),1,눈판독
1st~ZERO,시리즈존,8,러브 이즈 어 데인저 존 pt.2,놀0803 22:40~23:12 / 26:58~27:35 (구간),1,눈판독
1st~ZERO,시리즈존,9,팬텀,놀0803 22:40~23:12 / 26:58~27:35 (구간),1,눈판독
1st~ZERO,시리즈존,10,파파 곤잘레스,놀0803 22:40~23:12 / 26:58~27:35 (구간),1,눈판독
1st~ZERO,시리즈존,11,점프,놀0803 22:40~23:12 / 26:58~27:35 (구간),1,눈판독
1st~ZERO,시리즈존,12,러브 이즈 어 데인저 존 2 (Try To B.P.M),놀0803 22:40~23:12 / 26:58~27:35 (구간),1,눈판독
1st~ZERO,시리즈존,13,러브 이즈 어 데인저 존 pt.2 어나더,놀0803 22:40~23:12 / 26:58~27:35 (구간),1,눈판독
1st~ZERO,시리즈존,14,제이 봉,놀0803 22:40~23:12 / 26:58~27:35 (구간),1,눈판독
1st~ZERO,시리즈존,15,하이 바이,놀0803 22:40~23:12 / 26:58~27:35 (구간),1,눈판독
1st~ZERO,시리즈존,16,무혼 2,놀0803 22:40~23:12 / 26:58~27:35 (구간),1,눈판독
1st~ZERO,시리즈존,17,캐논 디,놀0803 22:40~23:12 / 26:58~27:35 (구간),1,눈판독
1st~ZERO,시리즈존,18,트림 북 오브 더 워,놀0803 22:40~23:12 / 26:58~27:35 (구간),1,눈판독
1st~ZERO,시리즈존,19,반야 클래식 리믹스,놀0803 22:40~23:12 / 26:58~27:35 (구간),1,눈판독
1st~ZERO,시리즈존,20,반야 힙합 리믹스,놀0803 22:40~23:12 / 26:58~27:35 (구간),1,눈판독
1st~ZERO,시리즈존,21,캐논 디 - FULL SONG -,놀0803 22:40~23:12 / 26:58~27:35 (구간),1,눈판독
1st~ZERO,시리즈존,22,파이널 오디션 3,놀0803 22:40~23:12 / 26:58~27:35 (구간),1,눈판독
1st~ZERO,시리즈존,23,태동 2,놀0803 22:40~23:12 / 26:58~27:35 (구간),1,눈판독
1st~ZERO,시리즈존,24,몽키 핑거즈,놀0803 22:40~23:12 / 26:58~27:35 (구간),1,눈판독
1st~ZERO,시리즈존,25,블레이징,놀0803 22:40~23:12 / 26:58~27:35 (보간),1,눈판독
1st~ZERO,시리즈존,26,펌프 미 아마데우스,놀0803 22:40~23:12 / 26:58~27:35 (보간),1,눈판독
1st~ZERO,시리즈존,27,엑스트림,놀0803 22:40~23:12 / 26:58~27:35 (보간),1,눈판독
1st~ZERO,시리즈존,28,겟 업!,놀0803 22:40~23:12 / 26:58~27:35 (보간),1,눈판독
1st~ZERO,시리즈존,29,비,놀0803 22:40~23:12 / 26:58~27:35 (보간),1,눈판독
1st~ZERO,시리즈존,30,디 갱,놀0803 22:40~23:12 / 26:58~27:35 (보간),1,눈판독
1st~ZERO,시리즈존,31,헬로우,놀0803 22:40~23:12 / 26:58~27:35 (보간),1,눈판독
1st~ZERO,시리즈존,32,비트 오브 더 워,놀0803 22:40~23:12 / 26:58~27:35 (보간),1,눈판독
1st~ZERO,시리즈존,33,컴 투 미,놀0803 22:40~23:12 / 26:58~27:35 (보간),1,눈판독
1st~ZERO,시리즈존,34,닥터 엠,놀0803 22:40~23:12 / 26:58~27:35 (보간),1,눈판독
1st~ZERO,시리즈존,35,엠페러,놀0803 22:40~23:12 / 26:58~27:35 (보간),1,눈판독
1st~ZERO,시리즈존,36,겟 유어 그루브 온,놀0803 22:40~23:12 / 26:58~27:35 (보간),1,눈판독
1st~ZERO,시리즈존,37,러브 이즈 어 데인저 존,놀0803 22:40~23:12 / 26:58~27:35 (보간),1,눈판독
1st~ZERO,시리즈존,38,마리아,놀0803 22:40~23:12 / 26:58~27:35 (보간),1,눈판독
1st~ZERO,시리즈존,39,미션 파서블,놀0803 22:40~23:12 / 26:58~27:35 (보간),1,눈판독
1st~ZERO,시리즈존,40,마이웨이,놀0803 22:40~23:12 / 26:58~27:35 (보간),1,눈판독
1st~ZERO,시리즈존,41,포인트 브레이크,놀0803 22:40~23:12 / 26:58~27:35 (보간),1,눈판독
1st~ZERO,시리즈존,42,스트리트 쇼다운,놀0803 22:40~23:12 / 26:58~27:35 (보간),1,눈판독
1st~ZERO,시리즈존,43,탑 시티,놀0803 22:40~23:12 / 26:58~27:35 (보간),1,눈판독
1st~ZERO,시리즈존,44,윈터,놀0803 22:40~23:12 / 26:58~27:35 (보간),1,눈판독
1st~ZERO,시리즈존,45,윌 오 더 위스프,놀0803 22:40~23:12 / 26:58~27:35 (보간),1,눈판독
1st~ZERO,시리즈존,46,틸 디 엔드 오브 타임,놀0803 22:40~23:12 / 26:58~27:35 (보간),1,눈판독
1st~ZERO,시리즈존,47,오이 오이 오이,놀0803 22:40~23:12 / 26:58~27:35 (보간),1,눈판독
1st~ZERO,시리즈존,48,위 윌 밋 어게인,놀0803 22:40~23:12 / 26:58~27:35 (보간),1,눈판독
1st~ZERO,시리즈존,49,미스 에스 스토리,놀0803 22:40~23:12 / 26:58~27:35 (보간),1,눈판독
1st~ZERO,시리즈존,50,셋 미 업,놀0803 22:40~23:12 / 26:58~27:35 (보간),1,눈판독
1st~ZERO,시리즈존,51,댄스 위드 미,놀0803 22:40~23:12 / 26:58~27:35 (보간),1,눈판독
1st~ZERO,시리즈존,52,부크,놀0803 22:40~23:12 / 26:58~27:35 (보간),1,눈판독
1st~ZERO,시리즈존,53,우편마차,놀0803 22:40~23:12 / 26:58~27:35 (보간),1,눈판독
1st~ZERO,시리즈존,54,치킨 윙,놀0803 22:40~23:12 / 26:58~27:35 (보간),1,눈판독
1st~ZERO,시리즈존,55,라젠스키 캉캉,놀0803 22:40~23:12 / 26:58~27:35 (보간),1,눈판독
1st~ZERO,시리즈존,56,파이널 오디션 에피소드 1,놀0803 22:40~23:12 / 26:58~27:35 (보간),1,눈판독
1st~ZERO,시리즈존,57,엑스트라 반야 리믹스,놀0803 22:40~23:12 / 26:58~27:35 (보간),1,눈판독
1st~ZERO,시리즈존,58,펌프 점프,놀0803 22:40~23:12 / 26:58~27:35 (보간),1,눈판독
1st~ZERO,시리즈존,59,엔,놀0803 22:40~23:12 / 26:58~27:35 (구간),1,눈판독
1st~ZERO,시리즈존,60,롤링 크리스마스,놀0803 22:40~23:12 / 26:58~27:35 (구간),1,눈판독
1st~ZERO,시리즈존,61,올 아이 원트 포 크리스마스,놀0803 22:40~23:12 / 26:58~27:35 (구간),1,눈판독
1st~ZERO,시리즈존,62,베토벤 바이러스,놀0803 22:40~23:12 / 26:58~27:35 (구간),1,눈판독
1st~ZERO,시리즈존,63,오! 로사,놀0803 22:40~23:12 / 26:58~27:35 (구간),1,눈판독
1st~ZERO,시리즈존,64,첫사랑,놀0803 22:40~23:12 / 26:58~27:35 (보간),1,눈판독
1st~ZERO,시리즈존,65,사랑가,놀0803 22:40~23:12 / 26:58~27:35 (보간),1,눈판독
1st~ZERO,시리즈존,66,무혼,놀0803 22:40~23:12 / 26:58~27:35 (보간),1,눈판독
1st~ZERO,시리즈존,67,미스터 라푸스,놀0803 22:40~23:12 / 26:58~27:35 (구간),1,눈판독
1st~ZERO,시리즈존,68,파이널 오디션 2,놀0803 22:40~23:12 / 26:58~27:35 (구간),1,눈판독
1st~ZERO,시리즈존,69,태동,놀0803 22:40~23:12 / 26:58~27:35 (구간),1,눈판독
1st~ZERO,시리즈존,70,터키 행진곡,놀0803 22:40~23:12 / 26:58~27:35 (구간),1,눈판독
1st~ZERO,시리즈존,71,님과 함께,놀0803 22:40~23:12 / 26:58~27:35 (구간),1,눈판독
1st~ZERO,시리즈존,72,서울구경,놀0803 22:40~23:12 / 26:58~27:35 (보간),1,눈판독
1st~ZERO,시리즈존,73,악몽,놀0803 22:40~23:12 / 26:58~27:35 (보간),1,눈판독
1st~ZERO,시리즈존,74,눈을 감아,놀0803 22:40~23:12 / 26:58~27:35 (보간),1,눈판독
1st~ZERO,시리즈존,75,프리 스타일,놀0803 22:40~23:12 / 26:58~27:35 (보간),1,눈판독
1st~ZERO,시리즈존,76,미드나잇 블루,놀0803 22:40~23:12 / 26:58~27:35 (보간),1,눈판독
1st~ZERO,시리즈존,77,그녀는 피자를 좋아해,놀0803 22:40~23:12 / 26:58~27:35 (보간),1,눈판독
1st~ZERO,시리즈존,78,펌핑업,놀0803 22:40~23:12 / 26:58~27:35 (보간),1,눈판독
1st~ZERO,시리즈존,79,파이널 오디션,놀0803 22:40~23:12 / 26:58~27:35 (구간),1,눈판독
1st~ZERO,시리즈존,80,엑스트라바간자,놀0803 22:40~23:12 / 26:58~27:35 (구간),1,눈판독
1st~ZERO,시리즈존,81,리피토먼트 리믹스,놀0803 22:40~23:12 / 26:58~27:35 (구간),1,눈판독
NX~NXA,시리즈존,1,블레이즈 이모션,놀0803 13:52 (구간),1,눈판독
NX~NXA,시리즈존,2,캐논 X.1,놀0803 13:51,1,눈판독
NX~NXA,시리즈존,3,젓가락 변주곡,놀0803 13:51 (구간),1,눈판독
NX~NXA,시리즈존,4,사람들은 몰랐다네,놀0803 13:53 (구간),1,눈판독
NX~NXA,시리즈존,5,디제이 오타다,놀0803 13:54 (구간),1,눈판독
NX~NXA,시리즈존,6,케이.오.에이 : 엘리스 인 원더월드,놀0803 13:55 (구간),1,눈판독
NX~NXA,시리즈존,7,마이 드림즈,놀0803 13:57,1,눈판독
NX~NXA,시리즈존,8,토카타,놀0803 13:58,1,눈판독
NX~NXA,시리즈존,9,파이널 오디션 에피소드 2-X,놀0803 13:59,1,눈판독
NX~NXA,시리즈존,10,사람들은 펌핑업을 몰랐다네,놀0803 14:00,1,눈판독
NX~NXA,시리즈존,11,미운 오리 토카타,놀0803 14:01,1,눈판독
NX~NXA,시리즈존,12,카프리스 오브 디제이 오타다,놀0803 14:02,1,눈판독
NX~NXA,시리즈존,13,닥터 케이오에이,놀0803 14:03 (구간),1,눈판독
NX~NXA,시리즈존,14,터키 바이러스,놀0803 14:04 (구간),1,눈판독
NX~NXA,시리즈존,15,젓가락 변주곡 - FULL SONG -,놀0803 14:05 (구간),1,눈판독
NX~NXA,시리즈존,16,펌트리스 8비트 ver.,놀0803 14:06 (구간),1,눈판독
NX~NXA,시리즈존,17,무혼 1.5,놀0803 14:07 (구간),1,눈판독
NX~NXA,시리즈존,18,비트 더 고스트,놀0803 14:08 (구간),1,눈판독
NX~NXA,시리즈존,19,카프리스 오브 오타다,놀0803 14:09 (구간),1,눈판독
NX~NXA,시리즈존,20,머니,놀0803 14:09,1,눈판독
NX~NXA,시리즈존,21,몽키 핑거즈 2,놀0803 14:11 (구간),1,눈판독
NX~NXA,시리즈존,22,패스터 Z,놀0803 14:11 (구간),1,눈판독
NX~NXA,시리즈존,23,펌트리스 꽈뜨로,놀0803 14:12 (구간),1,눈판독
NX~NXA,시리즈존,24,기타 맨,놀0803 14:13,1,눈판독
NX~NXA,시리즈존,25,히글디 피글디,놀0803 14:14,1,눈판독
NX~NXA,시리즈존,26,잼 오 비트,놀0803 14:15,1,눈판독
NX~NXA,시리즈존,27,반야-P 기타 리믹스,놀0803 14:16,1,눈판독
NX~NXA,시리즈존,28,머니 핑거즈,놀0803 14:17,1,눈판독
NX~NXA,시리즈존,29,위치 닥터 #1,놀0803 14:18 (구간),1,눈판독
NX~NXA,시리즈존,30,아크 오브 다크니스,놀0803 14:19 (구간),1,눈판독
NX~NXA,시리즈존,31,키메라,놀0803 14:21 (구간),1,눈판독
NX~NXA,시리즈존,32,사랑가 2006,놀0803 14:22 (구간),1,눈판독
NX~NXA,시리즈존,33,두 유 노우 댓-올드 스쿨,놀0803 14:23,1,눈판독
NX~NXA,시리즈존,34,건락,놀0803 14:24,1,눈판독
NX~NXA,시리즈존,35,투우사의 노래,놀0803 14:25,1,눈판독
NX~NXA,시리즈존,36,미운 오리 새끼,놀0803 14:26,1,눈판독
NX~NXA,시리즈존,37,파이널 오디션 에피소드 2-1,놀0803 14:27,1,눈판독
NX~NXA,시리즈존,38,파이널 오디션 에피소드 2-2,놀0803 14:28,1,눈판독
NX~NXA,시리즈존,39,위엑닥바,놀0803 14:29,1,눈판독
NX~NXA,시리즈존,40,비메라,놀0803 14:30,1,눈판독
NX~NXA,시리즈존,41,반야-P 클래식 리믹스,놀0803 14:31,1,눈판독
NX~NXA,시리즈존,42,러브 이즈 어 데인저 존 2 - FULL SONG -,놀0803 13:51 (구간),1,눈판독
NX~NXA,시리즈존,43,비트 오브 더 워 2 - FULL SONG -,놀0803 13:51 (구간),1,눈판독
FIESTA~FIESTA 2,시리즈존,1,엘리제,놀0803 14:39 (구간),1,눈판독
FIESTA~FIESTA 2,시리즈존,2,이그니스 패터스(DM Ashura 믹스),놀0803 14:40 (구간),1,눈판독
FIESTA~FIESTA 2,시리즈존,3,러브 이즈 어 데인저 존(Cranky 믹스),놀0803 14:41 (구간),1,눈판독
FIESTA~FIESTA 2,시리즈존,4,힙노시스(SynthWulf 믹스),놀0803 14:42 (구간),1,눈판독
FIESTA~FIESTA 2,시리즈존,5,에프 에프 에프,놀0803 14:43 (구간),1,눈판독
FIESTA~FIESTA 2,시리즈존,6,유니크,놀0803 14:44 (구간),1,눈판독
FIESTA~FIESTA 2,시리즈존,7,엑시던트,놀0803 14:44.5 (구간),1,눈판독
FIESTA~FIESTA 2,시리즈존,8,디,놀0803 14:45.5 (구간),1,눈판독
FIESTA~FIESTA 2,시리즈존,9,유 갓 미 락킹,놀0803 14:45.5 (구간),1,눈판독
FIESTA~FIESTA 2,시리즈존,10,루시드(PIU Edit),놀0803 14:46.5 (구간),1,눈판독
FIESTA~FIESTA 2,시리즈존,11,로그인,놀0803 14:46.5 (구간),1,눈판독
FIESTA~FIESTA 2,시리즈존,12,윈드밀,놀0803 14:47.5 (구간),1,눈판독
FIESTA~FIESTA 2,시리즈존,13,팔로우 미,놀0803 14:48.5 (구간),1,눈판독
FIESTA~FIESTA 2,시리즈존,14,여래아,놀0803 14:50,1,눈판독
FIESTA~FIESTA 2,시리즈존,15,멘탈 라이더,놀0803 14:51,1,눈판독
FIESTA~FIESTA 2,시리즈존,16,와라유도인?,놀0803 14:52,1,눈판독
FIESTA~FIESTA 2,시리즈존,17,이그니스 패터스(DM Ashura 믹스) - SHORT CUT -,놀0803 14:53,1,눈판독
FIESTA~FIESTA 2,시리즈존,18,에프 에프 에프 - SHORT CUT -,놀0803 14:54,1,눈판독
FIESTA~FIESTA 2,시리즈존,19,유니크 - SHORT CUT -,놀0803 14:55,1,눈판독
FIESTA~FIESTA 2,시리즈존,20,유 갓 미 락킹 - SHORT CUT -,놀0803 14:56,1,눈판독
FIESTA~FIESTA 2,시리즈존,21,클리너,놀0803 14:57.5 (구간),1,눈판독
FIESTA~FIESTA 2,시리즈존,22,인터퍼런스,놀0803 14:58.5 (구간),1,눈판독
FIESTA~FIESTA 2,시리즈존,23,리얼리티,놀0803 14:59.5 (구간),1,눈판독
FIESTA~FIESTA 2,시리즈존,24,테이크 아웃,놀0803 18:13,1,눈판독
FIESTA~FIESTA 2,시리즈존,25,버터플라이,놀0803 18:14,1,눈판독
FIESTA~FIESTA 2,시리즈존,26,오버블로우,놀0803 18:15,1,눈판독
FIESTA~FIESTA 2,시리즈존,27,위 갓 투 노우,놀0803 18:16,1,눈판독
FIESTA~FIESTA 2,시리즈존,28,헝가리 무곡 V,놀0803 18:17,1,눈판독
FIESTA~FIESTA 2,시리즈존,29,마왕,놀0803 18:18,1,눈판독
FIESTA~FIESTA 2,시리즈존,30,네이티브,놀0803 18:19,1,눈판독
FIESTA~FIESTA 2,시리즈존,31,진공 청소기,놀0803 18:20,1,눈판독
FIESTA~FIESTA 2,시리즈존,32,에브리바디 갓 투 노우,놀0803 18:21,1,눈판독
FIESTA~FIESTA 2,시리즈존,33,인터퍼런스 - FULL SONG -,놀0803 18:22,1,눈판독
FIESTA~FIESTA 2,시리즈존,34,트롯프리스 - SHORT CUT -,놀0803 18:23,1,눈판독
FIESTA~FIESTA 2,시리즈존,35,클리너 - SHORT CUT -,놀0803 18:24,1,눈판독
FIESTA~FIESTA 2,시리즈존,36,테이크 아웃 - SHORT CUT -,놀0803 18:25,1,눈판독
FIESTA~FIESTA 2,시리즈존,37,오버블로우 - SHORT CUT -,놀0803 18:26,1,눈판독
FIESTA~FIESTA 2,시리즈존,38,야근,놀0803 18:27,1,눈판독
FIESTA~FIESTA 2,시리즈존,39,파반느,놀0803 18:28,1,눈판독
FIESTA~FIESTA 2,시리즈존,40,잣,놀0803 18:29,1,눈판독
FIESTA~FIESTA 2,시리즈존,41,ㅁㄴㅇㄹ,놀0803 18:30 (구간),1,눈판독
FIESTA~FIESTA 2,시리즈존,42,조나단의 꿈,놀0803 18:31 (구간),1,눈판독
FIESTA~FIESTA 2,시리즈존,43,엑스트리,놀0803 18:32 (구간),1,눈판독
FIESTA~FIESTA 2,시리즈존,44,소서리스 엘리제,놀0803 18:33 (구간),1,눈판독
FIESTA~FIESTA 2,시리즈존,45,사랑가 -2막-,놀0803 18:33,1,눈판독
FIESTA~FIESTA 2,시리즈존,46,유 갓 투 노우,놀0803 18:34,1,눈판독
FIESTA~FIESTA 2,시리즈존,47,데스티네이션,놀0803 18:35,1,눈판독
FIESTA~FIESTA 2,시리즈존,48,진공,놀0803 18:36,1,눈판독
FIESTA~FIESTA 2,시리즈존,49,두 잇 레게 스타일,놀0803 18:37 (구간),1,눈판독
FIESTA~FIESTA 2,시리즈존,50,제네시스,놀0803 18:38 (구간),1,눈판독
FIESTA~FIESTA 2,시리즈존,51,아리랑,놀0803 18:39 (구간),1,눈판독
FIESTA~FIESTA 2,시리즈존,52,테크 -클럽 코펜하겐-,놀0803 18:40 (구간),1,눈판독
FIESTA~FIESTA 2,시리즈존,53,안녕 윌리엄,놀0803 18:41 (구간),1,눈판독
FIESTA~FIESTA 2,시리즈존,54,터키 행진곡 -미니멀튠즈-,놀0803 18:41,1,눈판독
FIESTA~FIESTA 2,시리즈존,55,겟 업 (앤 고),놀0803 18:42 (구간),1,눈판독
FIESTA~FIESTA 2,시리즈존,56,팬텀 -인터메조-,놀0803 18:43 (구간),1,눈판독
FIESTA~FIESTA 2,시리즈존,57,미션 파서블 -블로우 백-,놀0803 18:44 (구간),1,눈판독
FIESTA~FIESTA 2,시리즈존,58,펌핑 점핑,놀0803 18:45 (구간),1,눈판독
FIESTA~FIESTA 2,시리즈존,59,반야 프로덕션 클래식 리믹스,놀0803 18:46 (구간),1,눈판독
FIESTA~FIESTA 2,시리즈존,60,파파 헬로이징,놀0803 18:47 (구간),1,눈판독
FIESTA~FIESTA 2,시리즈존,61,반야 프로덕션 클래식 리믹스 2,놀0803 18:47,1,눈판독
FIESTA~FIESTA 2,시리즈존,62,셋업 미투 믹스,놀0803 18:48 (구간),1,눈판독
FIESTA~FIESTA 2,시리즈존,63,엠.에스.군 리믹스 파트.6,놀0803 18:49,1,눈판독
FIESTA~FIESTA 2,시리즈존,64,파이널 오디션 2 - SHORT CUT -,놀0803 18:50,1,눈판독
FIESTA~FIESTA 2,시리즈존,65,파이널 오디션 3 - SHORT CUT -,놀0803 18:51,1,눈판독
FIESTA~FIESTA 2,시리즈존,66,파이널 오디션 에피소드 2-X - SHORT CUT -,놀0803 18:52,1,눈판독
FIESTA~FIESTA 2,시리즈존,67,러브 이즈 어 데인저 존 - SHORT CUT -,놀0803 18:53,1,눈판독
FIESTA~FIESTA 2,시리즈존,68,러브 이즈 어 데인저 존 pt.2 - SHORT CUT -,놀0803 18:54,1,눈판독
FIESTA~FIESTA 2,시리즈존,69,엑스트라바간자 - SHORT CUT -,놀0803 18:55 (구간),1,눈판독
FIESTA~FIESTA 2,시리즈존,70,치킨 윙 - SHORT CUT -,놀0803 18:56 (구간),1,눈판독
FIESTA~FIESTA 2,시리즈존,71,윈터 - SHORT CUT -,놀0803 18:57 (구간),1,눈판독
FIESTA~FIESTA 2,시리즈존,72,무혼 2 - SHORT CUT -,놀0803 18:58 (구간),1,눈판독
FIESTA~FIESTA 2,시리즈존,73,월광 - SHORT CUT -,놀0803 18:59 (구간),1,눈판독
FIESTA~FIESTA 2,시리즈존,74,위치 닥터 - SHORT CUT -,놀0803 18:59,1,눈판독
FIESTA~FIESTA 2,시리즈존,75,익시드2 오프닝 - SHORT CUT -,놀0803 19:00,1,눈판독
FIESTA~FIESTA 2,시리즈존,76,NX 오프닝 - SHORT CUT -,놀0803 19:01,1,눈판독
FIESTA~FIESTA 2,시리즈존,77,케이.오.에이 : 엘리스 인 원더월드 - SHORT CUT -,놀0803 19:02,1,눈판독
FIESTA~FIESTA 2,시리즈존,78,비메라 - SHORT CUT -,놀0803 19:03 (구간),1,눈판독
FIESTA~FIESTA 2,시리즈존,79,펌트리스 8비트 ver. - SHORT CUT -,놀0803 19:04 (구간),1,눈판독
FIESTA~FIESTA 2,시리즈존,80,데스티네이션 - SHORT CUT -,놀0803 19:05,1,눈판독
FIESTA~FIESTA 2,시리즈존,81,테프리스,놀0803 19:06 (구간),1,눈판독
FIESTA~FIESTA 2,시리즈존,82,네이팜,놀0803 19:07 (구간),1,눈판독
FIESTA~FIESTA 2,시리즈존,83,드림 투 나이트메어,놀0803 22:12,1,눈판독
FIESTA~FIESTA 2,시리즈존,84,VVV,놀0803 22:13 (구간),1,눈판독
FIESTA~FIESTA 2,시리즈존,85,팝 더 트랙,놀0803 22:14 (구간),1,눈판독
FIESTA~FIESTA 2,시리즈존,86,파사칼리아,놀0803 22:15,1,눈판독
FIESTA~FIESTA 2,시리즈존,87,바로크 바이러스,놀0803 22:16,1,눈판독
FIESTA~FIESTA 2,시리즈존,88,인피니티 리믹스,놀0803 22:17,1,눈판독
FIESTA~FIESTA 2,시리즈존,89,팝 더 트랙 - SHORT CUT -,놀0803 22:18,1,눈판독
FIESTA~FIESTA 2,시리즈존,90,파사칼리아 - SHORT CUT -,놀0803 22:19,1,눈판독
FIESTA~FIESTA 2,시리즈존,91,모노리스,놀0803 22:20,1,눈판독
FIESTA~FIESTA 2,시리즈존,92,레이디버그,놀0803 22:21,1,눈판독
FIESTA~FIESTA 2,시리즈존,93,키티 캣,놀0803 22:22,1,눈판독
FIESTA~FIESTA 2,시리즈존,94,하드코어 오브 더 노스,놀0803 22:23,1,눈판독
FIESTA~FIESTA 2,시리즈존,95,트라이브 어택커,놀0803 22:24,1,눈판독
FIESTA~FIESTA 2,시리즈존,96,유토피아,놀0803 22:25,1,눈판독
FIESTA~FIESTA 2,시리즈존,97,슈샤,놀0803 22:26,1,눈판독
FIESTA~FIESTA 2,시리즈존,98,스타 커맨드,놀0803 22:27 (구간),1,눈판독
FIESTA~FIESTA 2,시리즈존,99,왓 해픈드,놀0803 22:28 (구간),1,눈판독
FIESTA~FIESTA 2,시리즈존,100,가고일,놀0803 22:30 (구간),1,눈판독
FIESTA~FIESTA 2,시리즈존,101,알레그로 콘 뿌오코,놀0803 22:34 (구간),1,눈판독
FIESTA~FIESTA 2,시리즈존,102,엑스 레이브,놀0803 22:34 (구간),1,눈판독
FIESTA~FIESTA 2,시리즈존,103,스멜스 라이크 어 초콜릿,놀0803 22:35 (구간),1,눈판독
FIESTA~FIESTA 2,시리즈존,104,네크로맨시,놀0803 18:09 (구간),1,눈판독
FIESTA~FIESTA 2,시리즈존,105,엑스 레이브 - SHORT CUT -,놀0803 18:09 (구간),1,눈판독
PRIME,시리즈존,1,네메시스,놀0803 35:42* · 놀0803 35:43* · 놀0803 30:51 (구간),2,표지확정
PRIME,시리즈존,2,캇코이,놀0803 35:42* · 놀0803 30:52 (구간),1,표지확정
PRIME,시리즈존,3,라티노 바이러스,놀0803 30:53 (구간),1,눈판독
PRIME,시리즈존,4,엘리시움,놀0803 30:52,1,눈판독
PRIME,시리즈존,5,요그 소토스,놀0803 30:53 (구간),1,눈판독
PRIME,시리즈존,6,실루엣 이펙트,놀0803 30:54 (구간),1,눈판독
PRIME,시리즈존,7,차이니즈 레스토랑,놀0803 30:54,1,눈판독
PRIME,시리즈존,8,아발란치,놀0803 30:55 (구간),1,눈판독
PRIME,시리즈존,9,포스 오브 라,놀0803 30:55 (구간),1,눈판독
PRIME,시리즈존,10,레퀴엠,놀0803 30:56,1,눈판독
PRIME,시리즈존,11,유 갓 미 크레이지,놀0803 30:57 (구간),1,눈판독
PRIME,시리즈존,12,B2,놀0803 30:57 (구간),1,눈판독
PRIME,시리즈존,13,메테오라이즈,놀0803 30:58,1,눈판독
PRIME,시리즈존,14,매드 사이언스,놀0803 30:59 (구간),1,눈판독
PRIME,시리즈존,15,헤스티아,놀0803 30:59 (구간),1,눈판독
PRIME,시리즈존,16,암피트리온,놀0803 31:00,1,눈판독
PRIME,시리즈존,17,리키지 볼티지,놀0803 31:00 (구간),1,눈판독
PRIME,시리즈존,18,리무버블 디스코,놀0803 36:24* · 놀0803 31:01,1,표지확정
PRIME,시리즈존,19,슈퍼 판타지,놀0803 36:24* · 놀0803 31:02 (구간),1,표지확정
PRIME,시리즈존,20,바이올렛 퍼퓸,놀0803 36:24 · 놀0803 31:02 (구간),1,표지확정
PRIME,시리즈존,21,레드 스완,놀0803 36:22* · 놀0803 36:24* · 놀0803 31:03,2,표지확정
PRIME,시리즈존,22,히아신스,놀0803 36:22* · 놀0803 36:24* · 놀0803 31:04 (구간),2,표지확정
PRIME,시리즈존,23,블레이즈 이모션 (Band version),놀0803 36:22 · 놀0803 31:04,1,표지확정
PRIME,시리즈존,24,1950,놀0803 36:20* · 놀0803 36:22* · 놀0803 31:05 (구간),2,표지확정
PRIME,시리즈존,25,설탕음모론,놀0803 36:20* · 놀0803 36:22* · 놀0803 31:05 (구간),2,표지확정
PRIME,시리즈존,26,알레그로 피유 모쏘,놀0803 36:20 · 놀0803 31:06 (구간),1,표지확정
PRIME,시리즈존,27,어나이얼레이터 메소드,놀0803 36:18* · 놀0803 36:20* · 놀0803 31:07 (구간),2,표지확정
PRIME,시리즈존,28,무브 댓 바디!,놀0803 36:17* · 놀0803 36:18* · 놀0803 36:20* · 놀0803 31:07,3,표지확정
PRIME,시리즈존,29,스콜피온 킹,놀0803 36:18 · 놀0803 36:17* · 놀0803 31:08 (구간),2,표지확정
PRIME,시리즈존,30,포인트 제로 원,놀0803 36:17 · 놀0803 36:16* · 놀0803 36:18* · 놀0803 31:08 (구간),3,표지확정
PRIME,시리즈존,31,레드 스노우,놀0803 36:15* · 놀0803 36:16* · 놀0803 36:17* · 놀0803 36:18* · 놀0803 31:09 (구간),4,표지확정
PRIME,시리즈존,32,캄파넬라,놀0803 36:16 · 놀0803 36:15* · 놀0803 36:17* · 놀0803 31:09 (구간),3,표지확정
PRIME,시리즈존,33,유 어게인 마이 러브,놀0803 36:15 · 놀0803 36:16* · 놀0803 31:10,2,표지확정
PRIME,시리즈존,34,로봇 배틀,놀0803 36:13* · 놀0803 36:15* · 놀0803 36:16* · 놀0803 31:11 (구간),3,표지확정
PRIME,시리즈존,35,레미니센스,놀0803 36:13* · 놀0803 36:15* · 놀0803 31:11 (구간),2,표지확정
PRIME,시리즈존,36,모멘트 데이,놀0803 36:13 · 놀0803 31:12 (구간),1,표지확정
PRIME,시리즈존,37,브레이크 잇 다운,놀0803 35:47* · 놀0803 36:11* · 놀0803 36:13* · 놀0803 31:12 (구간),3,표지확정
PRIME,시리즈존,38,하이퍼큐브,놀0803 35:47* · 놀0803 36:11* · 놀0803 36:13* · 놀0803 31:13,3,표지확정
PRIME,시리즈존,39,라이크 미,놀0803 35:47 · 놀0803 36:11 · 놀0803 36:09* · 놀0803 31:14 (구간),3,표지확정
PRIME,시리즈존,40,베토벤 인플루엔자,놀0803 35:47* · 놀0803 36:09* · 놀0803 36:11* · 놀0803 36:09 (구간),3,표지확정
PRIME,시리즈존,41,아발란퀴엠,놀0803 36:09 · 놀0803 35:47* · 놀0803 36:08* · 놀0803 36:11* · 놀0803 36:08 (구간),4,표지확정
PRIME,시리즈존,42,패러독스,놀0803 36:08* · 놀0803 36:09* · 놀0803 36:08 (구간),2,표지확정
PRIME,시리즈존,43,무브 댓 바디! - FULL SONG -,놀0803 36:08 · 놀0803 36:09* · 놀0803 36:07 (구간),2,표지확정
PRIME,시리즈존,44,슈퍼 판타지 - SHORT CUT -,놀0803 36:06* · 놀0803 36:08* · 놀0803 31:14 (구간),2,표지확정
PRIME,시리즈존,45,요그 소토스 - SHORT CUT -,놀0803 36:05* · 놀0803 36:06* · 놀0803 36:08* · 놀0803 31:15 (구간),3,표지확정
PRIME,시리즈존,46,실루엣 이펙트 - SHORT CUT -,놀0803 36:06 · 놀0803 36:05* · 놀0803 31:15 (구간),2,표지확정
PRIME,시리즈존,47,무브 댓 바디! - SHORT CUT -,놀0803 36:05 · 놀0803 36:06* · 놀0803 31:16 (구간),2,표지확정
PRIME,시리즈존,48,프라임 오프닝 - SHORT CUT -,놀0803 36:03* · 놀0803 36:05* · 놀0803 36:06* · 놀0803 31:16 (구간),3,표지확정
PRIME,시리즈존,49,락 더 하우스,놀0803 36:03* · 놀0803 36:05* · 놀0803 31:17 (구간),2,표지확정
PRIME,시리즈존,50,더 레볼루션,놀0803 36:03 · 놀0803 31:18 (구간),1,표지확정
PRIME,시리즈존,51,셀피쉬니스,놀0803 36:01* · 놀0803 36:03* · 놀0803 31:18 (구간),2,표지확정
PRIME,시리즈존,52,코스미컬 리듬,놀0803 36:01* · 놀0803 36:03* · 놀0803 31:19 (구간),2,표지확정
PRIME,시리즈존,53,돌리 키스,놀0803 36:01 · 놀0803 31:19 (구간),1,표지확정
PRIME,시리즈존,54,마타도르,놀0803 35:57* · 놀0803 35:58* · 놀0803 36:01* · 놀0803 31:20 (구간),3,표지확정
PRIME,시리즈존,55,밀키 웨이 갤럭시,놀0803 35:57* · 놀0803 35:58* · 놀0803 36:01* · 놀0803 31:20 (구간),3,표지확정
PRIME,시리즈존,56,필 마이 해피니스,놀0803 35:57 · 놀0803 35:58 · 놀0803 31:21 (구간),2,표지확정
PRIME,시리즈존,57,라그나로크,놀0803 35:56* · 놀0803 35:57* · 놀0803 35:58* · 놀0803 31:22 (구간),3,표지확정
PRIME,시리즈존,58,아클루오이아스,놀0803 35:56* · 놀0803 35:57* · 놀0803 35:58* · 놀0803 31:22 (구간),3,표지확정
PRIME,시리즈존,59,까랴위사따,놀0803 35:56 · 놀0803 35:54* · 놀0803 31:23 (구간),2,표지확정
PRIME,시리즈존,60,비디오 아웃 씨,놀0803 35:54* · 놀0803 35:56* · 놀0803 31:23 (구간),2,표지확정
PRIME,시리즈존,61,스타더스트 오버드라이브,놀0803 35:54 · 놀0803 35:56* · 놀0803 31:24 (구간),2,표지확정
PRIME,시리즈존,62,아마이 유우와쿠 데인저러스,놀0803 35:52* · 놀0803 35:54* · 놀0803 36:00* · 놀0803 31:24 (구간),3,표지확정
PRIME,시리즈존,63,요로피쿠 피쿠요로!,놀0803 35:51* · 놀0803 35:52* · 놀0803 35:54* · 놀0803 36:00* · 놀0803 31:25 (구간),4,표지확정
PRIME,시리즈존,64,임프린팅,놀0803 35:52 · 놀0803 36:00 · 놀0803 35:50* · 놀0803 35:51* · 놀0803 31:25 (구간),4,표지확정
PRIME,시리즈존,65,서든 로맨스 [PIU Edit],놀0803 35:51 · 놀0803 35:49* · 놀0803 35:50* · 놀0803 35:52* · 놀0803 31:26 (구간),5,표지확정
PRIME,시리즈존,66,미토츠다이라,놀0803 35:50 · 놀0803 35:49* · 놀0803 35:51* · 놀0803 35:52* · 놀0803 31:27 (구간),5,표지확정
PRIME,시리즈존,67,스마일 다이어리,놀0803 35:49 · 놀0803 35:50* · 놀0803 35:51* · 놀0803 31:27 (구간),3,표지확정
PRIME,시리즈존,68,배드 애플!! feat. Nomico,놀0803 35:49* · 놀0803 35:50* · 놀0803 31:28 (구간),2,표지확정
PRIME,시리즈존,69,프라임,놀0803 35:46* · 놀0803 35:49* · 놀0803 31:28 (구간),2,표지확정
PRIME,시리즈존,70,퀸 오브 더 레드,놀0803 35:45* · 놀0803 35:46* · 놀0803 31:29 (구간),2,표지확정
PRIME,시리즈존,71,아이디얼라이즈드 로맨스,놀0803 35:46 · 놀0803 35:45* · 놀0803 31:30 (구간),2,표지확정
PRIME,시리즈존,72,저스트 홀드 온 (To All Fighters),놀0803 35:45 · 놀0803 35:46* · 놀0803 31:30 (구간),2,표지확정
PRIME,시리즈존,73,배드 애플!! feat. Nomico - FULL SONG -,놀0803 35:43* · 놀0803 35:45* · 놀0803 35:46* · 놀0803 35:45 (구간),3,표지확정
PRIME,시리즈존,74,셀피쉬니스 - SHORT CUT -,놀0803 35:42* · 놀0803 35:43* · 놀0803 35:45* · 놀0803 31:31 (구간),3,표지확정
PRIME,시리즈존,75,락 더 하우스 - SHORT CUT -,놀0803 35:43 · 놀0803 35:42* · 놀0803 31:31 (구간),2,표지확정
PRIME,시리즈존,76,스타더스트 오버드라이브 - SHORT CUT -,놀0803 35:42 · 놀0803 35:43* · 놀0803 31:32 (구간),2,표지확정
PRIME 2,시리즈존,1,체이스 미,놀0803 44:43 · 놀0803 44:44* · 놀0803 44:45* · 놀0803 39:54 (구간),3,표지확정
PRIME 2,시리즈존,2,굿 나이트,놀0803 44:43* · 놀0803 44:44* · 놀0803 39:53,2,표지확정
PRIME 2,시리즈존,3,체이스 미 - FULL SONG -,놀0803 44:43* · 놀0803 39:53 (구간),1,표지확정
PRIME 2,시리즈존,4,라스트 리버스,놀0803 39:54 (구간),1,눈판독
PRIME 2,시리즈존,5,슈퍼 카프리시오,놀0803 39:55 (구간),1,눈판독
PRIME 2,시리즈존,6,헬파이어,놀0803 39:56,1,눈판독
PRIME 2,시리즈존,7,트리튬,놀0803 39:56 (구간),1,눈판독
PRIME 2,시리즈존,8,크로스 오버 feat. LyuU,놀0803 39:57 (구간),1,눈판독
PRIME 2,시리즈존,9,갓 모드 feat. skizzo,놀0803 39:58 (구간),1,눈판독
PRIME 2,시리즈존,10,슈브 니구라스,놀0803 39:59 (구간),1,눈판독
PRIME 2,시리즈존,11,퍼더,놀0803 40:00 (구간),1,눈판독
PRIME 2,시리즈존,12,다람쥐 헌 쳇바퀴에 타고파,놀0803 40:01 (구간),1,눈판독
PRIME 2,시리즈존,13,실버 비트 feat. ChisaUezono,놀0803 40:02,1,눈판독
PRIME 2,시리즈존,14,브링 백 더 비트,놀0803 40:02 (구간),1,눈판독
PRIME 2,시리즈존,15,브레이크 아웃,놀0803 40:03 (구간),1,눈판독
PRIME 2,시리즈존,16,사라반드,놀0803 40:04 (구간),1,눈판독
PRIME 2,시리즈존,17,가장신자,놀0803 40:05 (구간),1,눈판독
PRIME 2,시리즈존,18,오버블로우2,놀0803 40:06,1,눈판독
PRIME 2,시리즈존,19,패싱 라이더,놀0803 40:07,1,눈판독
PRIME 2,시리즈존,20,아르카나 포스,놀0803 40:07 (구간),1,눈판독
PRIME 2,시리즈존,21,알레그로 퓨리오소,놀0803 40:08 (구간),1,눈판독
PRIME 2,시리즈존,22,앵귀시드 언메이킹,놀0803 40:09,1,눈판독
PRIME 2,시리즈존,23,우츠시요 노 카제 feat. Kana,놀0803 40:10,1,눈판독
PRIME 2,시리즈존,24,헤이 유,놀0803 40:10 (구간),1,눈판독
PRIME 2,시리즈존,25,트위스트 오브 페이트 (feat. Ruriling),놀0803 40:11 (구간),1,눈판독
PRIME 2,시리즈존,26,HTTP,놀0803 40:12 (구간),1,눈판독
PRIME 2,시리즈존,27,업 앤 업 (Produced by AWAL),놀0803 40:13,1,눈판독
PRIME 2,시리즈존,28,트래블 투 퓨처,놀0803 40:14,1,눈판독
PRIME 2,시리즈존,29,레이브 언틸 디 어스 엔드,놀0803 40:14 (구간),1,눈판독
PRIME 2,시리즈존,30,어웨이크닝,놀0803 40:15 (구간),1,눈판독
PRIME 2,시리즈존,31,이스케이프,놀0803 40:16 (구간),1,눈판독
PRIME 2,시리즈존,32,왈츠 오브 도지,놀0803 40:17 (구간),1,눈판독
PRIME 2,시리즈존,33,하트 어택,놀0803 40:18 (구간),1,눈판독
PRIME 2,시리즈존,34,불카누스,놀0803 40:19,1,눈판독
PRIME 2,시리즈존,35,슈브 소토스,놀0803 40:20 (구간),1,눈판독
PRIME 2,시리즈존,36,리더,놀0803 40:20 (구간),1,눈판독
PRIME 2,시리즈존,37,사라반드 - SHORT CUT -,놀0803 40:22 (구간),1,눈판독
PRIME 2,시리즈존,38,프라임2 오프닝 - SHORT CUT -,놀0803 40:22 (구간),1,눈판독
PRIME 2,시리즈존,39,슈브 니구라스 - SHORT CUT -,놀0803 40:23,1,눈판독
PRIME 2,시리즈존,40,가장신자 - SHORT CUT -,놀0803 40:23 (구간),1,눈판독
PRIME 2,시리즈존,41,스텝,놀0803 40:24 (구간),1,눈판독
PRIME 2,시리즈존,42,꺼림칙한,놀0803 40:25 (구간),1,눈판독
PRIME 2,시리즈존,43,허쉬,놀0803 40:26,1,눈판독
PRIME 2,시리즈존,44,폴른 엔젤,놀0803 40:26 (구간),1,눈판독
PRIME 2,시리즈존,45,가고일 - FULL SONG -,놀0803 40:27 (구간),1,눈판독
PRIME 2,시리즈존,46,허쉬 - FULL SONG -,놀0803 40:28 (구간),1,눈판독
PRIME 2,시리즈존,47,V3,놀0803 40:29,1,눈판독
PRIME 2,시리즈존,48,크로스 타임,놀0803 40:29 (구간),1,눈판독
PRIME 2,시리즈존,49,유령의 축제 2 (Sneak),놀0803 40:30 (구간),1,눈판독
PRIME 2,시리즈존,50,헬릭스,놀0803 40:31,1,눈판독
PRIME 2,시리즈존,51,히페리온,놀0803 40:32,1,눈판독
PRIME 2,시리즈존,52,블랙 드래곤,놀0803 40:32 (구간),1,눈판독
PRIME 2,시리즈존,53,BS파워 익스플로전,놀0803 45:01* · 놀0803 40:33 (구간),1,표지확정
PRIME 2,시리즈존,54,스타트 온 레드,놀0803 45:00* · 놀0803 45:01* · 놀0803 40:34,2,표지확정
PRIME 2,시리즈존,55,타임 어택 <블루>,놀0803 45:01 · 놀0803 44:59* · 놀0803 45:00* · 놀0803 40:35,3,표지확정
PRIME 2,시리즈존,56,매지컬 베케이션,놀0803 45:00 · 놀0803 44:58* · 놀0803 44:59* · 놀0803 45:01* · 놀0803 40:35 (구간),4,표지확정
PRIME 2,시리즈존,57,비주얼 드림 2 (인 픽션),놀0803 44:59 · 놀0803 44:57* · 놀0803 44:58* · 놀0803 45:00* · 놀0803 40:36 (구간),5,표지확정
PRIME 2,시리즈존,58,사월,놀0803 44:58 · 놀0803 44:56* · 놀0803 44:57* · 놀0803 44:59* · 놀0803 40:37,5,표지확정
PRIME 2,시리즈존,59,슈퍼 스타일린,놀0803 44:57 · 놀0803 44:55* · 놀0803 44:56* · 놀0803 44:58* · 놀0803 40:37 (구간),5,표지확정
PRIME 2,시리즈존,60,크리스마스의 기억,놀0803 44:56 · 놀0803 44:49* · 놀0803 44:54* · 놀0803 44:55* · 놀0803 40:38 (구간),6,표지확정
PRIME 2,시리즈존,61,킵 온!,놀0803 44:55 · 놀0803 44:49* · 놀0803 44:53* · 놀0803 44:54* · 놀0803 40:39 (구간),6,표지확정
PRIME 2,시리즈존,62,아스테리오스 -리엔트리-,놀0803 44:49 · 놀0803 44:54 · 놀0803 44:52* · 놀0803 44:53* · 놀0803 40:40 (구간),6,표지확정
PRIME 2,시리즈존,63,라 그랑 블루,놀0803 44:53 · 놀0803 44:49* · 놀0803 44:52* · 놀0803 44:54* · 놀0803 40:40 (구간),5,표지확정
PRIME 2,시리즈존,64,인피니티,놀0803 44:52 · 놀0803 44:49* · 놀0803 44:53* · 놀0803 44:54* · 놀0803 40:41 (구간),4,표지확정
PRIME 2,시리즈존,65,고딕 레조넌스,놀0803 44:52* · 놀0803 44:53* · 놀0803 40:42,2,표지확정
PRIME 2,시리즈존,66,베들램,놀0803 44:52* · 놀0803 40:43 (구간),1,표지확정
PRIME 2,시리즈존,67,어 사이트 데 라 루,놀0803 44:48* · 놀0803 40:43 (구간),1,표지확정
PRIME 2,시리즈존,68,클루,놀0803 44:47* · 놀0803 44:48* · 놀0803 40:44 (구간),2,표지확정
PRIME 2,시리즈존,69,레드라인,놀0803 44:48 · 놀0803 44:46* · 놀0803 44:47* · 놀0803 40:45,3,표지확정
PRIME 2,시리즈존,70,킬 뎀!,놀0803 44:47 · 놀0803 44:45* · 놀0803 44:46* · 놀0803 44:48* · 놀0803 40:45 (구간),4,표지확정
PRIME 2,시리즈존,71,도나텔로,놀0803 44:46 · 놀0803 44:44* · 놀0803 44:45* · 놀0803 44:47* · 놀0803 40:46 (구간),5,표지확정
PRIME 2,시리즈존,72,사월 - SHORT CUT -,놀0803 44:45 · 놀0803 44:43* · 놀0803 44:44* · 놀0803 44:46* · 놀0803 40:47,5,표지확정
PRIME 2,시리즈존,73,히페리온 - SHORT CUT -,놀0803 44:44 · 놀0803 44:43* · 놀0803 44:45* · 놀0803 44:46* · 놀0803 40:47 (구간),4,표지확정
XX,시리즈존,1,조깅,놀0803 45:03 · 놀0808 1:55:04 · 놀0808 1:55:05 · 놀0803 45:04* · 놀0803 49:03 (구간),6,표지확정
XX,시리즈존,2,풀 문,놀0803 45:04 · 놀0803 45:03* · 놀0803 45:05* · 놀0803 45:06* · 놀0803 49:03.8 (구간),7,표지확정
XX,시리즈존,3,타이밍,놀0803 45:05 · 놀0803 45:03* · 놀0803 45:04* · 놀0803 45:06* · 놀0803 49:03.8 (구간),7,표지확정
XX,시리즈존,4,날아올라,놀0803 45:06 · 놀0803 45:04* · 놀0803 45:05* · 놀0803 45:07* · 놀0803 49:04 (구간),4,표지확정(크기전용)
XX,시리즈존,5,유 앤 아이,놀0803 45:07 · 놀0803 45:05* · 놀0803 45:06* · 놀0803 49:04 (구간),3,표지확정(크기전용)
XX,시리즈존,6,굿 나이트 - FULL SONG -,놀0803 45:06* · 놀0803 45:07* · 놀0810 52:08* · 싱0810 1:17:48* · 놀0803 45:06 (구간),4,표지확정(크기전용)
XX,시리즈존,7,풀 문 - FULL SONG -,놀0803 45:07* · 놀0810 52:08* · 싱0810 1:17:48* · 싱0810 1:17:50* · 놀0803 45:07 (구간),4,표지확정(크기전용)
XX,시리즈존,8,웨딩 크래셔,놀0810 52:08 · 싱0810 1:17:48 · 싱0810 1:17:50* · 싱0810 1:17:52* · 놀0803 49:04.2 (구간),6,표지확정(크기전용)
XX,시리즈존,9,스위트로닉,싱0810 1:17:50 · 놀0810 52:08* · 싱0810 1:17:48* · 싱0810 1:17:52* · 놀0803 49:04.2 (구간),6,표지확정(크기전용)
XX,시리즈존,10,오블리터레이션,싱0810 1:17:52 · 싱0810 1:17:53 · 싱0810 1:17:54 · 놀0803 45:13* · 놀0803 49:04.8 (구간),7,표지확정(크기전용)
XX,시리즈존,11,트란사칼리아,놀0803 45:13* · 놀0803 45:14* · 싱0810 1:17:50* · 싱0810 1:17:52* · 놀0803 49:04.8 (구간),6,표지확정(크기전용)
XX,시리즈존,12,1949,놀0803 45:13 · 놀0803 45:14* · 놀0803 45:15* · 싱0810 1:17:52* · 놀0803 49:04.8 (구간),6,표지확정(크기전용)
XX,시리즈존,13,야누스,놀0803 45:14 · 놀0803 45:13* · 놀0803 45:15* · 놀0803 45:16* · 놀0803 49:05 (구간),4,표지확정(크기전용)
XX,시리즈존,14,아이 원트 유,놀0803 45:15 · 놀0803 45:13* · 놀0803 45:14* · 놀0803 45:16* · 놀0803 49:05.2 (구간),5,표지확정(크기전용)
XX,시리즈존,15,디스트릭트 1,놀0803 45:16 · 놀0803 45:14* · 놀0803 45:15* · 놀0803 45:17* · 놀0803 49:05 (구간),5,표지확정(크기전용)
XX,시리즈존,16,슈가 플럼,놀0803 45:17 · 놀0803 45:15* · 놀0803 45:16* · 놀0803 45:18* · 놀0803 49:05.2 (구간),7,표지확정(크기전용)
XX,시리즈존,17,텔링 포츈 플라워,놀0803 45:18 · 놀0803 45:16* · 놀0803 45:17* · 놀0803 45:19* · 놀0803 49:05.5 (구간),8,표지확정(크기전용)
XX,시리즈존,18,니알라토텝,놀0803 45:19 · 놀0810 52:10 · 싱0810 1:17:57 · 놀0803 45:17* · 놀0803 49:05.2 (구간),8,표지확정(크기전용)
XX,시리즈존,19,하트 래빗 코스터,놀0803 45:20 · 놀0825 7:33:05 · 놀0803 45:18* · 놀0803 45:19* · 놀0803 49:05.5 (구간),8,표지확정
XX,시리즈존,20,립톤 스트라이크,놀0803 45:21 · 놀0803 45:19* · 놀0803 45:20* · 놀0808 1:55:09* · 놀0803 49:06.2 (구간),7,표지확정
XX,시리즈존,21,스켑틱,놀0808 1:55:09 · 놀0803 45:20* · 놀0803 45:21* · 놀0803 45:24* · 놀0803 49:06.5 (구간),5,표지확정
XX,시리즈존,22,아이올라이트 스카이,놀0803 45:21* · 놀0803 45:24* · 놀0803 45:25* · 놀0808 1:55:09* · 놀0803 49:06.8 (구간),4,표지확정
XX,시리즈존,23,퍼센트 엑스,놀0803 45:24 · 놀0803 45:25* · 놀0808 1:55:09* · 놀0803 49:07 (구간),3,표지확정
XX,시리즈존,24,금혼식,놀0803 45:25 · 놀0803 45:24* · 놀0803 49:07.2 (구간),2,표지확정(크기전용)
XX,시리즈존,25,라 그랑드 루즈,놀0803 45:24* · 놀0803 45:25* · 놀0810 1:57:42* · 놀0825 7:33:06* · 놀0803 49:07.2 (구간),4,표지확정(크기전용)
XX,시리즈존,26,까르멘 버스,놀0803 45:25* · 놀0810 1:57:42* · 놀0825 7:33:06* · 놀0803 49:07 (구간),3,표지확정(크기전용)
XX,시리즈존,27,마카롱 데이,놀0810 1:57:42 · 놀0825 7:33:06 · 놀0803 49:07.5 (구간),2,표지확정(크기전용)
XX,시리즈존,28,아이스 오브 데스,놀0803 45:30* · 놀0810 1:57:42* · 놀0825 7:33:06* · 놀0803 49:07.5 (구간),3,표지확정(크기전용)
XX,시리즈존,29,포세이돈,놀0803 45:30* · 놀0803 45:31* · 놀0810 1:57:42* · 놀0825 7:33:06* · 놀0803 49:07.8 (구간),4,표지확정(크기전용)
XX,시리즈존,30,아드레날린 블래스터,놀0803 45:30 · 놀0803 45:31* · 놀0803 45:32* · 놀0803 49:08 (구간),3,표지확정(크기전용)
XX,시리즈존,31,배니쉬,놀0803 45:31 · 놀0803 45:30* · 놀0803 45:32* · 놀0803 45:33* · 놀0803 49:07.8 (구간),4,표지확정(크기전용)
XX,시리즈존,32,테일즈 오브 펌프니아,놀0803 45:32 · 놀0803 45:30* · 놀0803 45:31* · 놀0803 45:33* · 놀0803 49:07.8 (구간),5,표지확정(크기전용)
XX,시리즈존,33,김치 핑거즈,놀0803 45:33 · 놀0803 45:31* · 놀0803 45:32* · 놀0803 45:34* · 놀0803 49:08 (구간),6,표지확정
XX,시리즈존,34,오르비트 스테빌라이저,놀0803 45:34 · 놀0803 45:32* · 놀0803 45:33* · 놀0803 45:35* · 놀0803 49:08.5 (구간),7,표지확정
XX,시리즈존,35,파괴,놀0803 45:35 · 놀0808 1:55:11 · 놀0803 45:33* · 놀0803 45:34* · 놀0803 49:08.5 (구간),7,표지확정
XX,시리즈존,36,클레마티스 랩소디아,놀0803 45:36 · 놀0808 1:59:07 · 놀0803 22:09* · 놀0803 45:34* · 놀0803 49:09.2 (구간),12,표지확정
XX,시리즈존,37,위키드 레전드,놀0803 45:37 · 놀0803 22:09* · 놀0803 45:35* · 놀0803 45:36* · 놀0803 49:09.5 (구간),11,표지확정
XX,시리즈존,38,탄탄멘,놀0803 22:09 · 놀0803 45:38 · 놀0803 45:39 · 놀0803 45:40 · 놀0803 49:10.2 (구간),9,표지확정(크기전용)
XX,시리즈존,39,스타드림 (feat. Romelon),놀0803 22:09* · 놀0803 45:37* · 놀0803 45:38* · 놀0803 45:39* · 놀0803 49:10.2 (구간),7,표지확정(크기전용)
XX,시리즈존,40,캉-캉 ~Orpheus in The Party Mix~,놀0803 22:09* · 놀0803 45:38* · 놀0803 45:39* · 놀0803 45:40* · 놀0803 49:11 (구간),6,표지확정(크기전용)
XX,시리즈존,41,파파시토 (feat. KuTiNA),놀0803 49:12 (구간),1,눈판독
XX,시리즈존,42,파이어 오브 데스티니,놀0803 49:11,1,눈판독
XX,시리즈존,43,디 엔드 오브 더 월드 ft. Skizzo,놀0803 49:12,1,눈판독
XX,시리즈존,44,포가튼 뱀파이어,놀0803 49:13,1,눈판독
XX,시리즈존,45,아마겟돈,싱0810 1:18:08* · 놀0803 49:14 (구간),1,표지확정(크기전용)
XX,시리즈존,46,리펜턴스,싱0810 1:18:08* · 놀0803 49:15 (구간),1,표지확정(크기전용)
XX,시리즈존,47,더 레버리,싱0810 1:18:08 · 놀0803 49:16 (구간),1,표지확정(크기전용)
XX,시리즈존,48,시그너스,싱0810 1:18:08* · 싱0810 1:18:10* · 놀0803 49:17 (구간),2,표지확정(크기전용)
XX,시리즈존,49,트로피카닉,싱0810 1:18:08* · 싱0810 1:18:10* · 싱0810 1:18:11* · 싱0810 1:18:12* · 놀0803 49:18 (구간),6,표지확정(크기전용)
XX,시리즈존,50,패러독스 - SHORT CUT -,싱0810 1:18:10 · 싱0810 1:18:11* · 싱0810 1:18:12* · 싱0810 1:18:13* · 놀0803 49:19 (구간),5,표지확정(크기전용)
XX,시리즈존,51,하늘다람쥐,싱0810 1:18:11 · 싱0810 1:18:12 · 싱0810 1:18:13 · 싱0810 1:18:15 · 놀0803 49:19 (구간),5,표지확정(크기전용)
XX,시리즈존,52,파파시토 (feat. KuTiNA) - FULL SONG -,싱0810 1:18:10* · 싱0810 1:18:11* · 싱0810 1:18:12* · 싱0810 1:18:13* · 놀0803 디시 펌프갤 제보 2026-08-05 (구간),5,표지확정(크기전용)
XX,시리즈존,53,데사파레세르,싱0810 1:18:11* · 싱0810 1:18:12* · 싱0810 1:18:13* · 싱0810 1:18:15* · 놀0803 49:20,4,표지확정(크기전용)
XX,시리즈존,54,에러코드: 0,놀0803 49:21 (구간),1,눈판독
XX,시리즈존,55,메테오 사이언스 (GADGET mix),놀0803 49:22 (구간),1,눈판독
XX,시리즈존,56,파이어 누들 챌린지,놀0803 49:22,1,눈판독
XX,시리즈존,57,니알라토텝 - SHORT CUT -,놀0803 49:23,1,눈판독
XX,시리즈존,58,웨딩 크래셔 - SHORT CUT -,놀0803 49:24 (구간),1,눈판독
XX,시리즈존,59,캉-캉 ~Orpheus in The Party Mix~ - SHORT CUT -,놀0803 49:25 (구간),1,눈판독
XX,시리즈존,60,XX 오프닝 - SHORT CUT -,놀0803 49:25 (구간),1,눈판독
XX,시리즈존,61,아이 원트 유 - SHORT CUT -,놀0803 49:26,1,눈판독
XX,시리즈존,62,포세이돈 - SHORT CUT -,놀0803 49:27 (구간),1,눈판독
XX,시리즈존,63,스위트로닉 - SHORT CUT -,놀0803 49:28 (구간),1,눈판독
XX,시리즈존,64,갓 모드 2.0 feat. Skizzo,놀0803 49:29 (구간),1,눈판독
XX,시리즈존,65,슬랩스틱 파르페,놀0803 49:29,1,눈판독
XX,시리즈존,66,페이브 가든,놀0803 49:30 (구간),1,눈판독
XX,시리즈존,67,팝 시퀀스,놀0803 49:31 (구간),1,눈판독
XX,시리즈존,68,크로싱 델타,놀0803 49:32 (구간),1,눈판독
XX,시리즈존,69,클럽 나이트,놀0803 49:32 (구간),1,눈판독
XX,시리즈존,70,인디스트럭터블,놀0803 49:33 (구간),1,눈판독
XX,시리즈존,71,8 6,놀0803 49:34 (구간),1,눈판독
XX,시리즈존,72,크로스 소울,놀0803 49:35 (구간),1,눈판독
XX,시리즈존,73,브로큰 카르마 (PIU EDIT),놀0803 49:35,1,눈판독
XX,시리즈존,74,천년이 지나서,놀0803 49:36 (구간),1,눈판독
XX,시리즈존,75,라라,놀0803 49:37 (구간),1,눈판독
XX,시리즈존,76,프렌드,놀0803 49:38 (구간),1,눈판독
XX,시리즈존,77,컨플릭트,놀0803 49:38 (구간),1,눈판독
XX,시리즈존,78,데인저 & 데인저,놀0803 49:39 (구간),1,눈판독
XX,시리즈존,79,니힐리즘 - 어나더 버전 -,놀0803 49:40 (구간),1,눈판독
XX,시리즈존,80,"팔랑크스 ""RS2018 edit""",놀0803 49:41 (구간),1,눈판독
XX,시리즈존,81,포인트 제로 2,놀0803 49:41 (구간),1,눈판독
XX,시리즈존,82,브레인 파워,놀0803 49:42 (구간),1,눈판독
XX,시리즈존,83,라이프 이즈 피아노,놀0803 49:43 (구간),1,눈판독
XX,시리즈존,84,글로리아,놀0803 49:43 (구간),1,눈판독
XX,시리즈존,85,모페모페,놀0803 49:44 (구간),1,눈판독
XX,시리즈존,86,Re : 엔드 오브 어 드림,놀0803 49:45 (구간),1,눈판독
XX,시리즈존,87,크로스 레이 (feat. 月下Lia),놀0803 49:46,1,눈판독
XX,시리즈존,88,알레그로 콘 뿌오코 - FULL SONG -,놀0803 디시 펌프갤 제보 2026-08-05 (구간),1,눈판독
XX,시리즈존,89,프라임 타임,싱0810 1:18:06* · 놀0803 49:46 (구간),1,표지확정(크기전용)
XX,시리즈존,90,8 6 - FULL SONG -,싱0810 1:18:06* · 놀0803 디시 펌프갤 제보 2026-08-05 (구간),1,표지확정(크기전용)
XX,시리즈존,91,바로크 바이러스 - FULL SONG -,싱0810 1:18:06 · 놀0803 디시 펌프갤 제보 2026-08-05 (구간),1,표지확정(크기전용)
XX,시리즈존,92,얼티메이텀,싱0810 1:18:06* · 놀0803 49:47 (구간),1,표지확정(크기전용)
XX,시리즈존,93,시간의 회랑 라비린스,싱0810 1:18:06* · 놀0803 49:48 (구간),1,표지확정(크기전용)
XX,시리즈존,94,이미지네이션,놀0803 49:48 (구간),1,눈판독
XX,시리즈존,95,블랙스완,놀0803 49:49 (구간),1,눈판독
XX,시리즈존,96,오벨리스크,놀0803 53:10 (구간),1,눈판독
XX,시리즈존,97,레이지 오브 파이어,놀0803 53:09 (구간),1,눈판독
XX,시리즈존,98,듀얼 레이싱 <레드 vs 블루>,놀0803 53:08 (구간),1,눈판독
XX,시리즈존,99,싸이클링!,놀0803 53:07 (구간),1,눈판독
XX,시리즈존,100,우라늄,놀0803 53:06 (구간),1,눈판독
XX,시리즈존,101,제로아이즈,놀0803 53:05 (구간),1,눈판독
XX,시리즈존,102,라이징 스타,놀0803 53:04 (구간),1,눈판독
XX,시리즈존,103,일 더하기 일은 귀요미,놀0803 53:03 (구간),1,눈판독
XX,시리즈존,104,헤드리스 치킨,놀0803 53:02 (구간),1,눈판독
XX,시리즈존,105,오버 더 호라이즌,놀0803 53:01 (구간),1,눈판독
XX,시리즈존,106,로키,놀0803 53:01 (구간),1,눈판독
XX,시리즈존,107,디멘트 ~에프터 레전드~,놀0808 1:55:06* · 놀0803 53:00 (구간),1,표지확정
XX,시리즈존,108,하우스플랜,놀0803 45:03* · 놀0808 1:55:04* · 놀0808 1:55:05* · 놀0808 1:55:06* · 놀0803 49:02 (구간),4,표지확정
XX,시리즈존,109,유어 마인드,놀0808 1:55:06 · 놀0803 45:03* · 놀0803 45:04* · 놀0808 1:55:04* · 놀0803 49:02 (구간),5,표지확정
PHOENIX,시리즈존,1,스톰,놀0810 1:13:32* · 놀0803 53:17 (구간),1,표지확정
PHOENIX,시리즈존,2,비행기,놀0810 1:13:32 · 놀0803 53:18 (구간),1,표지확정
PHOENIX,시리즈존,3,노스텔지어,놀0803 2:19:26* · 놀0810 1:13:32* · 놀0803 53:18 (구간),2,표지확정
PHOENIX,시리즈존,4,사월의 축제,놀0803 2:19:26* · 놀0810 1:13:32* · 놀0803 53:17 (구간),2,표지확정
PHOENIX,시리즈존,5,ESP,놀0803 2:19:26 · 놀0803 2:19:30* · 놀0810 1:13:39* · 놀0810 1:13:40* · 놀0803 53:18 (구간),4,표지확정
PHOENIX,시리즈존,6,하이웨이 체이서,놀0803 2:19:26* · 놀0803 2:19:30* · 놀0810 1:13:39* · 놀0810 1:13:40* · 놀0803 53:19 (구간),4,표지확정
PHOENIX,시리즈존,7,이터널 유니버스,놀0803 2:19:30 · 놀0810 1:13:39 · 놀0810 1:13:40 · 놀0803 2:19:26* · 놀0803 53:20 (구간),5,표지확정
PHOENIX,시리즈존,8,번 아웃,놀0803 2:19:30* · 놀0810 1:13:38* · 놀0810 1:13:39* · 놀0810 1:13:40* · 놀0803 53:21 (구간),4,표지확정
PHOENIX,시리즈존,9,4NT,놀0810 1:13:38 · 놀0803 2:19:30* · 놀0810 1:13:37* · 놀0810 1:13:39* · 놀0803 53:22 (구간),5,표지확정
PHOENIX,시리즈존,10,얼티밋 아이즈,놀0810 1:13:37* · 놀0810 1:13:38* · 놀0803 53:23 (구간),2,표지확정
PHOENIX,시리즈존,11,냥-턴 (feat. KuTiNA),놀0810 1:13:37 · 놀0803 2:19:32* · 놀0810 1:13:38* · 놀0803 53:24 (구간),3,표지확정
PHOENIX,시리즈존,12,벡터,놀0803 2:19:32* · 놀0810 1:13:37* · 놀0803 53:25 (구간),2,표지확정
PHOENIX,시리즈존,13,베르사이유,놀0803 2:19:32 · 놀0810 1:13:37* · 놀0803 53:26 (구간),2,표지확정
PHOENIX,시리즈존,14,더 아포칼립스,놀0803 2:19:22* · 놀0803 2:19:32* · 놀0803 53:27 (구간),2,이어받음
PHOENIX,시리즈존,15,쇼다운,놀0803 2:19:22* · 놀0803 2:19:23* · 놀0803 2:19:32* · 놀0803 53:28 (구간),3,이어받음
PHOENIX,시리즈존,16,붐!!,놀0803 2:19:22 · 놀0803 2:19:23* · 놀0803 53:29 (구간),2,이어받음
PHOENIX,시리즈존,17,유포리아닉,놀0803 2:19:23 · 놀0803 2:19:22* · 놀0803 53:30 (구간),2,이어받음
PHOENIX,시리즈존,18,할로윈 파티 ~Multiverse~,놀0803 2:19:22* · 놀0803 2:19:23* · 놀0803 53:31 (구간),2,이어받음
PHOENIX,시리즈존,19,쥬핀,놀0803 2:19:21* · 놀0803 2:19:23* · 놀0803 53:32 (구간),2,이어받음
PHOENIX,시리즈존,20,그로스,놀0803 2:14:45* · 놀0803 2:18:57* · 놀0803 2:18:58* · 놀0803 2:18:59* · 놀0803 53:33 (구간),25,이어받음
PHOENIX,시리즈존,21,꼭두각시,놀0803 2:19:21 · 놀0803 2:14:43* · 놀0803 2:14:44* · 놀0803 2:14:45* · 놀0803 53:34 (구간),27,이어받음
PHOENIX,시리즈존,22,플레이버 스텝!,놀0803 2:14:45 · 놀0803 2:18:57 · 놀0803 2:18:58 · 놀0803 2:18:59 · 놀0803 53:35 (구간),38,표지확정
PHOENIX,시리즈존,23,데드 엔드,놀0803 2:14:43 · 놀0803 2:14:44 · 놀0803 2:10:30* · 놀0803 2:10:32* · 놀0803 53:36 (구간),39,표지확정
PHOENIX,시리즈존,24,루시드 드림,놀0803 2:10:32 · 놀0803 2:10:33 · 놀0803 2:10:34 · 놀0803 2:10:35 · 놀0803 53:37 (구간),41,표지확정
PHOENIX,시리즈존,25,시,놀0803 2:10:30 · 놀0803 2:10:26* · 놀0803 2:10:27* · 놀0803 2:10:28* · 놀0803 53:37 (구간),17,표지확정
PHOENIX,시리즈존,26,추격,놀0803 2:10:26 · 놀0803 2:10:27 · 놀0803 2:10:28 · 놀0803 2:10:30* · 놀0803 53:38 (구간),15,표지확정
PHOENIX,시리즈존,27,스타드림 -Eurobeat Remix-,놀0803 2:10:26* · 놀0803 2:10:27* · 놀0803 2:10:28* · 놀0803 2:10:30* · 놀0803 53:39 (구간),4,표지확정
PHOENIX,시리즈존,28,1948,놀0803 2:10:26* · 놀0803 2:10:27* · 놀0803 2:10:28* · 놀0803 53:40 (구간),3,표지확정
PHOENIX,시리즈존,29,결투,놀0803 53:41 (구간),1,눈판독
PHOENIX,시리즈존,30,배니쉬 2 - Roar of the invisible dragon,놀0803 53:42 (구간),1,눈판독
PHOENIX,시리즈존,31,라크리모사,놀0803 53:43 (구간),1,눈판독
PHOENIX,시리즈존,32,솔페지에토,놀0803 53:44 (구간),1,눈판독
PHOENIX,시리즈존,33,머독,놀0803 53:45 (구간),1,눈판독
PHOENIX,시리즈존,34,리틀 먼치킨,놀0803 53:45 (구간),1,눈판독
PHOENIX,시리즈존,35,"사이먼 세이즈, 유로댄스!! (feat. Sara☆M)",놀0803 53:46 (구간),1,눈판독
PHOENIX,시리즈존,36,바버스 매드니스,놀0803 53:47 (구간),1,눈판독
PHOENIX,시리즈존,37,요! 세이!! 페어리!!!,놀0803 53:48 (구간),1,눈판독
PHOENIX,시리즈존,38,피가로의 결혼 ~Celebrazione Remix~,놀0803 53:49 (구간),1,눈판독
PHOENIX,시리즈존,39,데몬 오브 라플라스,놀0803 53:50 (구간),1,눈판독
PHOENIX,시리즈존,40,블루이쉬 로즈,놀0803 53:51 (구간),1,눈판독
PHOENIX,시리즈존,41,록시아,놀0803 53:52 (구간),1,눈판독
PHOENIX,시리즈존,42,프ㄹi마 마테ㄹi아,놀0803 53:53 (구간),1,눈판독
PHOENIX,시리즈존,43,임페리움,놀0803 53:54 (구간),1,눈판독
PHOENIX,시리즈존,44,네오 카타르시스,놀0803 53:55 (구간),1,눈판독
PHOENIX,시리즈존,45,열정,놀0803 53:56 (구간),1,눈판독
PHOENIX,시리즈존,46,초악마황제,놀0803 53:57 (구간),1,눈판독
PHOENIX,시리즈존,47,큐리아서티 오버드라이브,놀0803 53:58 (구간),1,눈판독
PHOENIX,시리즈존,48,소닉 붐,놀0803 53:59 (구간),1,눈판독
PHOENIX,시리즈존,49,메가하츠,놀0803 53:59 (구간),1,눈판독
PHOENIX,시리즈존,50,다크사이드 오브 더 마인드,놀0803 54:00 (구간),1,눈판독
PHOENIX,시리즈존,51,E.O.N,놀0803 54:02 (구간),1,눈판독
PHOENIX,시리즈존,52,카오스 어게인,놀0803 54:02 (구간),1,눈판독
PHOENIX,시리즈존,53,솔브 마이 허트,놀0803 59:18 (구간),1,눈판독
PHOENIX,시리즈존,54,글리머 글림,놀0803 59:17 (구간),1,눈판독
PHOENIX,시리즈존,55,서든 어페어런스 이미지,놀0803 59:17,1,눈판독
PHOENIX,시리즈존,56,데카 댄스,놀0803 59:16,1,눈판독
PHOENIX,시리즈존,57,뉴 로즈,놀0803 59:15 (구간),1,눈판독
PHOENIX,시리즈존,58,헤라클레스,놀0803 59:15 (구간),1,눈판독
PHOENIX,시리즈존,59,인베이젼,놀0803 59:14,1,눈판독
PHOENIX,시리즈존,60,에렌델,놀0803 59:13 (구간),1,눈판독
PHOENIX,시리즈존,61,힘 오브 골든 글로리,놀0803 59:12 (구간),1,눈판독
PHOENIX,시리즈존,62,아테나의 방패,놀0803 2:19:35* · 놀0803 59:12,1,이어받음
PHOENIX,시리즈존,63,머독 vs 오타다,놀0803 2:19:35* · 놀0803 59:11 (구간),1,이어받음
PHOENIX,시리즈존,64,위더 가든,놀0803 2:19:35 · 놀0803 59:10 (구간),1,이어받음
PHOENIX,시리즈존,65,이매저너라이즈드 시티,놀0803 2:19:35* · 놀0803 59:10,1,이어받음
PHOENIX,시리즈존,66,크림슨 후드,놀0803 2:19:27* · 놀0803 2:19:35* · 놀0803 59:09,2,이어받음
PHOENIX,시리즈존,67,도플갱어,놀0803 2:19:27* · 놀0803 59:08 (구간),1,이어받음
PHOENIX,시리즈존,68,디스트릭트 V,놀0803 2:19:27 · 놀0803 59:08,1,이어받음
PHOENIX,시리즈존,69,유포리아닉 - SHORT CUT -,놀0803 2:19:27* · 놀0803 59:07,1,이어받음
PHOENIX,시리즈존,70,피닉스 오프닝 - SHORT CUT -,놀0803 2:19:27* · 놀0803 59:06,1,이어받음
PHOENIX,시리즈존,71,쥬핀 - SHORT CUT -,놀0803 59:06 (구간),1,눈판독
PHOENIX,시리즈존,72,그로스 - SHORT CUT -,놀0803 59:05,1,눈판독
PHOENIX,시리즈존,73,네오 카타르시스 - SHORT CUT -,놀0803 59:04 (구간),1,눈판독
PHOENIX,시리즈존,74,힘 오브 골든 글로리 - SHORT CUT -,놀0803 59:03 (구간),1,눈판독
PHOENIX,시리즈존,75,할로윈 파티 ~Multiverse~ - SHORT CUT -,놀0803 59:03,1,눈판독
PHOENIX,시리즈존,76,스타드림 -Eurobeat Remix- - SHORT CUT -,놀0803 59:02 (구간),1,눈판독
PHOENIX,시리즈존,77,프ㄹi마 마테ㄹi아 - SHORT CUT -,놀0803 59:02 (구간),1,눈판독
PHOENIX,시리즈존,78,결투 - SHORT CUT -,놀0803 59:02 (구간),1,눈판독
PHOENIX,시리즈존,79,머독 vs 오타다 - SHORT CUT -,놀0803 59:00 (구간),1,눈판독
PHOENIX,시리즈존,80,솔브 마이 허트 - SHORT CUT -,놀0803 58:59 (구간),1,눈판독
PHOENIX,시리즈존,81,바이너리 스타,놀0803 58:59,1,눈판독
PHOENIX,시리즈존,82,어바웃 더 유니버스,놀0803 58:58,1,눈판독
PHOENIX,시리즈존,83,퍼페츄얼,놀0803 58:57 (구간),1,눈판독
PHOENIX,시리즈존,84,댄싱,놀0803 58:57 (구간),1,눈판독
PHOENIX,시리즈존,85,갤럭시 컬랩스,놀0803 58:56,1,눈판독
PHOENIX,시리즈존,86,프렉쳐 텀퍼렐르,놀0803 58:55 (구간),1,눈판독
PHOENIX,시리즈존,87,카타스트로피,놀0803 2:19:33* · 놀0803 58:55 (구간),1,이어받음
PHOENIX,시리즈존,88,휴먼 익스팅션 (PIU Edit.),놀0803 2:19:33* · 놀0803 58:54,1,이어받음
PHOENIX,시리즈존,89,댓 키티 (PIU Edit.),놀0803 2:19:33 · 놀0803 58:53 (구간),1,이어받음
PHOENIX,시리즈존,90,언더월드 ft. Skizzo (PIU Edit.),놀0803 2:19:33* · 놀0803 58:53 (구간),1,이어받음
PHOENIX,시리즈존,91,네이드 네이드,놀0803 2:19:33* · 놀0803 58:52,1,이어받음
PHOENIX,시리즈존,92,굿텍,놀0803 58:51 (구간),1,눈판독
PHOENIX,시리즈존,93,코스믹 레일로드,놀0803 58:50 (구간),1,눈판독
PHOENIX,시리즈존,94,에너지 시너지 매트릭스,놀0803 58:50,1,눈판독
PHOENIX,시리즈존,95,밀크,놀0803 58:49,1,눈판독
PHOENIX,시리즈존,96,어콰이어,놀0803 58:48 (구간),1,눈판독
PHOENIX,시리즈존,97,진폐증 ft. Kagamine Len/GUMI,놀0803 2:19:34* · 놀0803 58:48 (구간),1,이어받음
PHOENIX,시리즈존,98,알테일,놀0803 2:19:34* · 놀0803 58:47,1,이어받음
PHOENIX,시리즈존,99,이렐리아,놀0803 2:19:34 · 놀0803 58:46 (구간),1,이어받음
PHOENIX,시리즈존,100,굿바운스,놀0803 2:19:34* · 놀0803 58:46 (구간),1,이어받음
PHOENIX,시리즈존,101,앨리스 인 미산트로프,놀0803 2:19:34* · 놀0803 58:45,1,이어받음
PHOENIX,시리즈존,102,R.I.P.,놀0803 58:44 (구간),1,눈판독
PHOENIX,시리즈존,103,에모모모,놀0803 58:43 (구간),1,눈판독
PHOENIX,시리즈존,104,푸파,놀0803 58:43,1,눈판독
PHOENIX,시리즈존,105,스테이저,놀0803 58:42 (구간),1,눈판독
PHOENIX,시리즈존,106,러쉬-모어,놀0803 58:41 (구간),1,눈판독
PHOENIX,시리즈존,107,러쉬-아워,놀0803 58:41,1,눈판독
PHOENIX,시리즈존,108,* 이 게임은 존재하지 않습니다 *,놀0803 58:40,1,눈판독
PHOENIX,시리즈존,109,마히카,놀0803 58:39 (구간),1,눈판독
PHOENIX,시리즈존,110,지젤,놀0803 58:39 (구간),1,눈판독
PHOENIX,시리즈존,111,스푸키 마카롱,놀0803 58:38,1,눈판독
PHOENIX,시리즈존,112,아라가미,놀0803 58:39 (구간),1,눈판독
PHOENIX,시리즈존,113,할시온,놀0803 58:36 (구간),1,눈판독
PHOENIX,시리즈존,114,디스트로0ㅣ어,놀0803 58:35 (구간),1,눈판독
PHOENIX,시리즈존,115,빅 대디,놀0803 58:35,1,눈판독
PHOENIX,시리즈존,116,플래시 아웃,놀0803 58:36 (구간),1,눈판독
PHOENIX,시리즈존,117,오딘,놀0803 58:33 (구간),1,눈판독
PHOENIX,시리즈존,118,비코즈 오브 유,놀0803 58:32 (구간),1,눈판독
PHOENIX,시리즈존,119,†도프†센시†,놀0803 58:32,1,눈판독
PHOENIX,시리즈존,120,팝핀 샤워,놀0803 58:33 (구간),1,눈판독
PHOENIX,시리즈존,121,브레이크 스루 마이셀프 feat. Risa Yuzuki,놀0803 58:30 (구간),1,눈판독
PHOENIX,시리즈존,122,비옐라의 악몽,놀0803 58:29 (구간),1,눈판독
PHOENIX,시리즈존,123,쵸빗 플레이버,놀0803 58:29,1,눈판독
PHOENIX,시리즈존,124,얼라이브,놀0803 58:30 (구간),1,눈판독
PHOENIX,시리즈존,125,트릭크래쉬 220,놀0803 58:27 (구간),1,눈판독
PHOENIX,시리즈존,126,익스트림 음악학원 1교시  feat. Nanahira,놀0803 58:26 (구간),1,눈판독
PHOENIX,시리즈존,127,익스트림 음악학원 2교시  feat. Nanahira,놀0803 58:25 (구간),1,눈판독
PHOENIX,시리즈존,128,배틀 넘버원,놀0803 58:24 (구간),1,눈판독
PHOENIX,시리즈존,129,솔저스 (TANO*C W TEAM RED ANTHEM),놀0803 58:24,1,눈판독
PHOENIX,시리즈존,130,호랑풍류가,놀0803 58:25 (구간),1,눈판독
PHOENIX,시리즈존,131,헬리오스피어,놀0803 58:22 (구간),1,눈판독
PHOENIX,시리즈존,132,스위트 원더랜드,놀0810 1:13:32* · 놀0803 58:22 (구간),1,표지확정
PHOENIX 2,시리즈존,1,고민중독,놀0808 39:01 · 놀0808 39:02 · 놀0803 2:06:04* · 놀0803 2:06:05* · 놀0803 62:37 (구간),7,이어받음
PHOENIX 2,시리즈존,2,빌려온 고양이,놀0808 35:51 · 놀0803 2:06:04* · 놀0803 2:06:05* · 놀0808 35:20* · 놀0803 62:36 (구간),23,이어받음
PHOENIX 2,시리즈존,3,뱅 뱅,놀0803 2:06:04 · 놀0803 2:06:05 · 놀0808 35:52 · 놀0808 35:20* · 놀0803 62:36 (구간),24,이어받음
PHOENIX 2,시리즈존,4,404 (뉴 에라),놀0808 35:20 · 놀0808 35:21 · 놀0808 35:22 · 놀0808 35:23 · 놀0803 62:37 (구간),22,이어받음
PHOENIX 2,시리즈존,5,엔조이 더 쇼,놀0808 35:31 · 놀0808 35:54 · 놀0803 2:06:04* · 놀0803 2:06:05* · 놀0803 62:39,21,이어받음
PHOENIX 2,시리즈존,6,응징 레스토랑,놀0808 35:20* · 놀0808 35:21* · 놀0808 35:22* · 놀0808 35:23* · 놀0803 62:40,21,이어받음
PHOENIX 2,시리즈존,7,블레이저,놀0808 35:31* · 놀0808 35:33* · 놀0808 35:54* · 놀0808 38:43* · 놀0803 62:41,5,이어받음
PHOENIX 2,시리즈존,8,B3,놀0808 35:33 · 놀0808 38:43 · 놀0808 38:45 · 놀0808 38:46* · 놀0803 62:42,5,이어받음
PHOENIX 2,시리즈존,9,디기탈리스,놀0808 35:33* · 놀0808 35:36* · 놀0808 35:37* · 놀0808 35:38* · 놀0803 62:43,14,이어받음
PHOENIX 2,시리즈존,10,더 라스트 리벨리온,놀0808 38:46 · 놀0808 38:47 · 놀0808 35:33* · 놀0808 35:36* · 놀0803 62:44 (구간),16,이어받음
PHOENIX 2,시리즈존,11,오버나이트 플라워,놀0808 35:36 · 놀0808 35:37 · 놀0808 35:38 · 놀0808 35:39 · 놀0803 62:45 (구간),15,이어받음
PHOENIX 2,시리즈존,12,레전더리 도미니언,놀0808 35:40 · 놀0808 35:41 · 놀0808 35:36* · 놀0808 35:37* · 놀0803 62:46 (구간),17,이어받음
PHOENIX 2,시리즈존,13,크래쉬 랜딩 랑데부,놀0808 35:42 · 놀0808 38:54 · 놀0808 35:36* · 놀0808 35:37* · 놀0803 62:49 (구간),18,이어받음
PHOENIX 2,시리즈존,14,콰투오룩스,놀0808 35:43 · 놀0808 38:55 · 놀0808 35:40* · 놀0808 35:41* · 놀0803 62:49 (구간),11,이어받음
PHOENIX 2,시리즈존,15,나이트시어터,놀0808 35:44 · 놀0808 38:56 · 놀0808 38:57 · 놀0808 35:42* · 놀0803 62:50 (구간),11,이어받음
PHOENIX 2,시리즈존,16,인피니트 에너지 -Overdoze-,놀0808 35:45 · 놀0808 38:58 · 놀0808 35:43* · 놀0808 35:44* · 놀0803 62:51 (구간),9,이어받음
PHOENIX 2,시리즈존,17,프리덤 다이브,놀0808 35:46 · 놀0808 35:47 · 놀0808 35:44* · 놀0808 35:45* · 놀0803 62:52 (구간),8,이어받음
PHOENIX 2,시리즈존,18,드림체이서즈,놀0808 35:45* · 놀0808 35:46* · 놀0808 35:47* · 놀0808 35:49* · 놀0803 62:53 (구간),7,이어받음
PHOENIX 2,시리즈존,19,슈퍼☆하라구로☆팝,놀0808 35:49 · 놀0808 35:46* · 놀0808 35:47* · 놀0808 35:51* · 놀0803 62:55 (구간),6,이어받음
S1,싱글존,2,빌려온 고양이,놀0803 1:30* · 놀0803 1:32* · 놀0814 26:11* · 놀0814 26:16* · 놀0803 1:27~1:55,10,알확정
S1,싱글존,3,404 (뉴 에라),놀0803 1:30 · 놀0803 1:32* · 놀0803 1:34* · 놀0814 26:11* · 놀0803 1:27~1:55,12,알확정
S1,싱글존,4,비행기,놀0803 1:32 · 놀0803 1:30* · 놀0803 1:34* · 놀0803 1:36* · 놀0803 1:27~1:55,8,알확정
S1,싱글존,5,날아올라,놀0803 1:34 · 놀0803 1:30* · 놀0803 1:32* · 놀0803 1:36* · 놀0803 1:27~1:55,10,알확정
S1,싱글존,6,유 앤 아이,놀0803 1:36 · 놀0803 1:32* · 놀0803 1:34* · 놀0803 1:38* · 놀0803 1:27~1:55,10,알확정
S1,싱글존,7,스타드림 (feat. Romelon),놀0803 1:38 · 놀0803 1:34* · 놀0803 1:36* · 놀0803 1:40* · 놀0803 1:27~1:55,8,알확정
S1,싱글존,8,설탕음모론,놀0803 1:40 · 놀0803 1:36* · 놀0803 1:38* · 놀0803 1:27~1:55,6,알확정
S1,싱글존,9,유 어게인 마이 러브,놀0803 1:38* · 놀0803 1:40* · 놀0803 1:27~1:55,4,알확정
S1,싱글존,10,여래아,놀0803 1:40* · 놀0803 1:27~1:55,2,알확정
S1,싱글존,11,위 갓 투 노우,놀0803 1:27~1:55,1,눈판독
S1,싱글존,12,케이.오.에이 : 엘리스 인 원더월드,놀0803 1:49* · 놀0803 1:27~1:55,2,알확정
S1,싱글존,13,사랑가,놀0803 1:49* · 놀0803 1:27~1:55,2,알확정
S1,싱글존,14,라라,놀0803 1:49 · 놀0803 1:27~1:55,2,알확정
S1,싱글존,15,아마이 유우와쿠 데인저러스,놀0803 1:49* · 놀0803 1:27~1:55,2,알확정
S1,싱글존,16,미토츠다이라,놀0803 1:49* · 놀0803 1:27~1:55,2,알확정
S1,싱글존,17,배드 애플!! feat. Nomico,놀0803 1:27~1:55,1,눈판독
S1,싱글존,18,레이디버그,놀0814 26:11* · 놀0814 26:16* · 놀0814 26:21* · 놀0803 1:27~1:55,6,알확정
S1,싱글존,19,키티 캣,놀0814 26:11* · 놀0814 26:16* · 놀0814 26:21* · 놀0803 1:27~1:55,6,알확정
S2,싱글존,2,고민중독,놀0803 1:57* · 놀0803 1:57~2:20,2,알확정
S2,싱글존,3,뱅 뱅,놀0803 1:57* · 놀0803 1:57~2:20,2,알확정
S2,싱글존,4,스톰,놀0803 1:57~2:20,1,눈판독
S2,싱글존,5,풀 문,놀0803 1:57~2:20,1,눈판독
S2,싱글존,6,타이밍,놀0803 1:57~2:20,1,눈판독
S2,싱글존,7,트로피카닉,놀0803 2:04* · 놀0803 1:57~2:20,2,알확정
S2,싱글존,8,사라반드,놀0803 2:04* · 놀0803 1:57~2:20,2,알확정
S2,싱글존,9,HTTP,놀0803 2:04 · 놀0803 1:57~2:20,2,알확정
S2,싱글존,10,블레이즈 이모션 (Band version),놀0803 2:04* · 놀0803 1:57~2:20,2,알확정
S2,싱글존,11,엑스트리,놀0803 2:04* · 놀0803 2:08* · 놀0803 1:57~2:20,4,알확정
S2,싱글존,12,유 갓 투 노우,놀0803 2:08* · 놀0803 1:57~2:20,2,알확정
S2,싱글존,13,펌핑 점핑,놀0803 2:08 · 놀0803 1:57~2:20,2,알확정
S2,싱글존,14,테프리스,놀0803 2:08*,2,알확정
S2,싱글존,15,블레이즈 이모션,놀0803 2:08*,2,알확정
S2,싱글존,17,위치 닥터 #1,놀0803 2:12*,2,알확정
S2,싱글존,18,아크 오브 다크니스,놀0803 2:12* · 놀0803 2:14*,4,알확정
S2,싱글존,19,팬텀,놀0803 2:12 · 놀0803 2:14*,4,알확정
S2,싱글존,20,파이널 오디션 3,놀0803 2:14 · 놀0803 2:12* · 놀0814 26:34*,5,알확정
S2,싱글존,21,윌 오 더 위스프,놀0803 2:12* · 놀0803 2:14* · 놀0814 26:34*,5,알확정
S2,싱글존,22,셋 미 업,놀0814 26:34 · 놀0803 2:14*,3,알확정
S2,싱글존,23,댄스 위드 미,놀0814 26:34*,1,알확정
S2,싱글존,24,무혼,놀0814 26:34*,1,알확정
S2,싱글존,26,알테일,놀0814 26:29*,1,알확정
S2,싱글존,27,라이프 이즈 피아노,놀0814 26:29*,1,알확정
S2,싱글존,28,아이디얼라이즈드 로맨스,놀0814 26:29,1,알확정
S2,싱글존,29,팝 더 트랙,놀0803 1:57* · 놀0814 26:29* · 놀0803 1:57~2:20,3,알확정
S2,싱글존,30,오벨리스크,놀0803 1:57* · 놀0814 26:29* · 놀0803 1:57~2:20,3,알확정
S3,싱글존,2,빌려온 고양이,놀0814 26:45* · 놀0814 26:46* · 놀0814 26:50*,3,알확정
S3,싱글존,3,404 (뉴 에라),놀0814 26:50 · 놀0814 26:45* · 놀0814 26:46*,3,알확정
S3,싱글존,4,비행기,놀0814 26:50*,1,알확정
S3,싱글존,5,노스텔지어,놀0814 26:50*,1,알확정
S3,싱글존,59,닥터 엠,놀0814 27:03*,1,알확정
S3,싱글존,60,엠페러,놀0814 27:03*,1,알확정
S3,싱글존,61,포인트 브레이크,놀0814 27:03,1,알확정
S3,싱글존,62,틸 디 엔드 오브 타임,놀0814 27:03*,1,알확정
S3,싱글존,63,부크,놀0814 27:03*,1,알확정
S3,싱글존,90,사월,놀0814 26:45* · 놀0814 26:46*,2,알확정
S3,싱글존,91,크리스마스의 기억,놀0814 26:45* · 놀0814 26:46*,2,알확정
S4,싱글존,4,스톰,놀0814 30:17*,1,알확정
S4,싱글존,5,풀 문,놀0814 30:17*,1,알확정
S4,싱글존,6,타이밍,놀0814 30:17,1,알확정
S4,싱글존,7,유 앤 아이,놀0814 30:17*,1,알확정
S4,싱글존,8,디그니티,놀0814 30:17*,1,알확정
S4,싱글존,31,슈퍼 카프리시오,놀0814 30:21*,1,알확정
S4,싱글존,32,갓 모드 feat. skizzo,놀0814 30:21*,1,알확정
S4,싱글존,33,브레이크 아웃,놀0814 30:21,1,알확정
S4,싱글존,34,사라반드,놀0814 30:21*,1,알확정
S4,싱글존,35,가장신자,놀0814 30:21*,1,알확정
S4,싱글존,113,파이널 오디션 에피소드 1,놀0814 30:35*,1,알확정
S4,싱글존,114,베토벤 바이러스,놀0814 30:35*,1,알확정
S4,싱글존,115,무혼,놀0814 30:35,1,알확정
S4,싱글존,116,파이널 오디션 2,놀0814 30:35*,1,알확정
S4,싱글존,117,엑스트라바간자,놀0814 30:35*,1,알확정
S4,싱글존,148,오벨리스크,놀0814 30:44*,1,알확정
S4,싱글존,149,일 더하기 일은 귀요미,놀0814 30:44*,1,알확정
S4,싱글존,150,히페리온,놀0814 30:44,1,알확정
S4,싱글존,151,블랙 드래곤,놀0814 30:44*,1,알확정
S4,싱글존,152,스타트 온 레드,놀0814 30:44*,1,알확정
S5,싱글존,56,태동,놀0814 30:58*,1,알확정
S5,싱글존,57,님과 함께,놀0814 30:58* · 놀0814 30:59*,2,알확정
S5,싱글존,58,프리 스타일,놀0814 30:58 · 놀0814 30:59*,2,알확정
S5,싱글존,59,펌핑업,놀0814 30:59 · 놀0814 30:58*,2,알확정
S5,싱글존,60,바이너리 스타,놀0814 30:58* · 놀0814 30:59*,2,알확정
S5,싱글존,61,얼라이브,놀0814 30:59*,1,알확정
S5,싱글존,77,비주얼 드림 2 (인 픽션),놀0814 31:02* · 놀0814 31:03*,2,알확정
S5,싱글존,78,크리스마스의 기억,놀0814 31:02* · 놀0814 31:03*,2,알확정
S5,싱글존,79,레드라인,놀0814 31:02 · 놀0814 31:03,2,알확정
S5,싱글존,80,킬 뎀!,놀0814 31:02* · 놀0814 31:03*,2,알확정
S7,싱글존,2,타이밍,놀0814 34:34 · 놀0808 1:24:31* · 놀0808 1:24:34* · 놀0808 1:24:36*,4,알확정
S7,싱글존,3,유 앤 아이,놀0808 1:24:31* · 놀0808 1:24:34* · 놀0808 1:24:36* · 놀0808 1:24:40* · (근거 출처 미기재) (정본 기준 -1칸),6,알확정
S7,싱글존,4,슬램,놀0808 1:24:40* · 놀0808 1:24:42* · 놀0814 34:34* · (근거 출처 미기재) (정본 기준 -1칸),3,알확정
S7,싱글존,5,B3,놀0808 1:24:40 · 놀0808 1:24:42,2,알확정
S7,싱글존,6,ESP,놀0808 1:24:40* · 놀0808 1:24:42* · (근거 출처 미기재) (정본 기준 -1칸),2,알확정
S7,싱글존,7,하이웨이 체이서,놀0808 1:24:40* · 놀0808 1:24:42* · (근거 출처 미기재) (정본 기준 -1칸),2,알확정
S7,싱글존,28,마카롱 데이,놀0814 34:39*,1,알확정
S7,싱글존,29,아이스 오브 데스,놀0814 34:39*,1,알확정
S7,싱글존,30,탄탄멘,놀0814 34:39,1,알확정
S7,싱글존,31,파파시토 (feat. KuTiNA),놀0814 34:39*,1,알확정
S7,싱글존,32,시그너스,놀0814 34:39*,1,알확정
S7,싱글존,77,캐논 X.1,놀0814 34:47*,1,알확정
S7,싱글존,78,디제이 오타다,놀0814 34:47*,1,알확정
S7,싱글존,79,토카타,놀0814 34:47,1,알확정
S7,싱글존,80,무혼 1.5,놀0814 34:47*,1,알확정
S7,싱글존,81,패스터 Z,놀0814 34:47*,1,알확정
S7,싱글존,101,파이널 오디션 2,놀0814 34:52*,1,알확정
S7,싱글존,102,터키 행진곡,놀0814 34:52*,1,알확정
S7,싱글존,103,파이널 오디션,놀0814 34:52,1,알확정
S7,싱글존,104,어바웃 더 유니버스,놀0814 34:52*,1,알확정
S7,싱글존,105,퍼페츄얼,놀0814 34:52*,1,알확정
S7,싱글존,144,헬릭스,놀0808 1:24:31* · 놀0808 1:24:34* · 놀0808 1:24:36*,3,알확정
S7,싱글존,145,라 그랑 블루,놀0808 1:24:31* · 놀0808 1:24:34* · 놀0808 1:24:36* · 놀0814 34:34*,4,알확정
S8,싱글존,74,락 더 하우스,놀0814 35:13*,1,알확정
S8,싱글존,75,코스미컬 리듬,놀0814 35:13*,1,알확정
S8,싱글존,76,라그나로크,놀0814 35:13,1,알확정
S8,싱글존,77,임프린팅,놀0814 35:13*,1,알확정
S8,싱글존,78,파사칼리아,놀0814 35:13*,1,알확정
S10,싱글존,2,뱅 뱅,놀0808 1:25:00*,1,알확정
S10,싱글존,3,엔조이 더 쇼,놀0808 1:25:00,1,알확정
S10,싱글존,4,베르사이유,놀0808 1:25:00*,1,알확정
S10,싱글존,5,쇼다운,놀0808 1:25:00*,1,알확정
S11,싱글존,2,응징 레스토랑,놀0803 1:03:02* · 놀0814 1:45:54*,2,알확정
S11,싱글존,3,블레이저,놀0808 1:25:12* · 놀0808 1:25:14* · 놀0814 1:45:54*,3,알확정
S11,싱글존,4,B3,놀0808 1:25:12* · 놀0808 1:25:14*,2,알확정
S11,싱글존,5,디기탈리스,놀0808 1:25:12 · 놀0808 1:25:14,2,알확정
S11,싱글존,6,사월의 축제,놀0808 1:25:12* · 놀0808 1:25:14* · 놀0814 38:44*,3,알확정
S11,싱글존,7,하이웨이 체이서,놀0808 1:25:12* · 놀0808 1:25:14* · 놀0814 38:44*,3,알확정
S11,싱글존,8,번 아웃,놀0814 38:44,1,알확정
S11,싱글존,9,얼티밋 아이즈,놀0814 38:44*,1,알확정
S11,싱글존,10,냥-턴 (feat. KuTiNA),놀0814 38:44*,1,알확정
S11,싱글존,16,머독,놀0814 1:46:03*,1,알확정
S11,싱글존,17,"사이먼 세이즈, 유로댄스!! (feat. Sara☆M)",놀0814 1:46:03*,1,알확정
S11,싱글존,18,바버스 매드니스,놀0814 1:46:03,1,알확정
S11,싱글존,19,요! 세이!! 페어리!!!,놀0814 1:46:03*,1,알확정
S11,싱글존,20,아테나의 방패,놀0814 1:46:03*,1,알확정
S11,싱글존,51,월광,놀0803 5:28* · 놀0803 5:33* · 놀0803 5:38* · 놀0803 5:43*,20,알확정
S11,싱글존,52,러브 이즈 어 데인저 존 pt.2,놀0803 5:28* · 놀0803 5:33* · 놀0803 5:38* · 놀0803 5:43*,24,알확정
S11,싱글존,53,캐논 디,놀0803 5:28 · 놀0803 5:33 · 놀0803 5:38 · 놀0803 5:43,24,알확정
S11,싱글존,54,헬로우,놀0803 1:06:08 · 놀0803 1:06:10 · 놀0803 5:28* · 놀0803 5:33*,24,알확정
S11,싱글존,55,컴 투 미,놀0803 5:28* · 놀0803 5:33* · 놀0803 5:38* · 놀0803 5:43*,24,알확정
S11,싱글존,56,러브 이즈 어 데인저 존,놀0803 1:06:08* · 놀0803 1:06:10*,4,알확정
S11,싱글존,62,갤럭시 컬랩스,놀0803 1:03:47*,1,알확정
S11,싱글존,63,언더월드 ft. Skizzo (PIU Edit.),놀0803 1:03:47*,1,알확정
S11,싱글존,64,에너지 시너지 매트릭스,놀0803 1:03:47,1,알확정
S11,싱글존,65,밀크,놀0803 1:03:47*,1,알확정
S11,싱글존,66,어콰이어,놀0803 1:03:35* · 놀0803 1:03:47*,2,알확정
S11,싱글존,67,푸파,놀0803 1:03:35*,1,알확정
S11,싱글존,68,스테이저,놀0803 1:03:35,1,알확정
S11,싱글존,69,빅 대디,놀0803 1:03:35*,1,알확정
S11,싱글존,70,플래시 아웃,놀0803 1:03:35*,1,알확정
S11,싱글존,71,비코즈 오브 유,놀0803 1:03:31*,1,알확정
S11,싱글존,72,비옐라의 악몽,놀0803 1:03:31*,1,알확정
S11,싱글존,73,솔저스 (TANO*C W TEAM RED ANTHEM),놀0803 1:03:31,1,알확정
S11,싱글존,74,브로큰 카르마 (PIU EDIT),놀0803 1:03:31*,1,알확정
S11,싱글존,75,컨플릭트,놀0803 1:03:31*,1,알확정
S11,싱글존,78,브레인 파워,놀0803 1:03:25*,1,알확정
S11,싱글존,79,모페모페,놀0803 1:03:25*,1,알확정
S11,싱글존,80,폴른 엔젤,놀0803 1:03:25 · 놀0814 38:59*,2,알확정
S11,싱글존,81,셀피쉬니스,놀0803 1:03:25* · 놀0814 38:59*,2,알확정
S11,싱글존,82,마타도르,놀0814 38:59 · 놀0803 1:03:25*,2,알확정
S11,싱글존,83,밀키 웨이 갤럭시,놀0803 1:03:21* · 놀0814 38:59*,2,알확정
S11,싱글존,84,필 마이 해피니스,놀0803 1:03:21* · 놀0814 38:59*,2,알확정
S11,싱글존,85,비디오 아웃 씨,놀0803 1:03:21,1,알확정
S11,싱글존,86,아마이 유우와쿠 데인저러스,놀0803 1:03:21*,1,알확정
S11,싱글존,87,임프린팅,놀0803 1:03:21*,1,알확정
S11,싱글존,89,프라임,놀0803 1:03:16*,1,알확정
S11,싱글존,90,아이디얼라이즈드 로맨스,놀0803 1:03:16*,1,알확정
S11,싱글존,91,저스트 홀드 온 (To All Fighters),놀0803 1:03:16 · 놀0803 1:03:14*,2,알확정
S11,싱글존,92,바로크 바이러스,놀0803 1:03:14* · 놀0803 1:03:16*,2,알확정
S11,싱글존,93,가고일,놀0803 1:03:14 · 놀0803 1:03:16* · 놀0803 1:03:02~1:03:34,2,알확정
S11,싱글존,94,레이지 오브 파이어,놀0803 1:03:14* · 놀0803 1:03:02~1:03:34,1,알확정
S11,싱글존,95,듀얼 레이싱 <레드 vs 블루>,놀0803 1:03:14* · 놀0803 1:03:02~1:03:34,1,알확정
S11,싱글존,96,라이징 스타,놀0814 39:03* · 놀0803 1:03:02~1:03:34,1,알확정
S11,싱글존,97,일 더하기 일은 귀요미,놀0814 39:03* · 놀0803 1:03:02~1:03:34,1,알확정
S11,싱글존,98,오버 더 호라이즌,놀0814 39:03 · 놀0803 1:03:02~1:03:34,1,알확정
S11,싱글존,99,유령의 축제 2 (Sneak),놀0814 39:03* · 놀0803 1:03:02~1:03:34,1,알확정
S11,싱글존,100,헬릭스,놀0814 39:03* · 놀0803 1:03:02~1:03:34,1,알확정
S11,싱글존,101,블랙 드래곤,놀0803 1:03:05* · 놀0803 1:03:02~1:03:34,1,알확정
S11,싱글존,102,스타트 온 레드,놀0803 1:03:05* · 놀0803 1:03:02~1:03:34,1,알확정
S11,싱글존,103,매지컬 베케이션,놀0803 1:03:05 · 놀0803 1:03:02~1:03:34,1,알확정
S11,싱글존,104,슈퍼 스타일린,놀0803 1:03:05* · 놀0803 1:03:02~1:03:34,1,알확정
S11,싱글존,105,고딕 레조넌스,놀0803 1:03:02* · 놀0803 1:03:05* · 놀0803 1:03:02~1:03:34,2,알확정
S11,싱글존,106,어 사이트 데 라 루,놀0803 1:03:02* · 놀0814 1:45:54* · 놀0803 1:03:02~1:03:34,2,알확정
S11,싱글존,107,레드라인,놀0803 1:03:02 · 놀0814 1:45:54* · 놀0803 1:03:02~1:03:34,2,알확정
S12,싱글존,2,오버나이트 플라워,놀0808 1:25:16* · 놀0808 1:25:19* · 놀0808 1:28:30*,3,알확정
S12,싱글존,3,이터널 유니버스,놀0808 1:25:16*,1,알확정
S12,싱글존,4,4NT,놀0803 5:53*,1,알확정
S12,싱글존,5,붐!!,놀0803 5:53*,1,알확정
S12,싱글존,6,할로윈 파티 ~Multiverse~,놀0803 5:53 · 놀0814 1:37:12*,2,알확정
S12,싱글존,7,스타드림 -Eurobeat Remix-,놀0803 5:53* · 놀0814 1:37:12*,2,알확정
S12,싱글존,8,배니쉬 2 - Roar of the invisible dragon,놀0814 1:37:12 · 놀0803 5:53*,2,알확정
S12,싱글존,9,블루이쉬 로즈,놀0814 1:37:12*,1,알확정
S12,싱글존,10,록시아,놀0814 1:37:12*,1,알확정
S12,싱글존,15,이매저너라이즈드 시티,놀0803 5:56~6:29,1,눈판독
S12,싱글존,16,크림슨 후드,놀0803 5:56~6:29,1,눈판독
S12,싱글존,17,야누스,놀0803 5:56~6:29,1,눈판독
S12,싱글존,18,아이 원트 유,놀0803 5:56~6:29,1,눈판독
S12,싱글존,19,스켑틱,놀0803 5:56~6:29,1,눈판독
S12,싱글존,20,까르멘 버스,놀0803 5:56~6:29,1,눈판독
S12,싱글존,21,마카롱 데이,놀0803 5:56~6:29,1,눈판독
S12,싱글존,22,배니쉬,놀0803 5:56~6:29,1,눈판독
S12,싱글존,23,테일즈 오브 펌프니아,놀0803 5:56~6:29,1,눈판독
S12,싱글존,24,파괴,놀0803 5:56~6:29,1,눈판독
S12,싱글존,25,슈퍼 카프리시오,놀0803 5:56~6:29,1,눈판독
S12,싱글존,27,슈브 니구라스,놀0803 5:56~6:29,1,눈판독
S12,싱글존,28,퍼더,놀0803 5:56~6:29,1,눈판독
S12,싱글존,29,브링 백 더 비트,놀0803 6:00* · 놀0803 5:56~6:29,1,알확정
S12,싱글존,30,브레이크 아웃,놀0803 6:00* · 놀0803 5:56~6:29,1,알확정
S12,싱글존,31,사라반드,놀0803 6:00 · 놀0803 5:56~6:29,1,알확정
S12,싱글존,32,패싱 라이더,놀0803 6:00* · 놀0803 6:01* · 놀0803 5:56~6:29,2,알확정
S12,싱글존,33,포스 오브 라,놀0803 6:00* · 놀0803 6:01* · 놀0803 5:56~6:29,2,알확정
S12,싱글존,34,레퀴엠,놀0803 6:01 · 놀0803 5:56~6:29,1,알확정
S12,싱글존,35,리키지 볼티지,놀0803 6:01* · 놀0803 5:56~6:29,1,알확정
S12,싱글존,36,무브 댓 바디!,놀0803 6:01* · 놀0803 5:56~6:29,1,알확정
S12,싱글존,37,엘리제,놀0803 5:56~6:29,1,눈판독
S12,싱글존,39,디,놀0803 5:56~6:29,1,눈판독
S12,싱글존,40,인터퍼런스,놀0803 5:56~6:29,1,눈판독
S12,싱글존,41,테이크 아웃,놀0803 5:56~6:29,1,눈판독
S12,싱글존,42,마왕,놀0803 5:56~6:29,1,눈판독
S12,싱글존,43,사랑가 -2막-,놀0803 5:56~6:29,1,눈판독
S12,싱글존,45,젓가락 변주곡,놀0803 5:56~6:29,1,눈판독
S12,싱글존,46,사람들은 몰랐다네,놀0803 5:56~6:29,1,눈판독
S12,싱글존,48,사랑가 2006,놀0803 5:56~6:29,1,눈판독
S12,싱글존,49,위치 닥터,놀0803 5:56~6:29,1,눈판독
S12,싱글존,65,님과 함께,놀0808 1:25:24*,1,알확정
S12,싱글존,66,미드나잇 블루,놀0808 1:25:24*,1,알확정
S12,싱글존,67,나이트시어터,놀0808 1:25:24,1,알확정
S12,싱글존,68,어바웃 더 유니버스,놀0808 1:25:24*,1,알확정
S12,싱글존,69,퍼페츄얼,놀0808 1:25:24*,1,알확정
S12,싱글존,76,굿바운스,놀0814 39:20*,1,알확정
S12,싱글존,77,앨리스 인 미산트로프,놀0814 39:20*,1,알확정
S12,싱글존,78,지젤,놀0814 39:20,1,알확정
S12,싱글존,79,할시온,놀0814 39:20*,1,알확정
S12,싱글존,80,오딘,놀0814 39:20*,1,알확정
S12,싱글존,86,페이브 가든,놀0803 6:23*,2,알확정
S12,싱글존,87,팝 시퀀스,놀0803 6:23*,2,알확정
S12,싱글존,88,인디스트럭터블,놀0803 6:23,2,알확정
S12,싱글존,89,8 6,놀0803 6:23*,2,알확정
S12,싱글존,90,천년이 지나서,놀0803 6:23*,2,알확정
S12,싱글존,98,파사칼리아,놀0814 39:24*,1,알확정
S12,싱글존,99,하드코어 오브 더 노스,놀0808 1:28:35* · 놀0814 39:24*,2,알확정
S12,싱글존,100,왓 해픈드,놀0814 39:24 · 놀0808 1:28:35*,2,알확정
S12,싱글존,101,드림체이서즈,놀0808 1:28:35 · 놀0814 39:24*,2,알확정
S12,싱글존,102,슈퍼☆하라구로☆팝,놀0808 1:28:35* · 놀0814 39:24*,2,알확정
S12,싱글존,103,스위트 원더랜드,놀0808 1:28:35*,1,알확정
S12,싱글존,108,크로스 타임,놀0803 9:45*,1,알확정
S12,싱글존,109,BS파워 익스플로전,놀0803 9:45* · 놀0808 1:25:19* · 놀0808 1:28:30*,3,알확정
S12,싱글존,110,라 그랑 블루,놀0803 9:45 · 놀0808 1:25:16* · 놀0808 1:25:19* · 놀0808 1:28:30*,4,알확정
S12,싱글존,111,클루,놀0808 1:25:19 · 놀0808 1:28:30 · 놀0803 9:45* · 놀0808 1:25:16*,4,알확정
S13,싱글존,2,비행기,놀0808 1:28:39* · 놀0814 13:08*,2,알확정
S13,싱글존,3,ESP,놀0808 1:28:39,1,알확정
S13,싱글존,4,쥬핀,놀0808 1:28:39* · 놀0810 3:57* · 놀0810 6:37* · 놀0810 6:42* · (근거 출처 미기재),8,알확정
S13,싱글존,5,그로스,놀0808 1:28:39* · 놀0810 3:57* · 놀0810 6:37* · 놀0810 6:42* · (근거 출처 미기재),8,알확정
S13,싱글존,6,루시드 드림,놀0810 3:57 · 놀0810 6:37 · 놀0810 6:42 · 놀0810 6:43,8,알확정
S13,싱글존,7,결투,놀0810 3:55* · 놀0810 3:57* · 놀0810 6:37* · 놀0810 6:42* · (근거 출처 미기재),8,알확정
S13,싱글존,8,라크리모사,놀0810 3:55 · 놀0810 3:57* · 놀0810 6:37* · 놀0810 6:42* · (근거 출처 미기재),8,알확정
S13,싱글존,9,리틀 먼치킨,놀0810 3:55*,1,알확정
S13,싱글존,10,피가로의 결혼 ~Celebrazione Remix~,놀0810 3:55*,1,알확정
S13,싱글존,24,포가튼 뱀파이어,놀0814 39:32*,1,알확정
S13,싱글존,25,갓 모드 2.0 feat. Skizzo,놀0814 39:32*,1,알확정
S13,싱글존,26,라스트 리버스,놀0814 39:32,1,알확정
S13,싱글존,27,갓 모드 feat. skizzo,놀0814 39:32*,1,알확정
S13,싱글존,28,실버 비트 feat. ChisaUezono,놀0814 39:32*,1,알확정
S13,싱글존,50,틸 디 엔드 오브 타임,놀0803 15:13*,1,알확정
S13,싱글존,51,위 윌 밋 어게인,놀0803 15:13*,1,알확정
S13,싱글존,52,파이널 오디션 에피소드 1,놀0803 15:13,1,알확정
S13,싱글존,53,롤링 크리스마스,놀0803 15:13*,1,알확정
S13,싱글존,54,사랑가,놀0803 15:13*,1,알확정
S13,싱글존,58,펌핑업,놀0808 1:28:51*,1,알확정
S13,싱글존,59,엑스트라바간자,놀0808 1:28:48* · 놀0808 1:28:51* · 놀0808 1:29:08* · 놀0808 1:29:12*,5,알확정
S13,싱글존,60,크래쉬 랜딩 랑데부,놀0808 1:28:51 · 놀0808 1:28:48* · 놀0808 1:29:07* · 놀0808 1:29:08*,7,알확정
S13,싱글존,61,인피니트 에너지 -Overdoze-,놀0808 1:28:48 · 놀0808 1:29:08 · 놀0808 1:29:12 · 놀0808 1:29:18,7,알확정
S13,싱글존,62,프리덤 다이브,놀0808 1:29:07 · 놀0808 1:29:16 · 놀0808 1:28:48* · 놀0808 1:28:51*,7,알확정
S13,싱글존,63,바이너리 스타,놀0808 1:28:48* · 놀0808 1:29:07* · 놀0808 1:29:08* · 놀0808 1:29:12*,6,알확정
S13,싱글존,64,댄싱,놀0808 1:29:07* · 놀0808 1:29:16* · 놀0814 13:13*,3,알확정
S13,싱글존,65,댓 키티 (PIU Edit.),놀0814 13:13*,1,알확정
S13,싱글존,66,이렐리아,놀0814 13:13,1,알확정
S13,싱글존,67,R.I.P.,놀0814 13:13*,1,알확정
S13,싱글존,68,러쉬-모어,놀0814 13:13*,1,알확정
S13,싱글존,72,디스트로0ㅣ어,놀0803 15:08* · 놀0814 39:40*,2,알확정
S13,싱글존,73,크로싱 델타,놀0803 15:08* · 놀0814 39:40*,2,알확정
S13,싱글존,74,시간의 회랑 라비린스,놀0803 15:08 · 놀0814 39:40,2,알확정
S13,싱글존,75,배드 애플!! feat. Nomico,놀0803 15:08* · 놀0814 39:40*,2,알확정
S13,싱글존,76,스타 커맨드,놀0803 15:08* · 놀0808 1:29:02* · 놀0814 39:40*,3,알확정
S13,싱글존,77,사월,놀0808 1:29:02* · 놀0814 13:08*,2,알확정
S13,싱글존,78,킵 온!,놀0808 1:29:02 · 놀0814 13:08*,2,알확정
S13,싱글존,79,도나텔로,놀0814 13:08 · 놀0808 1:29:02*,2,알확정
S14,싱글존,2,고민중독,놀0808 1:32:19* · 놀0808 1:32:24* · 놀0814 43:34* · 놀0814 43:39*,4,알확정
S14,싱글존,3,노스텔지어,놀0814 43:39 · 놀0808 1:32:19* · 놀0808 1:32:24*,3,알확정
S14,싱글존,4,디기탈리스,놀0808 1:32:24 · 놀0814 43:39*,2,알확정
S14,싱글존,5,얼티밋 아이즈,놀0808 1:32:24* · 놀0814 43:39*,2,알확정
S14,싱글존,6,벡터,놀0808 1:32:24*,1,알확정
S14,싱글존,18,김치 핑거즈,놀0814 43:25*,1,알확정
S14,싱글존,19,탄탄멘,놀0814 43:25*,1,알확정
S14,싱글존,20,알레그로 퓨리오소,놀0814 43:25,1,알확정
S14,싱글존,21,HTTP,놀0814 43:25*,1,알확정
S14,싱글존,22,어웨이크닝,놀0814 43:25*,1,알확정
S14,싱글존,24,캇코이,놀0803 26:37*,1,알확정
S14,싱글존,25,엘리시움,놀0803 26:37*,1,알확정
S14,싱글존,26,히아신스,놀0803 26:37,1,알확정
S14,싱글존,27,설탕음모론,놀0803 26:37*,1,알확정
S14,싱글존,28,브레이크 잇 다운,놀0803 26:37*,1,알확정
S14,싱글존,35,야근,놀0814 43:31*,1,알확정
S14,싱글존,36,펌핑 점핑,놀0814 43:31*,1,알확정
S14,싱글존,37,펌트리스 꽈뜨로,놀0814 43:31,1,알확정
S14,싱글존,38,닥터 엠,놀0814 43:31*,1,알확정
S14,싱글존,39,포인트 브레이크,놀0814 43:31*,1,알확정
S14,싱글존,49,라라,놀0803 26:31*,1,알확정
S14,싱글존,50,글로리아,놀0803 26:31* · 놀0810 1:06:41*,2,알확정
S14,싱글존,51,스텝,놀0803 26:31 · 놀0810 1:06:41* · 놀0810 1:09:34* · 놀0810 1:09:37*,5,알확정
S14,싱글존,52,코스미컬 리듬,놀0810 1:06:41 · 놀0803 26:31* · 놀0810 1:09:34* · 놀0810 1:09:37*,5,알확정
S14,싱글존,53,돌리 키스,놀0810 1:09:34 · 놀0810 1:09:37 · 놀0810 1:09:39 · 놀0803 26:31*,6,알확정
S14,싱글존,54,까랴위사따,놀0803 30:33* · 놀0810 29:57* · 놀0810 1:06:41* · 놀0810 1:09:34*,6,알확정
S14,싱글존,55,비디오 아웃 씨,놀0810 29:57 · 놀0803 30:33* · 놀0810 1:09:34* · 놀0810 1:09:37*,5,알확정
S14,싱글존,56,아마이 유우와쿠 데인저러스,놀0803 30:33 · 놀0810 29:57*,2,알확정
S14,싱글존,57,서든 로맨스 [PIU Edit],놀0803 30:33* · 놀0810 29:57*,2,알확정
S14,싱글존,58,키티 캣,놀0803 30:33* · 놀0814 35:43* · 놀0814 38:30* · 놀0814 38:31*,6,알확정
S14,싱글존,59,헬리오스피어,놀0814 35:43* · 놀0814 38:30* · 놀0814 38:31* · 놀0814 38:35*,5,알확정
S14,싱글존,60,오버 더 호라이즌,놀0814 35:43 · 놀0814 38:30 · 놀0814 38:31 · 놀0814 38:35,6,알확정
S14,싱글존,61,V3,놀0803 30:35* · 놀0814 35:42* · 놀0814 35:43* · 놀0814 38:30*,7,알확정
S14,싱글존,62,히페리온,놀0814 35:42 · 놀0803 26:26* · 놀0803 30:35* · 놀0814 35:43*,8,알확정
S14,싱글존,63,사월,놀0803 30:35 · 놀0803 26:26* · 놀0814 35:42* · 놀0814 43:34*,4,알확정
S14,싱글존,64,크리스마스의 기억,놀0803 26:26 · 놀0803 30:35* · 놀0808 1:32:19* · 놀0814 35:42*,5,알확정
S14,싱글존,65,아스테리오스 -리엔트리-,놀0814 43:34 · 놀0803 26:26* · 놀0803 30:35* · 놀0808 1:32:19*,4,알확정
S15,싱글존,1,빌려온 고양이,놀0808 17:46 · 놀0810 1:02:36,3,알확정
S15,싱글존,2,스톰,놀0808 17:46* · 놀0810 1:02:36*,3,알확정
S15,싱글존,3,비행기,놀0808 17:46* · 놀0810 1:02:36*,3,알확정
S15,싱글존,25,포세이돈,놀0825 9:15:00* · 놀0825 9:15:01*,2,표지확정(크기전용)
S15,싱글존,26,아드레날린 블래스터,놀0825 9:15:00* · 놀0825 9:15:01*,2,표지확정(크기전용)
S15,싱글존,27,클레마티스 랩소디아,놀0825 9:15:00 · 놀0825 9:15:01,2,표지확정(크기전용)
S15,싱글존,28,스타드림 (feat. Romelon),놀0825 9:15:00* · 놀0825 9:15:01*,2,표지확정(크기전용)
S15,싱글존,29,파파시토 (feat. KuTiNA),놀0825 9:15:00* · 놀0825 9:15:01*,2,표지확정(크기전용)
S15,싱글존,64,미스터 라푸스,놀0808 17:37* · 놀0808 17:39*,4,알확정
S15,싱글존,65,콰투오룩스,놀0808 17:36* · 놀0808 17:37* · 놀0808 17:39*,6,알확정
S15,싱글존,66,나이트시어터,놀0808 17:37 · 놀0808 17:39 · 놀0808 17:36*,6,알확정
S15,싱글존,67,갤럭시 컬랩스,놀0808 17:36 · 놀0808 17:37* · 놀0808 17:39*,6,알확정
S15,싱글존,68,프렉쳐 텀퍼렐르,놀0808 17:36* · 놀0808 17:37* · 놀0808 17:39*,6,알확정
S15,싱글존,69,카타스트로피,놀0808 17:36*,2,알확정
S15,싱글존,85,팝 시퀀스,놀0825 8:48:34* · 놀0825 8:48:36* · 놀0825 8:48:39* · 놀0825 8:48:41*,13,표지확정(크기전용)
S15,싱글존,86,프렌드,놀0825 8:48:34* · 놀0825 8:48:36* · 놀0825 8:48:39* · 놀0825 8:48:41*,13,표지확정(크기전용)
S15,싱글존,87,컨플릭트,놀0825 8:48:34 · 놀0825 8:48:36 · 놀0825 8:48:39 · 놀0825 8:48:41,14,표지확정(크기전용)
S15,싱글존,88,니힐리즘 - 어나더 버전 -,놀0825 8:45:27* · 놀0825 8:48:34* · 놀0825 8:48:36* · 놀0825 8:48:39*,14,표지확정(크기전용)
S15,싱글존,89,"팔랑크스 ""RS2018 edit""",놀0825 8:45:27 · 놀0825 8:48:34* · 놀0825 8:48:36* · 놀0825 8:48:39*,14,표지확정(크기전용)
S15,싱글존,90,모페모페,놀0825 8:45:27*,1,표지확정(크기전용)
S15,싱글존,91,Re : 엔드 오브 어 드림,놀0825 8:45:27*,1,표지확정(크기전용)
S15,싱글존,95,아클루오이아스,놀0825 8:42:00*,1,표지확정(크기전용)
S15,싱글존,96,요로피쿠 피쿠요로!,놀0825 8:42:00*,1,표지확정(크기전용)
S15,싱글존,97,미토츠다이라,놀0825 8:42:00,1,표지확정(크기전용)
S15,싱글존,98,배드 애플!! feat. Nomico,놀0825 8:42:00*,1,표지확정(크기전용)
S15,싱글존,99,퀸 오브 더 레드,놀0825 8:42:00*,1,표지확정(크기전용)
S15,싱글존,102,슈샤,놀0808 17:52* · 놀0808 17:53*,4,알확정
S15,싱글존,103,스타 커맨드,놀0808 17:52* · 놀0808 17:53*,4,알확정
S15,싱글존,104,드림체이서즈,놀0808 17:52 · 놀0808 17:53,4,알확정
S15,싱글존,105,스위트 원더랜드,놀0808 17:52* · 놀0808 17:53*,4,알확정
S15,싱글존,106,이미지네이션,놀0808 17:52* · 놀0808 17:53*,4,알확정
S15,싱글존,112,헤드리스 치킨,놀0808 17:27* · 놀0808 17:28*,4,알확정
S15,싱글존,113,디멘트 ~에프터 레전드~,놀0808 17:27* · 놀0808 17:28*,4,알확정
S15,싱글존,114,하우스플랜,놀0808 17:27 · 놀0808 17:28,4,알확정
S15,싱글존,115,유어 마인드,놀0808 17:27* · 놀0808 17:28*,4,알확정
S15,싱글존,116,타임 어택 <블루>,놀0808 17:27* · 놀0808 17:28*,4,알확정
S15,싱글존,119,베들램,놀0808 17:46* · 놀0810 1:02:36*,3,알확정
S15,싱글존,120,킬 뎀!,놀0808 17:46* · 놀0810 1:02:36*,3,알확정
S16,싱글존,2,뱅 뱅,놀0803 58:12 · 놀0808 1:35:51 · 놀0808 2:07:59 · 놀0814 52:03*,5,알확정
S16,싱글존,3,404 (뉴 에라),놀0803 58:12* · 놀0808 1:35:51* · 놀0808 2:07:59* · 놀0814 52:03* · 놀0803 1:09:28~1:10:15 (순위 화면 — 자리 아님),5,알확정
S16,싱글존,4,조깅,놀0803 58:12* · 놀0808 1:35:51* · 놀0808 2:07:59* · 놀0803 1:09:28~1:10:15 (순위 화면 — 자리 아님),3,알확정
S16,싱글존,5,풀 문,놀0803 1:09:28~1:10:15 (순위 화면 — 자리 아님),1,눈판독
S16,싱글존,6,또다른 진심,놀0803 1:09:28~1:10:15 (순위 화면 — 자리 아님),1,눈판독
S16,싱글존,7,B3,놀0803 1:09:28~1:10:15 (순위 화면 — 자리 아님),1,눈판독
S16,싱글존,9,오버나이트 플라워,놀0808 1:35:58* · 놀0803 1:09:28~1:10:15 (순위 화면 — 자리 아님),1,알확정
S16,싱글존,10,레전더리 도미니언,놀0808 1:35:58* · 놀0803 1:09:28~1:10:15 (순위 화면 — 자리 아님),1,알확정
S16,싱글존,11,하이웨이 체이서,놀0808 1:35:58,1,알확정
S16,싱글존,12,이터널 유니버스,놀0808 1:35:58*,1,알확정
S16,싱글존,13,4NT,놀0808 1:35:58* · 놀0803 1:09:28~1:10:15 (순위 화면 — 자리 아님),1,알확정
S16,싱글존,14,얼티밋 아이즈,놀0803 1:09:28~1:10:15 (순위 화면 — 자리 아님),1,눈판독
S16,싱글존,16,베르사이유,놀0803 1:09:28~1:10:15 (순위 화면 — 자리 아님),1,눈판독
S16,싱글존,17,더 아포칼립스,놀0803 1:09:28~1:10:15 (순위 화면 — 자리 아님),1,눈판독
S16,싱글존,18,유포리아닉,놀0803 1:09:28~1:10:15 (순위 화면 — 자리 아님),1,눈판독
S16,싱글존,19,할로윈 파티 ~Multiverse~,놀0803 1:09:31*,1,알확정
S16,싱글존,20,그로스,놀0803 1:09:31* · 놀0803 1:09:28~1:10:15 (순위 화면 — 자리 아님),1,알확정
S16,싱글존,21,시,놀0803 1:09:31 · 놀0803 1:09:28~1:10:15 (순위 화면 — 자리 아님),1,알확정
S16,싱글존,22,결투,놀0803 1:09:31* · 놀0803 1:09:28~1:10:15 (순위 화면 — 자리 아님),1,알확정
S16,싱글존,23,리틀 먼치킨,놀0803 1:09:31* · 놀0803 1:09:28~1:10:15 (순위 화면 — 자리 아님),1,알확정
S16,싱글존,25,바버스 매드니스,놀0803 1:09:28~1:10:15 (순위 화면 — 자리 아님),1,눈판독
S16,싱글존,26,요! 세이!! 페어리!!!,놀0803 1:09:28~1:10:15 (순위 화면 — 자리 아님),1,눈판독
S16,싱글존,27,블루이쉬 로즈,놀0808 2:08:14*,1,알확정
S16,싱글존,28,록시아,놀0808 2:08:14* · 놀0803 1:09:28~1:10:15 (순위 화면 — 자리 아님),1,알확정
S16,싱글존,29,열정,놀0808 2:08:14 · 놀0803 1:09:28~1:10:15 (순위 화면 — 자리 아님),1,알확정
S16,싱글존,30,소닉 붐,놀0808 2:08:14* · 놀0808 2:08:19*,2,알확정
S16,싱글존,31,데카 댄스,놀0808 2:08:14* · 놀0808 2:08:19* · 놀0808 2:08:20*,3,알확정
S16,싱글존,32,뉴 로즈,놀0808 2:08:19 · 놀0808 2:08:20* · 놀0803 1:09:28~1:10:15 (순위 화면 — 자리 아님),2,알확정
S16,싱글존,33,아테나의 방패,놀0808 2:08:20 · 놀0808 2:08:19* · 놀0803 1:09:28~1:10:15 (순위 화면 — 자리 아님),2,알확정
S16,싱글존,34,머독 vs 오타다,놀0808 2:08:19* · 놀0808 2:08:20*,2,알확정
S16,싱글존,35,이매저너라이즈드 시티,놀0808 2:08:20* · 놀0803 1:09:28~1:10:15 (순위 화면 — 자리 아님),1,알확정
S16,싱글존,36,크림슨 후드,놀0803 1:09:28~1:10:15 (순위 화면 — 자리 아님),1,눈판독
S16,싱글존,39,트란사칼리아,놀0803 1:09:28~1:10:15 (순위 화면 — 자리 아님),1,눈판독
S16,싱글존,40,1949,놀0803 1:09:28~1:10:15 (순위 화면 — 자리 아님),1,눈판독
S16,싱글존,41,립톤 스트라이크,놀0803 1:09:28~1:10:15 (순위 화면 — 자리 아님),1,눈판독
S16,싱글존,42,아이올라이트 스카이,놀0803 1:09:28~1:10:15 (순위 화면 — 자리 아님),1,눈판독
S16,싱글존,43,금혼식,놀0803 1:09:28~1:10:15 (순위 화면 — 자리 아님),1,눈판독
S16,싱글존,44,까르멘 버스,놀0803 1:09:28~1:10:15 (순위 화면 — 자리 아님),1,눈판독
S16,싱글존,45,오르비트 스테빌라이저,놀0803 1:09:28~1:10:15 (순위 화면 — 자리 아님),1,눈판독
S16,싱글존,46,파괴,놀0803 1:09:28~1:10:15 (순위 화면 — 자리 아님),1,눈판독
S16,싱글존,47,위키드 레전드,놀0803 1:09:28~1:10:15 (순위 화면 — 자리 아님),1,눈판독
S16,싱글존,50,파이어 오브 데스티니,놀0803 1:09:28~1:10:15 (순위 화면 — 자리 아님),1,눈판독
S16,싱글존,53,아마겟돈,놀0803 1:09:28~1:10:15 (순위 화면 — 자리 아님),1,눈판독
S16,싱글존,54,리펜턴스,놀0803 1:09:28~1:10:15 (순위 화면 — 자리 아님),1,눈판독
S16,싱글존,57,슈브 니구라스,놀0803 1:09:28~1:10:15 (순위 화면 — 자리 아님),1,눈판독
S16,싱글존,58,퍼더,놀0803 1:09:28~1:10:15 (순위 화면 — 자리 아님),1,눈판독
S16,싱글존,61,브레이크 아웃,놀0803 1:09:28~1:10:15 (순위 화면 — 자리 아님),1,눈판독
S16,싱글존,62,사라반드,놀0803 1:09:28~1:10:15 (순위 화면 — 자리 아님),1,눈판독
S16,싱글존,75,메테오라이즈,놀0803 1:09:40*,1,알확정
S16,싱글존,76,슈퍼 판타지,놀0803 1:09:40*,1,알확정
S16,싱글존,77,1950,놀0803 1:09:40,1,알확정
S16,싱글존,78,어나이얼레이터 메소드,놀0803 1:09:40* · 놀0810 1:31:46*,2,알확정
S16,싱글존,79,포인트 제로 원,놀0803 1:09:40* · 놀0810 1:31:46*,2,알확정
S16,싱글존,80,레드 스노우,놀0810 1:31:46,1,알확정
S16,싱글존,81,캄파넬라,놀0810 1:31:46*,1,알확정
S16,싱글존,82,레미니센스,놀0810 1:31:46*,1,알확정
S16,싱글존,83,브레이크 잇 다운,놀0810 1:31:49*,1,알확정
S16,싱글존,84,엘리제,놀0810 1:31:49* · 놀0814 47:09*,2,알확정
S16,싱글존,85,이그니스 패터스(DM Ashura 믹스),놀0810 1:31:49 · 놀0814 47:09*,2,알확정
S16,싱글존,86,유니크,놀0814 47:09 · 놀0810 1:31:49*,2,알확정
S16,싱글존,87,루시드(PIU Edit),놀0810 1:31:49* · 놀0814 47:09* · 놀0814 47:11*,3,알확정
S16,싱글존,88,멘탈 라이더,놀0814 47:09* · 놀0814 47:11*,2,알확정
S16,싱글존,89,리얼리티,놀0814 47:11,1,알확정
S16,싱글존,90,오버블로우,놀0814 47:11*,1,알확정
S16,싱글존,91,조나단의 꿈,놀0814 47:11*,1,알확정
S16,싱글존,115,엔,놀0814 47:15*,1,알확정
S16,싱글존,116,베토벤 바이러스,놀0814 47:15*,1,알확정
S16,싱글존,117,사랑가,놀0814 47:15 · 놀0808 1:36:10*,2,알확정
S16,싱글존,118,크래쉬 랜딩 랑데부,놀0808 1:36:10* · 놀0814 47:15*,2,알확정
S16,싱글존,119,인피니트 에너지 -Overdoze-,놀0808 1:36:10 · 놀0814 47:15*,2,알확정
S16,싱글존,120,어바웃 더 유니버스,놀0808 1:36:10*,1,알확정
S16,싱글존,121,퍼페츄얼,놀0808 1:36:10*,1,알확정
S16,싱글존,124,굿텍,놀0803 1:09:50* · 놀0803 1:09:55* · 놀0803 1:10:00* · 놀0803 1:10:05*,6,알확정
S16,싱글존,125,에너지 시너지 매트릭스,놀0803 1:09:50* · 놀0803 1:09:55* · 놀0803 1:10:00* · 놀0803 1:10:05*,6,알확정
S16,싱글존,126,진폐증 ft. Kagamine Len/GUMI,놀0803 1:09:50 · 놀0803 1:09:55 · 놀0803 1:10:00 · 놀0803 1:10:05,6,알확정
S16,싱글존,127,굿바운스,놀0803 1:09:50* · 놀0803 1:09:55* · 놀0803 1:10:00* · 놀0803 1:10:05*,6,알확정
S16,싱글존,128,R.I.P.,놀0803 1:09:50* · 놀0803 1:09:55* · 놀0803 1:10:00* · 놀0803 1:10:05*,7,알확정
S16,싱글존,129,에모모모,놀0808 1:36:17*,1,알확정
S16,싱글존,130,러쉬-모어,놀0808 1:36:17,1,알확정
S16,싱글존,131,러쉬-아워,놀0808 1:36:17*,1,알확정
S16,싱글존,132,* 이 게임은 존재하지 않습니다 *,놀0808 1:36:17*,1,알확정
S16,싱글존,135,빅 대디,놀0814 47:55*,1,알확정
S16,싱글존,136,플래시 아웃,놀0814 47:55*,1,알확정
S16,싱글존,137,비코즈 오브 유,놀0814 47:55,1,알확정
S16,싱글존,138,비옐라의 악몽,놀0814 47:55*,1,알확정
S16,싱글존,139,쵸빗 플레이버,놀0814 47:55*,1,알확정
S16,싱글존,175,클루,놀0814 52:03* · 놀0814 52:04*,2,알확정
S16,싱글존,176,레드라인,놀0803 58:12* · 놀0808 1:35:51* · 놀0808 2:07:59* · 놀0814 52:03* · 놀0803 1:09:28~1:10:15 (순위 화면 — 자리 아님),5,알확정
S17,싱글존,2,고민중독,놀0803 3:10:52* · 놀0803 3:10:49~3:11:00 (정본 기준 -1칸),1,알확정
S17,싱글존,3,빌려온 고양이,놀0803 3:10:52* · 놀0803 3:10:49~3:11:00 (정본 기준 -1칸),1,알확정
S17,싱글존,4,스톰,놀0803 3:10:49~3:11:00 (정본 기준 -1칸),1,눈판독
S17,싱글존,5,비행기,놀0803 3:10:49~3:11:00 (정본 기준 -1칸),1,눈판독
S17,싱글존,6,노스텔지어,놀0803 3:10:49~3:11:00 (정본 기준 -1칸),1,눈판독
S17,싱글존,7,유 앤 아이,놀0803 3:10:49~3:11:00 (정본 기준 -1칸),1,눈판독
S17,싱글존,8,체이스 미,놀0803 3:10:49~3:11:00 (정본 기준 -1칸),1,눈판독
S17,싱글존,9,굿 나이트,놀0803 3:10:49~3:11:00 (정본 기준 -1칸),1,눈판독
S17,싱글존,10,디그니티,놀0803 3:10:49~3:11:00 (정본 기준 -1칸),1,눈판독
S17,싱글존,11,응징 레스토랑,놀0803 3:13:50* · 놀0803 3:13:51* · 놀0803 3:13:52* · 놀0803 3:13:55*,90,알확정
S17,싱글존,12,번 아웃,놀0803 3:13:50* · 놀0803 3:13:51* · 놀0803 3:13:52* · 놀0803 3:13:55*,90,알확정
S17,싱글존,13,쇼다운,놀0803 3:13:50 · 놀0803 3:13:51 · 놀0803 3:13:52 · 놀0803 3:13:55,90,알확정
S17,싱글존,14,붐!!,놀0803 3:13:50* · 놀0803 3:13:51* · 놀0803 3:13:52* · 놀0803 3:13:55*,90,알확정
S17,싱글존,15,쥬핀,놀0803 3:13:50* · 놀0803 3:13:51* · 놀0803 3:13:52* · 놀0803 3:13:55*,90,알확정
S17,싱글존,21,데몬 오브 라플라스,싱0810 1:11:07*,1,알확정
S17,싱글존,22,네오 카타르시스,싱0810 1:11:07*,1,알확정
S17,싱글존,23,메가하츠,싱0810 1:11:07,1,알확정
S17,싱글존,24,다크사이드 오브 더 마인드,싱0810 1:11:07*,1,알확정
S17,싱글존,25,E.O.N,싱0810 1:11:07*,1,알확정
S17,싱글존,54,라티노 바이러스,놀0814 47:37*,1,알확정
S17,싱글존,55,요그 소토스,놀0814 47:37*,1,알확정
S17,싱글존,56,포스 오브 라,놀0814 47:37,1,알확정
S17,싱글존,57,유 갓 미 크레이지,놀0814 47:37*,1,알확정
S17,싱글존,58,리키지 볼티지,놀0814 47:37*,1,알확정
S17,싱글존,81,데스티네이션,놀0814 47:42* · 놀0814 47:43*,2,알확정
S17,싱글존,82,테크 -클럽 코펜하겐-,놀0814 47:42* · 놀0814 47:43*,2,알확정
S17,싱글존,83,안녕 윌리엄,놀0814 47:42 · 놀0814 47:43,2,알확정
S17,싱글존,84,터키 행진곡 -미니멀튠즈-,놀0814 47:42* · 놀0814 47:43*,2,알확정
S17,싱글존,85,겟 업 (앤 고),놀0814 47:42* · 놀0814 47:43*,2,알확정
S17,싱글존,94,카프리스 오브 오타다,놀0814 47:33*,1,알확정
S17,싱글존,95,몽키 핑거즈 2,놀0814 47:33*,1,알확정
S17,싱글존,96,패스터 Z,놀0814 47:33,1,알확정
S17,싱글존,97,위치 닥터 #1,놀0814 47:33*,1,알확정
S17,싱글존,98,아크 오브 다크니스,놀0814 47:33*,1,알확정
S17,싱글존,118,올 아이 원트 포 크리스마스,놀0810 1:39:50* · 놀0810 1:39:51* · 놀0810 1:39:52* · 놀0810 1:39:55* · (근거 출처 미기재) (정본 기준 -1칸),15,알확정
S17,싱글존,119,베토벤 바이러스,놀0810 1:39:50* · 놀0810 1:39:51* · 놀0810 1:39:52* · 놀0810 1:39:55* · (근거 출처 미기재) (정본 기준 -1칸),15,알확정
S17,싱글존,120,무혼,놀0810 1:39:50 · 놀0810 1:39:51 · 놀0810 1:39:52 · 놀0810 1:39:55,15,알확정
S17,싱글존,121,터키 행진곡,놀0810 1:39:50* · 놀0810 1:39:51* · 놀0810 1:39:52* · 놀0810 1:39:55* · (근거 출처 미기재) (정본 기준 -1칸),15,알확정
S17,싱글존,122,프리덤 다이브,놀0810 1:39:50* · 놀0810 1:39:51* · 놀0810 1:39:52* · 놀0810 1:39:55* · (근거 출처 미기재) (정본 기준 -1칸),15,알확정
S17,싱글존,133,배틀 넘버원,싱0811 12:04* · 싱0811 12:09* · 싱0811 12:14* · 싱0811 12:19*,20,알확정
S17,싱글존,134,크로싱 델타,싱0811 12:04* · 싱0811 12:09* · 싱0811 12:14* · 싱0811 12:19*,20,알확정
S17,싱글존,135,클럽 나이트,싱0811 12:04 · 싱0811 12:09 · 싱0811 12:14 · 싱0811 12:19,20,알확정
S17,싱글존,136,인디스트럭터블,싱0811 12:04* · 싱0811 12:09* · 싱0811 12:14* · 싱0811 12:19*,20,알확정
S17,싱글존,137,크로스 소울,싱0811 12:04* · 싱0811 12:09* · 싱0811 12:14* · 싱0811 12:19*,20,알확정
S17,싱글존,146,더 레볼루션,놀0808 2:43:20*,1,알확정
S17,싱글존,147,셀피쉬니스,놀0808 2:43:20*,1,알확정
S17,싱글존,148,코스미컬 리듬,놀0808 2:43:20,1,알확정
S17,싱글존,149,돌리 키스,놀0808 2:43:20*,1,알확정
S17,싱글존,150,필 마이 해피니스,놀0808 2:43:20*,1,알확정
S17,싱글존,160,알레그로 콘 뿌오코,놀0808 1:36:41*,1,알확정
S17,싱글존,161,엑스 레이브,놀0808 1:36:41*,1,알확정
S17,싱글존,162,스멜스 라이크 어 초콜릿,놀0808 1:36:41,1,알확정
S17,싱글존,163,드림체이서즈,놀0808 1:36:41*,1,알확정
S17,싱글존,164,스위트 원더랜드,놀0808 1:36:41*,1,알확정
S17,싱글존,176,아스테리오스 -리엔트리-,놀0803 3:10:52*,1,알확정
S17,싱글존,177,도나텔로,놀0803 3:10:52*,1,알확정
S18,싱글존,2,뱅 뱅,놀0810 1:27:36 · 놀0814 51:00*,2,알확정
S18,싱글존,3,404 (뉴 에라),놀0810 1:27:36* · 놀0814 51:00*,2,알확정
S18,싱글존,4,조깅,놀0810 1:27:36*,1,알확정
S18,싱글존,9,블레이저,놀0808 1:40:06*,1,알확정
S18,싱글존,10,B3,놀0808 1:40:06* · 놀0808 1:40:07* · 놀0808 1:40:08* · 놀0808 1:40:09* · (근거 출처 미기재) (정본 기준 -1칸),5,알확정
S18,싱글존,11,디기탈리스,놀0808 1:40:06 · 놀0808 1:40:07* · 놀0808 1:40:08* · 놀0808 1:40:09* · (근거 출처 미기재) (정본 기준 -1칸),5,알확정
S18,싱글존,12,ESP,놀0808 1:40:07 · 놀0808 1:40:08 · 놀0808 1:40:09 · 놀0808 1:40:12,5,알확정
S18,싱글존,13,벡터,놀0808 1:40:06* · 놀0808 1:40:07* · 놀0808 1:40:08* · 놀0808 1:40:09* · (근거 출처 미기재) (정본 기준 -1칸),5,알확정
S18,싱글존,14,더 아포칼립스,놀0808 1:40:07* · 놀0808 1:40:08* · 놀0808 1:40:09* · 놀0808 1:40:12* · (근거 출처 미기재) (정본 기준 -1칸),4,알확정
S18,싱글존,22,"사이먼 세이즈, 유로댄스!! (feat. Sara☆M)",놀0810 3:09:42* · 놀0810 3:09:43* · 놀0810 3:09:47* · 놀0810 3:09:48*,11,알확정
S18,싱글존,23,바버스 매드니스,놀0810 3:09:42* · 놀0810 3:09:43* · 놀0810 3:09:47* · 놀0810 3:09:48*,11,알확정
S18,싱글존,24,프ㄹi마 마테ㄹi아,놀0810 3:09:42 · 놀0810 3:09:43 · 놀0810 3:09:47 · 놀0810 3:09:48,11,알확정
S18,싱글존,25,임페리움,놀0810 3:09:42* · 놀0810 3:09:43* · 놀0810 3:09:47* · 놀0810 3:09:48*,11,알확정
S18,싱글존,26,초악마황제,놀0810 1:31:24* · 놀0810 3:09:42* · 놀0810 3:09:43* · 놀0810 3:09:47*,12,알확정
S18,싱글존,27,큐리아서티 오버드라이브,놀0810 1:31:24*,1,알확정
S18,싱글존,28,카오스 어게인,놀0810 1:31:24,1,알확정
S18,싱글존,29,솔브 마이 허트,놀0810 1:31:24*,1,알확정
S18,싱글존,30,글리머 글림,놀0810 1:31:24*,1,알확정
S18,싱글존,58,유 갓 미 크레이지,놀0814 51:10*,1,알확정
S18,싱글존,59,B2,놀0814 51:10*,1,알확정
S18,싱글존,60,메테오라이즈,놀0814 51:10,1,알확정
S18,싱글존,61,암피트리온,놀0814 51:10*,1,알확정
S18,싱글존,62,레드 스완,놀0814 51:10*,1,알확정
S18,싱글존,98,파이널 오디션 2,놀0808 1:40:31* · 놀0808 1:40:32*,2,알확정
S18,싱글존,99,파이널 오디션,놀0808 1:40:31* · 놀0808 1:40:32* · 놀0808 1:40:34*,3,알확정
S18,싱글존,100,나이트시어터,놀0808 1:40:31 · 놀0808 1:40:32 · 놀0808 1:40:34*,3,알확정
S18,싱글존,101,인피니트 에너지 -Overdoze-,놀0808 1:40:34 · 놀0808 1:40:31* · 놀0808 1:40:32*,3,알확정
S18,싱글존,102,어바웃 더 유니버스,놀0808 1:40:31* · 놀0808 1:40:32* · 놀0808 1:40:34*,3,알확정
S18,싱글존,103,프렉쳐 텀퍼렐르,놀0808 1:40:34*,1,알확정
S18,싱글존,141,레이지 오브 파이어,싱0810 1:11:52*,1,알확정
S18,싱글존,142,듀얼 레이싱 <레드 vs 블루>,싱0810 1:11:52*,1,알확정
S18,싱글존,143,디멘트 ~에프터 레전드~,싱0810 1:11:52,1,알확정
S18,싱글존,144,크로스 타임,싱0810 1:11:52*,1,알확정
S18,싱글존,145,유령의 축제 2 (Sneak),싱0810 1:11:52*,1,알확정
S18,싱글존,149,비주얼 드림 2 (인 픽션),싱0810 1:11:12*,1,알확정
S18,싱글존,150,킵 온!,싱0810 1:11:12*,1,알확정
S18,싱글존,151,라 그랑 블루,싱0810 1:11:12,1,알확정
S18,싱글존,152,인피니티,싱0810 1:11:12*,1,알확정
S18,싱글존,153,고딕 레조넌스,싱0810 1:11:12*,1,알확정
S18,싱글존,156,레드라인,놀0814 51:00*,1,알확정
S18,싱글존,157,킬 뎀!,놀0810 1:27:36* · 놀0814 51:00*,2,알확정
S19,싱글존,2,풀 문,놀0814 51:31 · 놀0814 54:47*,2,알확정
S19,싱글존,3,더 라스트 리벨리온,놀0814 51:31* · 놀0814 54:47*,2,알확정
S19,싱글존,4,오버나이트 플라워,놀0814 51:31*,1,알확정
S19,싱글존,23,헤라클레스,놀0810 1:05:45* · 놀0810 1:05:52* · 놀0810 1:05:55* · 놀0810 1:06:15*,7,알확정
S19,싱글존,24,에렌델,놀0810 1:05:45* · 놀0810 1:05:52* · 놀0810 1:05:55* · 놀0810 1:06:15*,7,알확정
S19,싱글존,25,힘 오브 골든 글로리,놀0810 1:05:45 · 놀0810 1:05:52 · 놀0810 1:05:55 · 놀0810 1:06:15,7,알확정
S19,싱글존,26,아테나의 방패,놀0810 1:05:45* · 놀0810 1:05:52* · 놀0810 1:05:55* · 놀0810 1:06:15*,7,알확정
S19,싱글존,27,머독 vs 오타다,놀0810 1:05:45* · 놀0810 1:05:52* · 놀0810 1:05:55* · 놀0810 1:06:15*,7,알확정
S19,싱글존,29,트란사칼리아,놀0814 51:36*,1,알확정
S19,싱글존,30,디스트릭트 1,놀0814 51:36* · 놀0814 51:37*,2,알확정
S19,싱글존,31,슈가 플럼,놀0814 51:36 · 놀0814 51:37*,2,알확정
S19,싱글존,32,텔링 포츈 플라워,놀0814 51:37 · 놀0814 51:36*,2,알확정
S19,싱글존,33,니알라토텝,놀0814 51:36* · 놀0814 51:37*,2,알확정
S19,싱글존,34,립톤 스트라이크,놀0814 51:37*,1,알확정
S19,싱글존,57,포스 오브 라,놀0814 51:41*,1,알확정
S19,싱글존,58,레퀴엠,놀0814 51:41*,1,알확정
S19,싱글존,59,헤스티아,놀0814 51:41,1,알확정
S19,싱글존,60,슈퍼 판타지,놀0814 51:41*,1,알확정
S19,싱글존,61,설탕음모론,놀0814 51:41*,1,알확정
S19,싱글존,63,어나이얼레이터 메소드,놀0814 54:56*,1,알확정
S19,싱글존,64,스콜피온 킹,놀0814 54:56*,1,알확정
S19,싱글존,65,레드 스노우,놀0814 54:56,1,알확정
S19,싱글존,66,로봇 배틀,놀0814 54:56*,1,알확정
S19,싱글존,67,레미니센스,놀0814 54:56*,1,알확정
S19,싱글존,80,펌핑 점핑,놀0814 51:45* · 놀0814 51:46*,2,알확정
S19,싱글존,81,네이팜,놀0814 51:45* · 놀0814 51:46*,2,알확정
S19,싱글존,82,디제이 오타다,놀0814 51:45 · 놀0814 51:46,2,알확정
S19,싱글존,83,마이 드림즈,놀0814 51:45* · 놀0814 51:46*,2,알확정
S19,싱글존,84,카프리스 오브 오타다,놀0814 51:45* · 놀0814 51:46* · 놀0814 55:01*,3,알확정
S19,싱글존,85,패스터 Z,놀0814 55:01*,1,알확정
S19,싱글존,86,위치 닥터 #1,놀0814 55:01,1,알확정
S19,싱글존,87,키메라,놀0814 55:01*,1,알확정
S19,싱글존,88,파이널 오디션 에피소드 2-1,놀0814 55:01*,1,알확정
S19,싱글존,148,아스테리오스 -리엔트리-,놀0814 54:47*,1,알확정
S19,싱글존,149,어 사이트 데 라 루,놀0814 51:31* · 놀0814 54:47*,2,알확정
S20,싱글존,2,고민중독,놀0808 2:48:34* · 놀0808 3:10:16*,2,알확정
S20,싱글존,3,빌려온 고양이,놀0808 2:48:34* · 놀0808 3:10:16*,2,알확정
S20,싱글존,61,로그인,놀0808 2:55:07*,1,알확정
S20,싱글존,62,마왕,놀0808 2:55:07*,1,알확정
S20,싱글존,63,네이티브,놀0808 2:55:07,1,알확정
S20,싱글존,64,야근,놀0808 2:55:07*,1,알확정
S20,싱글존,65,엑스트리,놀0808 2:55:07*,1,알확정
S20,싱글존,74,월광,놀0808 2:55:10*,1,알확정
S20,싱글존,75,캐논 디,놀0808 2:55:10*,1,알확정
S20,싱글존,76,블레이징,놀0808 2:55:10,1,알확정
S20,싱글존,77,러브 이즈 어 데인저 존,놀0808 2:55:10*,1,알확정
S20,싱글존,78,미션 파서블,놀0808 2:55:10*,1,알확정
S20,싱글존,82,라젠스키 캉캉,놀0814 55:29*,1,알확정
S20,싱글존,83,롤링 크리스마스,놀0814 55:29*,1,알확정
S20,싱글존,84,미스터 라푸스,놀0814 55:29 · 놀0808 2:54:55* · 놀0808 2:54:59* · 놀0808 2:55:00*,4,알확정
S20,싱글존,85,바이너리 스타,놀0808 2:52:11* · 놀0808 2:54:55* · 놀0808 2:54:59* · 놀0808 2:55:00*,5,알확정
S20,싱글존,86,어바웃 더 유니버스,놀0808 2:54:55 · 놀0808 2:54:59 · 놀0808 2:55:00 · 놀0808 2:52:11*,10,알확정
S20,싱글존,87,댄싱,놀0808 2:52:11 · 놀0808 2:54:54* · 놀0808 2:54:55* · 놀0808 2:54:56*,9,알확정
S20,싱글존,88,휴먼 익스팅션 (PIU Edit.),놀0808 2:54:54 · 놀0808 2:54:56 · 놀0808 2:55:01 · 놀0808 2:55:04,9,알확정
S20,싱글존,89,댓 키티 (PIU Edit.),놀0808 2:51:52* · 놀0808 2:51:53* · 놀0808 2:51:57* · 놀0808 2:51:58*,13,알확정
S20,싱글존,90,네이드 네이드,놀0808 2:51:52* · 놀0808 2:51:53* · 놀0808 2:51:57* · 놀0808 2:51:58*,12,알확정
S20,싱글존,91,에너지 시너지 매트릭스,놀0808 2:51:52 · 놀0808 2:51:53 · 놀0808 2:51:57 · 놀0808 2:51:58,8,알확정
S20,싱글존,92,밀크,놀0808 2:51:50* · 놀0808 2:51:52* · 놀0808 2:51:53* · 놀0808 2:51:57*,8,알확정
S20,싱글존,93,진폐증 ft. Kagamine Len/GUMI,놀0808 2:51:50 · 놀0808 2:51:52* · 놀0808 2:51:53* · 놀0808 2:51:57*,8,알확정
S20,싱글존,94,굿바운스,놀0808 2:51:50* · 놀0808 3:10:30*,2,알확정
S20,싱글존,95,앨리스 인 미산트로프,놀0808 2:51:50* · 놀0808 3:10:30*,2,알확정
S20,싱글존,96,러쉬-아워,놀0808 3:10:30,1,알확정
S20,싱글존,97,* 이 게임은 존재하지 않습니다 *,놀0808 3:10:30*,1,알확정
S20,싱글존,98,지젤,놀0808 2:51:45* · 놀0808 3:10:30*,2,알확정
S20,싱글존,99,스푸키 마카롱,놀0808 2:51:45*,1,알확정
S20,싱글존,100,할시온,놀0808 2:51:45,1,알확정
S20,싱글존,101,오딘,놀0808 2:51:45*,1,알확정
S20,싱글존,102,익스트림 음악학원 1교시  feat. Nanahira,놀0808 2:51:45*,1,알확정
S20,싱글존,104,솔저스 (TANO*C W TEAM RED ANTHEM),놀0808 2:51:40*,1,알확정
S20,싱글존,105,크로싱 델타,놀0808 2:51:40*,1,알확정
S20,싱글존,106,8 6,놀0808 2:51:40,1,알확정
S20,싱글존,107,크로스 소울,놀0808 2:51:40*,1,알확정
S20,싱글존,108,글로리아,놀0808 2:51:40*,1,알확정
S20,싱글존,109,시간의 회랑 라비린스,놀0808 3:10:22*,1,알확정
S20,싱글존,110,유토피아,놀0808 1:09:38* · 놀0808 3:10:22*,2,알확정
S20,싱글존,111,네크로맨시,놀0808 3:10:22 · 놀0808 1:09:38*,2,알확정
S20,싱글존,112,드림체이서즈,놀0808 1:09:38 · 놀0808 3:10:22*,2,알확정
S20,싱글존,113,슈퍼☆하라구로☆팝,놀0808 1:09:38* · 놀0808 3:10:22*,2,알확정
S20,싱글존,114,레이지 오브 파이어,놀0808 1:09:38*,1,알확정
S20,싱글존,116,오버 더 호라이즌,놀0808 1:09:26* · 놀0808 1:09:29* · 놀0808 1:09:30* · 놀0808 1:09:31*,4,알확정
S20,싱글존,117,로키,놀0808 1:09:26* · 놀0808 1:09:29* · 놀0808 1:09:30* · 놀0808 1:09:31*,4,알확정
S20,싱글존,118,유령의 축제 2 (Sneak),놀0808 1:09:26 · 놀0808 1:09:29 · 놀0808 1:09:30 · 놀0808 1:09:31,4,알확정
S20,싱글존,119,사월,놀0808 1:09:26* · 놀0808 1:09:29* · 놀0808 1:09:30* · 놀0808 1:09:31*,6,알확정
S20,싱글존,120,라 그랑 블루,놀0808 1:09:26* · 놀0808 1:09:29* · 놀0808 1:09:30* · 놀0808 1:09:31*,6,알확정
S21,싱글존,2,뱅 뱅,놀0814 55:36 · 놀0825 7:33:15 · 놀0808 1:12:16* · 놀0808 2:55:21*,6,알확정
S21,싱글존,3,404 (뉴 에라),놀0808 1:12:16* · 놀0808 2:55:21* · 놀0814 55:36* · 놀0825 7:33:15*,6,알확정
S21,싱글존,4,풀 문,놀0814 55:36* · 놀0825 7:33:15*,3,알확정
S21,싱글존,16,데드 엔드,놀0808 3:10:03* · 놀0808 3:10:05* · 놀0808 3:10:08* · 놀0808 3:10:10*,8,알확정
S21,싱글존,17,스타드림 -Eurobeat Remix-,놀0808 3:10:03* · 놀0808 3:10:05* · 놀0808 3:10:08* · 놀0808 3:10:10*,8,알확정
S21,싱글존,18,1948,놀0808 3:10:03 · 놀0808 3:10:05 · 놀0808 3:10:08 · 놀0808 3:10:10,8,알확정
S21,싱글존,19,결투,놀0808 3:10:03* · 놀0808 3:10:05* · 놀0808 3:10:08* · 놀0808 3:10:10*,8,알확정
S21,싱글존,20,솔페지에토,놀0808 3:10:03* · 놀0808 3:10:05* · 놀0808 3:10:08* · 놀0808 3:10:10*,8,알확정
S21,싱글존,39,하트 래빗 코스터,놀0808 1:12:27*,2,알확정
S21,싱글존,40,립톤 스트라이크,놀0808 1:12:27*,2,알확정
S21,싱글존,41,라 그랑드 루즈,놀0808 1:12:27,2,알확정
S21,싱글존,42,까르멘 버스,놀0808 1:12:27*,2,알확정
S21,싱글존,43,포세이돈,놀0808 1:12:27*,2,알확정
S21,싱글존,49,더 레버리,놀0825 7:33:21*,1,표지확정(크기전용)
S21,싱글존,50,시그너스,놀0825 7:33:21*,1,표지확정(크기전용)
S21,싱글존,51,갓 모드 2.0 feat. Skizzo,놀0825 7:33:21,1,표지확정(크기전용)
S21,싱글존,52,슈브 니구라스,놀0825 7:33:21*,1,표지확정(크기전용)
S21,싱글존,53,사라반드,놀0825 7:33:21*,1,표지확정(크기전용)
S21,싱글존,78,비트 오브 더 워,놀0808 3:06:54*,2,알확정
S21,싱글존,79,부크,놀0808 3:06:54*,2,알확정
S21,싱글존,80,파이널 오디션 에피소드 1,놀0808 3:06:54,2,알확정
S21,싱글존,81,베토벤 바이러스,놀0808 3:06:54*,2,알확정
S21,싱글존,82,태동,놀0808 3:06:54*,2,알확정
S21,싱글존,86,퍼페츄얼,놀0808 3:06:35*,2,알확정
S21,싱글존,87,프렉쳐 텀퍼렐르,놀0808 3:06:35*,2,알확정
S21,싱글존,88,카타스트로피,놀0808 3:06:35 · 놀0814 55:54*,3,알확정
S21,싱글존,89,휴먼 익스팅션 (PIU Edit.),놀0808 3:06:35* · 놀0814 55:54*,3,알확정
S21,싱글존,90,굿텍,놀0814 55:54 · 놀0808 3:06:35*,3,알확정
S21,싱글존,91,코스믹 레일로드,놀0814 55:54*,1,표지확정(크기전용)
S21,싱글존,92,어콰이어,놀0814 55:54*,1,표지확정(크기전용)
S21,싱글존,94,푸파,놀0808 3:06:36*,2,알확정
S21,싱글존,95,빅 대디,놀0808 3:06:36*,2,알확정
S21,싱글존,96,플래시 아웃,놀0808 3:06:36,2,알확정
S21,싱글존,97,비코즈 오브 유,놀0808 3:06:36*,2,알확정
S21,싱글존,98,†도프†센시†,놀0808 3:06:36*,2,알확정
S21,싱글존,102,호랑풍류가,놀0808 3:06:32*,2,알확정
S21,싱글존,103,팝 시퀀스,놀0808 3:06:32*,2,알확정
S21,싱글존,104,브로큰 카르마 (PIU EDIT),놀0808 3:06:32,2,알확정
S21,싱글존,105,프렌드,놀0808 3:06:32*,2,알확정
S21,싱글존,106,데인저 & 데인저,놀0808 3:06:32*,2,알확정
S21,싱글존,114,라그나로크,놀0808 3:06:26* · 놀0814 55:57* · 놀0814 55:58*,6,알확정
S21,싱글존,115,까랴위사따,놀0808 3:06:26* · 놀0814 55:57* · 놀0814 55:58*,6,알확정
S21,싱글존,116,임프린팅,놀0808 3:06:26 · 놀0814 55:57 · 놀0814 55:58,6,알확정
S21,싱글존,117,프라임,놀0808 3:06:26* · 놀0814 55:57* · 놀0814 55:58*,6,알확정
S21,싱글존,118,저스트 홀드 온 (To All Fighters),놀0808 3:06:26* · 놀0814 55:57* · 놀0814 55:58*,6,알확정
S21,싱글존,129,BS파워 익스플로전,놀0808 3:06:19*,2,알확정
S21,싱글존,130,킵 온!,놀0808 3:06:19*,2,알확정
S21,싱글존,131,인피니티,놀0808 3:06:19 · 놀0808 1:12:16* · 놀0808 2:55:21*,5,알확정
S21,싱글존,132,고딕 레조넌스,놀0808 1:12:16* · 놀0808 2:55:21* · 놀0808 3:06:19* · 놀0814 55:36*,8,알확정
S22,싱글존,2,고민중독,놀0814 56:00*,1,알확정
S22,싱글존,3,디그니티,놀0814 56:00*,1,알확정
S22,싱글존,14,솔페지에토,놀0814 59:11*,1,알확정
S22,싱글존,15,머독,놀0814 59:11*,1,알확정
S22,싱글존,16,바버스 매드니스,놀0814 59:11,1,알확정
S22,싱글존,17,임페리움,놀0814 59:11*,1,알확정
S22,싱글존,18,네오 카타르시스,놀0814 59:11*,1,알확정
S22,싱글존,36,퍼더,놀0814 59:14*,1,알확정
S22,싱글존,37,어웨이크닝,놀0814 59:14*,1,알확정
S22,싱글존,38,캇코이,놀0814 59:14,1,알확정
S22,싱글존,39,아발란치,놀0814 59:14*,1,알확정
S22,싱글존,40,히아신스,놀0814 59:14*,1,알확정
S22,싱글존,81,브레인 파워,놀0814 59:23*,1,알확정
S22,싱글존,82,아클루오이아스,놀0814 59:23*,1,알확정
S22,싱글존,83,비디오 아웃 씨,놀0814 59:23,1,알확정
S22,싱글존,84,요로피쿠 피쿠요로!,놀0814 59:23*,1,알확정
S22,싱글존,85,하드코어 오브 더 노스,놀0814 59:23*,1,알확정
S22,싱글존,91,베들램,놀0814 56:00*,1,알확정
S22,싱글존,92,도나텔로,놀0814 56:00*,1,알확정
S23,싱글존,9,데드 엔드,놀0808 1:15:33* · 놀0808 1:15:34*,2,알확정
S23,싱글존,10,추격,놀0808 1:15:33* · 놀0808 1:15:34*,2,알확정
S23,싱글존,11,소닉 붐,놀0808 1:15:33 · 놀0808 1:15:34,2,알확정
S23,싱글존,12,메가하츠,놀0808 1:15:33* · 놀0808 1:15:34*,2,알확정
S23,싱글존,13,다크사이드 오브 더 마인드,놀0808 1:15:33* · 놀0808 1:15:34*,2,알확정
S23,싱글존,27,진공,놀0808 1:15:23* · 놀0808 1:15:25*,2,알확정
S23,싱글존,28,키메라,놀0808 1:15:23* · 놀0808 1:15:25*,2,알확정
S23,싱글존,29,파이널 오디션 에피소드 2-2,놀0808 1:15:23 · 놀0808 1:15:25,2,알확정
S23,싱글존,30,인피니트 에너지 -Overdoze-,놀0808 1:15:23* · 놀0808 1:15:25*,2,알확정
S23,싱글존,31,갤럭시 컬랩스,놀0808 1:15:23* · 놀0808 1:15:25*,2,알확정
S24,싱글존,5,초악마황제,놀0814 59:39*,1,알확정
S24,싱글존,6,카오스 어게인,놀0814 59:39*,1,알확정
S24,싱글존,7,헤라클레스,놀0814 59:39,1,알확정
S24,싱글존,8,크림슨 후드,놀0814 59:39*,1,알확정
S24,싱글존,9,도플갱어,놀0814 59:39*,1,알확정
S24,싱글존,12,퍼더,놀0814 59:43*,1,알확정
S24,싱글존,13,이스케이프,놀0814 59:43*,1,알확정
S24,싱글존,14,파이널 오디션 에피소드 2-X,놀0814 59:43,1,알확정
S24,싱글존,15,콰투오룩스,놀0814 59:43*,1,알확정
S24,싱글존,16,프렉쳐 텀퍼렐르,놀0814 59:43*,1,알확정
S25,싱글존,2,레전더리 도미니언,놀0808 58:25*,1,알확정
S25,싱글존,3,꼭두각시,놀0808 58:25*,1,알확정
S25,싱글존,7,열정,놀0814 59:54*,1,알확정
S25,싱글존,8,힘 오브 골든 글로리,놀0808 1:01:02* · 놀0808 1:01:05* · 놀0808 1:49:48* · 놀0814 59:54*,4,알확정
S25,싱글존,9,1950,놀0814 59:54 · 놀0808 1:01:02* · 놀0808 1:01:05* · 놀0808 1:49:48*,4,알확정
S25,싱글존,10,프리덤 다이브,놀0808 1:01:02 · 놀0808 1:01:05 · 놀0808 1:49:48 · 놀0808 58:25*,5,알확정
S25,싱글존,11,얼티메이텀,놀0808 58:25* · 놀0808 1:01:02* · 놀0808 1:01:05* · 놀0808 1:49:48*,5,알확정
D5,더블존,1,포가튼 뱀파이어,놀0814 1:00:04 · 놀0825 7:44:41 · 놀0808 27:07* · 놀0808 27:11*,8,알확정
D5,더블존,2,유 갓 미 크레이지,놀0808 27:20* · 놀0814 1:00:04* · 놀0814 1:00:09* · 놀0825 7:44:41*,7,알확정
D5,더블존,3,블레이즈 이모션 (Band version),놀0808 27:09* · 놀0808 27:20* · 놀0814 1:00:04* · 놀0814 1:00:09*,9,알확정
D5,더블존,4,브레이크 잇 다운,놀0808 27:20 · 놀0814 1:00:09 · 놀0825 7:44:45 · 놀0808 27:07*,13,알확정
D5,더블존,5,유 갓 미 락킹,놀0808 27:09 · 놀0808 27:07* · 놀0808 27:11* · 놀0808 27:13*,13,알확정
D5,더블존,6,롤링 크리스마스,놀0808 27:07 · 놀0808 27:11 · 놀0808 27:13 · 놀0808 27:09*,15,알확정
D5,더블존,7,스타더스트 오버드라이브,놀0808 27:07* · 놀0808 27:09* · 놀0808 27:11* · 놀0808 27:13*,10,알확정
D6,더블존,2,굿 나이트,놀0814 1:11:03* · 놀0814 1:11:04*,2,알확정
D6,더블존,3,블루이쉬 로즈,놀0808 27:29* · 놀0814 1:11:03* · 놀0814 1:11:04*,3,알확정
D6,더블존,4,아이 원트 유,놀0808 27:29*,1,알확정
D6,더블존,5,트로피카닉,놀0808 27:29,1,알확정
D6,더블존,6,리무버블 디스코,놀0808 27:29*,1,알확정
D6,더블존,7,유 어게인 마이 러브,놀0808 27:29*,1,알확정
D6,더블존,11,돌리 키스,놀0814 1:11:10*,1,알확정
D6,더블존,12,필 마이 해피니스,놀0814 1:11:10*,1,알확정
D6,더블존,13,아마이 유우와쿠 데인저러스,놀0814 1:11:10,1,알확정
D6,더블존,14,요로피쿠 피쿠요로!,놀0814 1:11:03* · 놀0814 1:11:04* · 놀0814 1:11:10*,3,알확정
D6,더블존,15,키티 캣,놀0814 1:11:03* · 놀0814 1:11:04* · 놀0814 1:11:10*,3,알확정
D7,더블존,2,빌려온 고양이,놀0808 27:35*,1,알확정
D7,더블존,3,조깅,놀0808 27:35*,1,알확정
D7,더블존,4,웨딩 크래셔,놀0808 27:35,1,알확정
D7,더블존,5,트란사칼리아,놀0808 27:35*,1,알확정
D7,더블존,6,디 엔드 오브 더 월드 ft. Skizzo,놀0808 27:35*,1,알확정
D8,더블존,1,스톰,놀0814 1:11:23 · 놀0808 27:40* · 놀0808 27:41*,3,알확정
D8,더블존,2,비행기,놀0808 27:40* · 놀0808 27:41* · 놀0808 27:43* · 놀0814 1:11:23*,4,알확정
D8,더블존,3,포세이돈,놀0808 27:40 · 놀0808 27:41 · 놀0808 27:43* · 놀0814 1:11:23*,4,알확정
D8,더블존,4,라스트 리버스,놀0808 27:43 · 놀0808 27:40* · 놀0808 27:41*,3,알확정
D8,더블존,5,실버 비트 feat. ChisaUezono,놀0808 27:40* · 놀0808 27:41* · 놀0808 27:43*,3,알확정
D8,더블존,6,오버블로우2,놀0808 27:43*,1,알확정
D8,더블존,11,히글디 피글디,놀0814 1:11:30*,1,알확정
D8,더블존,12,미션 파서블,놀0814 1:11:30*,1,알확정
D8,더블존,13,올 아이 원트 포 크리스마스,놀0814 1:11:30,1,알확정
D8,더블존,14,라라,놀0814 1:11:30*,1,알확정
D8,더블존,15,브레인 파워,놀0814 1:11:30*,1,알확정
D8,더블존,16,하우스플랜,놀0814 1:11:23*,1,알확정
D8,더블존,17,아스테리오스 -리엔트리-,놀0814 1:11:23*,1,알확정
D9,더블존,2,라크리모사,놀0808 27:50 · 놀0814 1:11:33 · 놀0808 27:54*,3,알확정
D9,더블존,3,퍼센트 엑스,놀0808 27:50* · 놀0808 27:54* · 놀0814 1:11:33*,3,알확정
D9,더블존,4,갓 모드 feat. skizzo,놀0808 27:54 · 놀0808 27:50* · 놀0814 1:11:33*,3,알확정
D9,더블존,5,브링 백 더 비트,놀0808 27:54* · 놀0814 1:11:36*,2,알확정
D9,더블존,6,어웨이크닝,놀0808 27:54* · 놀0814 1:11:36* · 놀0814 1:15:18*,3,알확정
D9,더블존,7,메테오라이즈,놀0814 1:11:36 · 놀0814 1:15:18*,2,알확정
D9,더블존,8,매드 사이언스,놀0814 1:15:18 · 놀0814 1:11:36*,2,알확정
D9,더블존,9,펌핑 점핑,놀0814 1:11:36* · 놀0814 1:15:18*,2,알확정
D9,더블존,10,건락,놀0814 1:15:18*,1,알확정
D9,더블존,16,크리스마스의 기억,놀0808 27:50* · 놀0814 1:11:33*,2,알확정
D10,더블존,2,노스텔지어,놀0814 1:11:42 · 놀0808 31:06* · 놀0808 31:08*,3,알확정
D10,더블존,3,날아올라,놀0808 31:06 · 놀0808 31:08* · 놀0814 1:11:42*,3,알확정
D10,더블존,4,슬램,놀0808 31:08 · 놀0808 31:06* · 놀0814 1:11:42*,3,알확정
D10,더블존,5,또다른 진심,놀0808 31:06* · 놀0808 31:08*,2,알확정
D10,더블존,6,스위트로닉,놀0808 31:08*,1,알확정
D10,더블존,35,킬 뎀!,놀0814 1:11:42*,1,알확정
D11,더블존,4,쇼다운,놀0814 1:12:00*,1,알확정
D11,더블존,5,솔페지에토,놀0814 1:12:00*,1,알확정
D11,더블존,6,리틀 먼치킨,놀0814 1:12:00,1,알확정
D11,더블존,7,슈가 플럼,놀0814 1:12:00*,1,알확정
D11,더블존,8,립톤 스트라이크,놀0814 1:12:00*,1,알확정
D11,더블존,11,파파시토 (feat. KuTiNA),놀0814 1:12:04*,1,알확정
D11,더블존,12,파이어 오브 데스티니,놀0814 1:12:04*,1,알확정
D11,더블존,13,포가튼 뱀파이어,놀0814 1:12:04,1,알확정
D11,더블존,14,사라반드,놀0814 1:12:04*,1,알확정
D11,더블존,15,우츠시요 노 카제 feat. Kana,놀0814 1:12:04*,1,알확정
D11,더블존,29,러브 이즈 어 데인저 존,놀0814 1:12:12*,1,알확정
D11,더블존,30,위 윌 밋 어게인,놀0814 1:12:12*,1,알확정
D11,더블존,31,오! 로사,놀0814 1:12:12,1,알확정
D11,더블존,32,그녀는 피자를 좋아해,놀0814 1:12:12*,1,알확정
D11,더블존,33,밀크,놀0814 1:12:12*,1,알확정
D11,더블존,35,폴른 엔젤,놀0814 1:12:14*,1,알확정
D11,더블존,36,락 더 하우스,놀0814 1:12:14*,1,알확정
D11,더블존,37,코스미컬 리듬,놀0814 1:12:14,1,알확정
D11,더블존,38,배드 애플!! feat. Nomico,놀0814 1:12:14*,1,알확정
D11,더블존,39,아이디얼라이즈드 로맨스,놀0814 1:12:14*,1,알확정
D12,더블존,20,슈퍼 판타지,놀0814 1:15:27*,1,알확정
D12,더블존,21,바이올렛 퍼퓸,놀0814 1:15:27*,1,알확정
D12,더블존,22,레드 스완,놀0814 1:15:27,1,알확정
D12,더블존,23,알레그로 피유 모쏘,놀0814 1:15:27*,1,알확정
D12,더블존,24,무브 댓 바디!,놀0814 1:15:27*,1,알확정
D13,더블존,2,하이웨이 체이서,놀0808 31:19*,1,알확정
D13,더블존,3,번 아웃,놀0808 31:19*,1,알확정
D13,더블존,4,얼티밋 아이즈,놀0808 31:19,1,알확정
D13,더블존,5,베르사이유,놀0808 31:19*,1,알확정
D13,더블존,6,더 아포칼립스,놀0808 31:19*,1,알확정
D13,더블존,76,유토피아,놀0814 1:15:57*,1,알확정
D13,더블존,77,엑스 레이브,놀0814 1:15:57*,1,알확정
D13,더블존,78,듀얼 레이싱 <레드 vs 블루>,놀0814 1:15:57,1,알확정
D13,더블존,79,일 더하기 일은 귀요미,놀0814 1:15:57*,1,알확정
D13,더블존,80,BS파워 익스플로전,놀0814 1:15:57*,1,알확정
D14,더블존,1,풀 문,놀0808 31:22,1,알확정
D14,더블존,2,응징 레스토랑,놀0808 31:22*,1,알확정
D14,더블존,3,4NT,놀0808 31:22*,1,알확정
D14,더블존,54,천년이 지나서,놀0814 1:16:12*,1,알확정
D14,더블존,55,데인저 & 데인저,놀0814 1:16:12*,1,알확정
D14,더블존,56,브레인 파워,놀0814 1:16:12,1,알확정
D14,더블존,57,임프린팅,놀0814 1:16:12*,1,알확정
D14,더블존,58,퀸 오브 더 레드,놀0814 1:16:12*,1,알확정
D14,더블존,61,스위트 원더랜드,놀0808 31:22*,1,알확정
D14,더블존,62,어 사이트 데 라 루,놀0808 31:22*,1,알확정
D15,더블존,2,노스텔지어,놀0808 31:27 · 놀0808 31:30*,2,알확정
D15,더블존,3,유 앤 아이,놀0808 31:27* · 놀0808 31:30*,2,알확정
D15,더블존,4,사월의 축제,놀0808 31:30 · 놀0808 31:27*,2,알확정
D15,더블존,5,벡터,놀0808 31:30*,1,알확정
D15,더블존,6,플레이버 스텝!,놀0808 31:30*,1,알확정
D15,더블존,79,베들램,놀0808 31:27*,1,알확정
D16,더블존,2,빌려온 고양이,싱0810 1:27:41*,1,알확정
D16,더블존,3,비행기,싱0810 1:27:41*,1,알확정
D16,더블존,4,조깅,싱0810 1:27:41 · 싱0810 1:27:42*,2,알확정
D16,더블존,5,타이밍,싱0810 1:27:41* · 싱0810 1:27:42*,2,알확정
D16,더블존,6,날아올라,싱0810 1:27:42 · 싱0810 1:27:41*,2,알확정
D16,더블존,7,디기탈리스,싱0810 1:27:42* · 싱0810 1:27:44* · 싱0810 1:27:47* · (근거 출처 미기재),3,알확정
D16,더블존,8,ESP,싱0810 1:27:42* · 싱0810 1:27:44* · 싱0810 1:27:47* · (근거 출처 미기재),3,알확정
D16,더블존,9,더 아포칼립스,싱0810 1:27:44 · 싱0810 1:27:47,2,알확정
D16,더블존,10,쇼다운,싱0810 1:27:44* · 싱0810 1:27:47* · (근거 출처 미기재),2,알확정
D16,더블존,11,붐!!,싱0810 1:27:44* · 싱0810 1:27:47* · (근거 출처 미기재),2,알확정
D16,더블존,16,스위트로닉,싱0811 3:20* · 싱0811 3:24*,2,알확정
D16,더블존,17,오블리터레이션,놀0814 1:19:57* · 싱0811 3:20* · 싱0811 3:24*,3,알확정
D16,더블존,18,포세이돈,싱0811 3:20 · 싱0811 3:24 · 놀0814 1:19:57*,3,알확정
D16,더블존,19,클레마티스 랩소디아,놀0814 1:19:57 · 싱0811 3:20* · 싱0811 3:24*,3,알확정
D16,더블존,20,스타드림 (feat. Romelon),놀0814 1:19:57* · 싱0811 3:20* · 싱0811 3:24*,3,알확정
D16,더블존,21,파파시토 (feat. KuTiNA),놀0814 1:19:57*,1,알확정
D16,더블존,27,스콜피온 킹,싱0811 1:07:49*,1,알확정
D16,더블존,28,유 어게인 마이 러브,싱0811 1:07:49*,1,알확정
D16,더블존,29,모멘트 데이,싱0811 1:07:49,1,알확정
D16,더블존,30,러브 이즈 어 데인저 존(Cranky 믹스),싱0811 1:07:49*,1,알확정
D16,더블존,31,힙노시스(SynthWulf 믹스),싱0811 1:07:49*,1,알확정
D16,더블존,54,알테일,싱0811 1:11:50* · 싱0811 1:11:51* · 싱0811 1:11:52* · 싱0811 1:11:55* · 싱0811 1:12:10,19,알확정
D16,더블존,55,이렐리아,싱0811 1:11:50* · 싱0811 1:11:51* · 싱0811 1:11:52* · 싱0811 1:11:55* · 싱0811 1:12:10,19,알확정
D16,더블존,56,R.I.P.,싱0811 1:11:50 · 싱0811 1:11:51 · 싱0811 1:11:52 · 싱0811 1:11:55 · 싱0811 1:12:10,19,알확정
D16,더블존,57,푸파,싱0811 1:11:50* · 싱0811 1:11:51* · 싱0811 1:11:52* · 싱0811 1:11:55* · 싱0811 1:12:10,19,알확정
D16,더블존,58,스테이저,싱0811 1:11:50* · 싱0811 1:11:51* · 싱0811 1:11:52* · 싱0811 1:11:55* · 싱0811 1:12:10,19,알확정
D16,더블존,65,꺼림칙한,놀0814 1:20:02*,1,알확정
D16,더블존,66,폴른 엔젤,놀0814 1:20:02*,1,알확정
D16,더블존,67,돌리 키스,놀0814 1:20:02,1,알확정
D16,더블존,68,마타도르,놀0814 1:20:02*,1,알확정
D16,더블존,69,스타더스트 오버드라이브,놀0814 1:20:02*,1,알확정
D17,더블존,2,404 (뉴 에라),놀0814 1:20:32* · 놀0814 1:20:11,1,알확정
D17,더블존,3,스톰,놀0814 1:20:11,1,눈판독
D17,더블존,16,슈가 플럼,놀0814 1:20:15*,1,알확정
D17,더블존,17,니알라토텝,놀0814 1:20:15*,1,알확정
D17,더블존,18,립톤 스트라이크,놀0814 1:20:15,1,알확정
D17,더블존,19,금혼식,놀0814 1:20:15*,1,알확정
D17,더블존,20,아이스 오브 데스,놀0814 1:20:15*,1,알확정
D17,더블존,24,리펜턴스,싱0811 3:33*,1,알확정
D17,더블존,25,라스트 리버스,싱0811 3:33*,1,알확정
D17,더블존,26,갓 모드 feat. skizzo,싱0811 3:33,1,알확정
D17,더블존,27,퍼더,싱0811 3:33*,1,알확정
D17,더블존,28,아르카나 포스,싱0811 3:33*,1,알확정
D17,더블존,31,어웨이크닝,싱0811 3:37*,1,알확정
D17,더블존,32,메테오라이즈,싱0811 3:37*,1,알확정
D17,더블존,33,포인트 제로 원,싱0811 3:37,1,알확정
D17,더블존,34,캄파넬라,싱0811 3:37*,1,알확정
D17,더블존,35,레미니센스,싱0811 3:37*,1,알확정
D17,더블존,36,브레이크 잇 다운,싱0811 4:32*,2,알확정
D17,더블존,37,엘리제,싱0811 3:42* · 싱0811 4:32*,3,알확정
D17,더블존,38,이그니스 패터스(DM Ashura 믹스),싱0811 4:32 · 싱0811 3:42*,3,알확정
D17,더블존,39,팔로우 미,싱0811 3:42 · 싱0811 4:32*,3,알확정
D17,더블존,40,버터플라이,싱0811 3:42* · 싱0811 4:32*,3,알확정
D17,더블존,41,헝가리 무곡 V,싱0811 3:42*,1,알확정
D17,더블존,65,파이널 오디션,싱0811 3:53*,1,알확정
D17,더블존,66,크래쉬 랜딩 랑데부,싱0811 3:53*,1,알확정
D17,더블존,67,콰투오룩스,싱0811 3:53,1,알확정
D17,더블존,68,댄싱,싱0811 3:53*,1,알확정
D17,더블존,69,러쉬-모어,싱0811 3:53*,1,알확정
D17,더블존,71,아라가미,싱0811 3:56*,1,알확정
D17,더블존,72,빅 대디,싱0811 3:56*,1,알확정
D17,더블존,73,비코즈 오브 유,싱0811 3:56 · 싱0811 3:58* · 싱0811 4:39* · 싱0811 4:00,4,알확정
D17,더블존,74,브레이크 스루 마이셀프 feat. Risa Yuzuki,싱0811 3:56* · 싱0811 3:58* · 싱0811 4:39* · 싱0811 4:00,4,알확정
D17,더블존,75,쵸빗 플레이버,싱0811 3:58 · 싱0811 4:39 · 싱0811 3:56* · 싱0811 4:03* · 싱0811 4:03,5,알확정
D17,더블존,76,얼라이브,싱0811 3:58* · 싱0811 4:03* · 싱0811 4:39* · 싱0811 4:00,4,알확정
D17,더블존,77,트릭크래쉬 220,싱0811 4:03 · 싱0811 3:58* · 싱0811 4:39* · 싱0811 4:00,4,알확정
D17,더블존,78,프렌드,싱0811 4:03* · 싱0811 4:03,1,알확정
D17,더블존,79,니힐리즘 - 어나더 버전 -,싱0811 4:03* · 싱0811 4:06* · 싱0811 4:04,2,알확정
D17,더블존,80,모페모페,싱0811 4:06* · 싱0811 4:08* · 싱0811 4:09* · 싱0811 4:13* · 싱0811 4:10,7,알확정
D17,더블존,81,라그나로크,싱0811 4:06 · 싱0811 4:08* · 싱0811 4:09* · 싱0811 4:13* · 싱0811 4:10,19,알확정
D17,더블존,82,아클루오이아스,싱0811 4:08 · 싱0811 4:09 · 싱0811 4:13 · 싱0811 4:14 · 싱0811 4:06,19,알확정
D17,더블존,83,까랴위사따,싱0811 7:32 · 싱0811 7:37 · 싱0811 7:42 · 싱0811 8:07 · 싱0811 4:10,20,알확정
D17,더블존,84,임프린팅,놀0814 1:20:28* · 싱0811 4:08* · 싱0811 4:09* · 싱0811 4:13* · 싱0811 4:10,19,알확정
D17,더블존,85,스마일 다이어리,놀0814 1:20:28 · 싱0811 7:32* · 싱0811 7:37* · 싱0811 7:42*,13,알확정
D17,더블존,86,VVV,놀0814 1:20:28*,1,알확정
D17,더블존,87,모노리스,놀0814 1:20:28*,1,알확정
D17,더블존,91,슈퍼☆하라구로☆팝,싱0811 7:22* · 싱0811 7:27* · 싱0811 7:47* · 싱0811 7:52* · 싱0811 7:30,29,알확정
D17,더블존,92,이미지네이션,싱0811 7:22* · 싱0811 7:27* · 싱0811 7:47* · 싱0811 7:52* · 싱0811 7:30,29,알확정
D17,더블존,93,오벨리스크,싱0811 7:22 · 싱0811 7:27 · 싱0811 7:47 · 싱0811 7:52 · 싱0811 7:30,30,알확정
D17,더블존,94,레이지 오브 파이어,싱0811 3:44* · 싱0811 7:22* · 싱0811 7:27* · 싱0811 7:47* · 싱0811 7:30,30,알확정
D17,더블존,95,우라늄,싱0811 3:44 · 싱0811 7:22* · 싱0811 7:27* · 싱0811 7:47* · 싱0811 7:30,30,알확정
D17,더블존,96,라이징 스타,싱0811 3:44*,1,알확정
D17,더블존,97,헤드리스 치킨,싱0811 3:44*,1,알확정
D17,더블존,100,블랙 드래곤,놀0814 1:20:32*,1,알확정
D17,더블존,101,사월,놀0814 1:20:32* · 놀0814 1:20:11,1,알확정
D17,더블존,102,킵 온!,놀0814 1:20:32 · 놀0814 1:20:11,1,알확정
D18,더블존,1,고민중독,싱0811 11:38 · 놀0825 7:32:46* · 싱0811 15:59*,5,알확정
D18,더블존,2,빌려온 고양이,놀0825 7:32:46 · 싱0811 11:38* · 싱0811 15:59* · 싱0811 58:56* · 싱0811 11:38,6,알확정
D18,더블존,3,뱅 뱅,싱0811 15:59 · 놀0825 7:32:46* · 싱0811 11:38* · 싱0811 58:56*,6,알확정
D18,더블존,4,비행기,싱0811 58:56 · 놀0825 7:32:46* · 싱0811 15:59*,4,알확정
D18,더블존,5,노스텔지어,싱0811 15:59* · 싱0811 58:56*,3,알확정
D18,더블존,6,조깅,싱0811 58:56*,1,표지확정
D18,더블존,51,파이어 오브 데스티니,놀0814 1:20:44*,2,알확정
D18,더블존,52,더 레버리,놀0814 1:20:44*,2,알확정
D18,더블존,53,시그너스,놀0814 1:20:44,2,알확정
D18,더블존,54,트로피카닉,놀0814 1:20:44*,2,알확정
D18,더블존,55,갓 모드 2.0 feat. Skizzo,놀0814 1:20:44*,2,알확정
D18,더블존,57,슈브 니구라스,싱0811 16:15,1,눈판독
D18,더블존,58,브레이크 아웃,싱0811 16:09* · 싱0811 16:13* · 싱0811 16:14* · 싱0811 16:18* · 싱0811 16:15,40,알확정
D18,더블존,59,사라반드,싱0811 16:09* · 싱0811 16:13* · 싱0811 16:14* · 싱0811 16:18* · 싱0811 16:07,40,알확정
D18,더블존,60,우츠시요 노 카제 feat. Kana,싱0811 16:09 · 싱0811 16:13 · 싱0811 16:14 · 싱0811 16:18 · 싱0811 16:15,40,알확정
D18,더블존,61,업 앤 업 (Produced by AWAL),싱0811 16:09* · 싱0811 16:13* · 싱0811 16:14* · 싱0811 16:18* · 싱0811 16:15,40,알확정
D18,더블존,62,트래블 투 퓨처,싱0811 16:09* · 싱0811 16:13* · 싱0811 16:14* · 싱0811 16:18*,40,알확정
D18,더블존,78,오버블로우,싱0811 16:23* · 싱0811 16:24* · 싱0811 16:28* · 싱0811 16:38*,14,알확정
D18,더블존,79,위 갓 투 노우,싱0811 16:23* · 싱0811 16:24* · 싱0811 16:28* · 싱0811 16:38*,14,알확정
D18,더블존,80,네이티브,싱0811 16:23 · 싱0811 16:24 · 싱0811 16:28 · 싱0811 16:38,14,알확정
D18,더블존,81,소서리스 엘리제,싱0811 16:23* · 싱0811 16:24* · 싱0811 16:28* · 싱0811 16:38*,14,알확정
D18,더블존,82,유 갓 투 노우,싱0811 16:23* · 싱0811 16:24* · 싱0811 16:28* · 싱0811 16:38*,14,알확정
D18,더블존,92,러브 이즈 어 데인저 존 pt.2,놀0814 1:20:51*,2,알확정
D18,더블존,93,점프,놀0814 1:20:51*,2,알확정
D18,더블존,94,제이 봉,놀0814 1:20:51,2,알확정
D18,더블존,95,파이널 오디션 3,놀0814 1:20:51*,2,알확정
D18,더블존,96,디 갱,놀0814 1:20:51*,2,알확정
D18,더블존,136,스텝,놀0814 1:21:00*,1,표지확정(크기전용)
D18,더블존,137,락 더 하우스,놀0814 1:21:00*,1,표지확정(크기전용)
D18,더블존,138,필 마이 해피니스,놀0814 1:21:00,1,표지확정(크기전용)
D18,더블존,139,배드 애플!! feat. Nomico,놀0814 1:21:00*,1,표지확정(크기전용)
D18,더블존,140,프라임,놀0814 1:21:00*,1,표지확정(크기전용)
D18,더블존,158,라 그랑 블루,싱0811 11:38* · 싱0811 11:38 ⚠정본 158번,2,알확정
D18,더블존,159,클루,놀0825 7:32:46* · 싱0811 11:38* · 싱0811 11:38 ⚠정본 159번,3,알확정
D19,더블존,2,스톰,싱0811 1:16:38* · 싱0811 1:16:42* · 싱0811 1:16:46* · 싱0811 (시각 미기재) ⚠정본 5번,3,알확정
D19,더블존,3,풀 문,싱0811 1:16:38* · 싱0811 1:16:42* · 싱0811 1:16:46* · 싱0811 (시각 미기재) ⚠정본 6번,3,알확정
D19,더블존,4,타이밍,싱0811 59:06*,1,알확정
D19,더블존,5,날아올라,싱0811 59:06*,1,알확정
D19,더블존,6,굿 나이트,싱0811 59:06,1,알확정
D19,더블존,7,또다른 진심,싱0811 59:06*,1,알확정
D19,더블존,8,엔조이 더 쇼,싱0811 59:06*,1,알확정
D19,더블존,78,바이너리 스타,싱0811 1:17:00* · 싱0811 1:17:02* · 싱0811 1:17:10*,3,알확정
D19,더블존,79,코스믹 레일로드,싱0811 1:17:00* · 싱0811 1:17:02* · 싱0811 1:17:10*,3,알확정
D19,더블존,80,에너지 시너지 매트릭스,싱0811 1:17:00 · 싱0811 1:17:02 · 싱0811 1:17:10,3,알확정
D19,더블존,81,밀크,싱0811 1:17:00* · 싱0811 1:17:02* · 싱0811 1:17:10*,3,알확정
D19,더블존,82,어콰이어,싱0811 1:17:00* · 싱0811 1:17:02* · 싱0811 1:17:10*,3,알확정
D19,더블존,88,팝핀 샤워,싱0811 1:17:12* · 싱0811 1:17:17* · 싱0811 1:17:25* · 싱0811 1:17:00,3,알확정
D19,더블존,89,익스트림 음악학원 2교시  feat. Nanahira,싱0811 1:17:12* · 싱0811 1:17:17* · 싱0811 1:17:25* · 싱0811 1:17:00,3,알확정
D19,더블존,90,솔저스 (TANO*C W TEAM RED ANTHEM),싱0811 1:17:12 · 싱0811 1:17:17 · 싱0811 1:17:25 · 싱0811 1:17:00,3,알확정
D19,더블존,91,팝 시퀀스,싱0811 1:17:12* · 싱0811 1:17:17* · 싱0811 1:17:25* · 싱0811 1:17:00,3,알확정
D19,더블존,92,클럽 나이트,싱0811 1:17:12* · 싱0811 1:17:17* · 싱0811 1:17:25* · 싱0811 1:17:00,3,알확정
D19,더블존,117,킬 뎀!,싱0811 1:16:38* · 싱0811 1:16:42* · 싱0811 1:16:46* · 싱0811 (시각 미기재) ⚠정본 2번,3,알확정
D19,더블존,118,도나텔로,싱0811 1:16:38* · 싱0811 1:16:42* · 싱0811 1:16:46* · 싱0811 (시각 미기재) ⚠정본 3번,3,알확정
D20,더블존,12,더 아포칼립스,싱0811 1:07:27* · 싱0811 1:07:29* · 싱0811 1:07:32* · 싱0811 1:07:34* · 싱0811 (시각 미기재),6,알확정
D20,더블존,13,그로스,싱0811 1:07:27* · 싱0811 1:07:29* · 싱0811 1:07:32* · 싱0811 1:07:34* · 싱0811 (시각 미기재),6,알확정
D20,더블존,14,꼭두각시,싱0811 1:07:27 · 싱0811 1:07:29 · 싱0811 1:07:32 · 싱0811 1:07:34,6,알확정
D20,더블존,15,루시드 드림,싱0811 1:07:27* · 싱0811 1:07:29* · 싱0811 1:07:32* · 싱0811 1:07:34* · 싱0811 (시각 미기재),6,알확정
D20,더블존,16,시,싱0811 1:07:27* · 싱0811 1:07:29* · 싱0811 1:07:32* · 싱0811 1:07:34* · 싱0811 (시각 미기재),6,알확정
D20,더블존,18,솔페지에토,싱0811 59:12*,1,알확정
D20,더블존,19,데몬 오브 라플라스,싱0811 59:12*,1,알확정
D20,더블존,20,임페리움,싱0811 59:12,1,알확정
D20,더블존,21,데카 댄스,싱0811 59:12*,1,알확정
D20,더블존,22,뉴 로즈,싱0811 59:12*,1,알확정
D20,더블존,29,텔링 포츈 플라워,놀0814 1:24:30*,1,알확정
D20,더블존,30,니알라토텝,놀0814 1:24:30*,1,알확정
D20,더블존,31,금혼식,놀0814 1:24:30,1,알확정
D20,더블존,32,까르멘 버스,놀0814 1:24:30*,1,알확정
D20,더블존,33,아이스 오브 데스,놀0814 1:24:30*,1,알확정
D20,더블존,58,러브 이즈 어 데인저 존(Cranky 믹스),놀0814 1:24:35*,1,알확정
D20,더블존,59,엑시던트,놀0814 1:24:35*,1,알확정
D20,더블존,60,디,놀0814 1:24:35,1,알확정
D20,더블존,61,루시드(PIU Edit),놀0814 1:24:35*,1,알확정
D20,더블존,62,멘탈 라이더,놀0814 1:24:35*,1,알확정
D20,더블존,78,태동 2,싱0811 1:12:38*,1,알확정
D20,더블존,79,비,싱0811 1:12:38*,1,알확정
D20,더블존,80,비트 오브 더 워,싱0811 1:12:38,1,알확정
D20,더블존,81,닥터 엠,싱0811 1:12:38*,1,알확정
D20,더블존,82,파이널 오디션 2,싱0811 1:12:38*,1,알확정
D20,더블존,84,카타스트로피,싱0811 1:03:05* · 싱0811 1:03:10* · 싱0811 1:12:42* · 싱0811 1:12:43* · 싱0811 (시각 미기재),25,알확정
D20,더블존,85,휴먼 익스팅션 (PIU Edit.),싱0811 1:03:05* · 싱0811 1:03:10* · 싱0811 1:12:42* · 싱0811 1:12:43* · 싱0811 (시각 미기재),25,알확정
D20,더블존,86,굿텍,싱0811 1:03:05 · 싱0811 1:03:10 · 싱0811 1:12:42 · 싱0811 1:12:43 · 싱0811 59:50,35,알확정
D20,더블존,87,스테이저,놀0814 1:24:40* · 싱0811 59:27* · 싱0811 59:32* · 싱0811 59:37* · 싱0811 59:50,36,알확정
D20,더블존,88,지젤,싱0811 59:27 · 싱0811 59:32 · 싱0811 59:37 · 싱0811 59:42 · 싱0811 59:50,36,알확정
D20,더블존,89,할시온,놀0814 1:24:40 · 싱0811 59:27* · 싱0811 59:32* · 싱0811 59:37* · 싱0811 59:50,11,알확정
D20,더블존,90,디스트로0ㅣ어,놀0814 1:24:40* · 싱0811 59:27* · 싱0811 59:32* · 싱0811 59:37*,11,알확정
D20,더블존,91,빅 대디,놀0814 1:24:40*,1,알확정
D20,더블존,96,페이브 가든,놀0814 1:24:39*,1,알확정
D20,더블존,97,인디스트럭터블,놀0814 1:24:39*,1,알확정
D20,더블존,98,크로스 소울,놀0814 1:24:39,1,알확정
D20,더블존,99,브로큰 카르마 (PIU EDIT),놀0814 1:24:39*,1,알확정
D20,더블존,100,천년이 지나서,놀0814 1:24:39*,1,알확정
D21,더블존,9,얼티밋 아이즈,싱0810 1:17:51 (정본 기준 +1칸),1,눈판독
D21,더블존,10,냥-턴 (feat. KuTiNA),싱0810 1:17:51 (정본 기준 +1칸),1,눈판독
D21,더블존,12,유포리아닉,싱0810 1:17:51 (정본 기준 +1칸),1,눈판독
D21,더블존,13,결투,싱0810 1:17:51 (정본 기준 +1칸),1,눈판독
D21,더블존,23,에렌델,놀0814 1:24:50*,1,알확정
D21,더블존,24,힘 오브 골든 글로리,놀0814 1:24:50*,1,알확정
D21,더블존,25,머독 vs 오타다,놀0814 1:24:50,1,알확정
D21,더블존,26,크림슨 후드,놀0814 1:24:50*,1,알확정
D21,더블존,27,디스트릭트 1,놀0814 1:24:50*,1,알확정
D21,더블존,48,암피트리온,놀0814 1:24:54*,1,알확정
D21,더블존,49,레드 스노우,놀0814 1:24:54*,1,알확정
D21,더블존,50,야근,놀0814 1:24:54 · 싱0810 1:18:11 (정본 기준 +1칸),1,알확정
D21,더블존,51,팬텀 -인터메조-,놀0814 1:24:54* · 싱0810 1:18:11 (정본 기준 +1칸),1,알확정
D21,더블존,52,미션 파서블 -블로우 백-,놀0814 1:24:54*,1,알확정
D21,더블존,53,파이널 오디션 에피소드 2-X,싱0810 1:18:11 (정본 기준 +1칸),1,눈판독
D21,더블존,54,비트 더 고스트,싱0810 1:18:11 (정본 기준 +1칸),1,눈판독
D21,더블존,59,팬텀,놀0814 1:24:56*,1,알확정
D21,더블존,60,하이 바이,놀0814 1:24:56*,1,알확정
D21,더블존,61,무혼 2,놀0814 1:24:56,1,알확정
D21,더블존,62,블레이징,놀0814 1:24:56*,1,알확정
D21,더블존,63,엑스트림,놀0814 1:24:56*,1,알확정
D21,더블존,69,터키 행진곡,놀0814 1:24:59*,1,알확정
D21,더블존,70,크래쉬 랜딩 랑데부,놀0814 1:24:59* · 놀0814 1:25:01*,2,알확정
D21,더블존,71,콰투오룩스,놀0814 1:24:59 · 놀0814 1:25:01*,2,알확정
D21,더블존,72,퍼페츄얼,놀0814 1:25:01 · 놀0814 1:24:59*,2,알확정
D21,더블존,73,댄싱,놀0814 1:24:59* · 놀0814 1:25:01*,2,알확정
D21,더블존,74,갤럭시 컬랩스,놀0814 1:25:01*,1,알확정
D22,더블존,2,고민중독,놀0814 1:28:17,1,눈판독
D22,더블존,3,빌려온 고양이,놀0814 1:28:17,1,눈판독
D22,더블존,78,미스터 라푸스,놀0814 1:28:32*,1,알확정
D22,더블존,79,엑스트라바간자,놀0814 1:28:32*,1,알확정
D22,더블존,80,나이트시어터,놀0814 1:28:32,1,알확정
D22,더블존,81,인피니트 에너지 -Overdoze-,놀0814 1:28:32*,1,알확정
D22,더블존,82,댓 키티 (PIU Edit.),놀0814 1:28:32*,1,알확정
D22,더블존,89,지젤,싱0810 1:02:23,1,눈판독
D22,더블존,90,스푸키 마카롱,싱0810 1:02:23,1,눈판독
D22,더블존,91,비코즈 오브 유,싱0810 1:02:21*,1,알확정
D22,더블존,92,팝핀 샤워,싱0810 1:02:21* · 싱0810 1:02:23,1,알확정
D22,더블존,93,배틀 넘버원,싱0810 1:02:21 · 싱0810 1:02:23,1,알확정
D22,더블존,94,솔저스 (TANO*C W TEAM RED ANTHEM),싱0810 1:02:21*,1,알확정
D22,더블존,95,호랑풍류가,싱0810 1:02:17* · 싱0810 1:02:21*,2,알확정
D22,더블존,96,클럽 나이트,싱0810 1:02:17*,1,알확정
D22,더블존,97,인디스트럭터블,싱0810 1:02:17,1,알확정
D22,더블존,98,니힐리즘 - 어나더 버전 -,싱0810 1:02:17*,1,알확정
D22,더블존,99,포인트 제로 2,싱0810 1:02:17*,1,알확정
D22,더블존,104,까랴위사따,싱0810 1:02:10*,1,알확정
D22,더블존,105,임프린팅,싱0810 1:02:10*,1,알확정
D22,더블존,106,저스트 홀드 온 (To All Fighters),싱0810 1:02:10,1,알확정
D22,더블존,107,드림 투 나이트메어,싱0810 1:02:10*,1,알확정
D22,더블존,108,파사칼리아,싱0810 1:02:10*,1,알확정
D22,더블존,109,하드코어 오브 더 노스,싱0810 1:02:09*,1,알확정
D22,더블존,110,유토피아,싱0810 1:02:09*,1,알확정
D22,더블존,111,스타 커맨드,싱0810 1:02:09,1,알확정
D22,더블존,112,드림체이서즈,싱0810 1:02:09*,1,알확정
D22,더블존,113,슈퍼☆하라구로☆팝,놀0814 1:28:39* · 싱0810 1:02:09*,2,알확정
D22,더블존,114,블랙스완,놀0814 1:28:39*,1,알확정
D22,더블존,115,레이지 오브 파이어,놀0814 1:28:39,1,알확정
D22,더블존,116,제로아이즈,놀0814 1:28:39*,1,알확정
D22,더블존,117,크로스 타임,놀0814 1:28:39* · 싱0810 1:02:03* · 싱0810 1:02:02,2,알확정
D22,더블존,118,사월,싱0810 1:02:03* · 싱0810 1:02:02,1,알확정
D22,더블존,119,킵 온!,싱0810 1:02:03,1,알확정
D22,더블존,120,아스테리오스 -리엔트리-,싱0810 1:02:03* · 싱0810 1:02:02,1,알확정
D22,더블존,121,레드라인,싱0810 1:02:03* · 놀0814 1:28:17,1,알확정
D22,더블존,122,도나텔로,놀0814 1:28:17,1,눈판독
D23,더블존,1,뱅 뱅,싱0810 1:21:31,1,눈판독
D23,더블존,2,404 (뉴 에라),싱0810 1:21:31,1,눈판독
D23,더블존,3,체이스 미,싱0810 1:01:49,1,눈판독
D23,더블존,4,엔조이 더 쇼,싱0810 1:01:49,1,눈판독
D23,더블존,5,더 라스트 리벨리온,싱0810 1:01:49,1,눈판독
D23,더블존,6,사월의 축제,싱0810 1:01:49,1,눈판독
D23,더블존,7,이터널 유니버스,싱0810 1:01:49,1,눈판독
D23,더블존,60,패스터 Z,놀0803 18:50*,1,표지확정(크기전용)
D23,더블존,61,파이널 오디션 에피소드 2-1,놀0803 18:50*,1,표지확정(크기전용)
D23,더블존,62,파이널 오디션 에피소드 2-2,놀0803 18:50,1,표지확정(크기전용)
D23,더블존,63,위치 닥터,놀0803 18:50*,1,표지확정(크기전용)
D23,더블존,64,캐논 디,놀0803 18:50*,1,표지확정(크기전용)
D23,더블존,104,BS파워 익스플로전,싱0810 1:21:31,1,눈판독
D23,더블존,105,인피니티,싱0810 1:21:31,1,눈판독
D24,더블존,2,풀 문,싱0810 1:15:29*,1,알확정
D24,더블존,3,굿 나이트,싱0810 1:15:25* · 싱0810 1:15:29*,2,알확정
D24,더블존,4,슬램,싱0810 1:15:29 · 싱0810 1:15:23* · 싱0810 1:15:25*,3,알확정
D24,더블존,5,블레이저,싱0810 1:15:25 · 싱0810 1:15:23* · 싱0810 1:15:29*,3,알확정
D24,더블존,6,디기탈리스,싱0810 1:15:23 · 싱0810 1:15:25* · 싱0810 1:15:29*,3,알확정
D24,더블존,7,오버나이트 플라워,싱0810 1:15:23* · 싱0810 1:15:25*,2,알확정
D24,더블존,8,ESP,싱0810 1:15:23*,1,알확정
D26,더블존,7,카오스 어게인,놀0808 46:04*,1,알확정
D26,더블존,8,헤라클레스,놀0808 46:04*,1,알확정
D26,더블존,9,크림슨 후드,놀0808 46:04,1,알확정
D26,더블존,10,도플갱어,놀0808 45:58* · 놀0808 46:00* · 놀0808 46:04*,3,알확정
D26,더블존,11,1949,놀0808 45:58* · 놀0808 46:00* · 놀0808 46:04*,3,알확정
D26,더블존,12,텔링 포츈 플라워,놀0808 45:58 · 놀0808 46:00 · 놀0808 49:27*,4,알확정
D26,더블존,13,리펜턴스,놀0808 45:58* · 놀0808 46:00* · 놀0808 49:27*,4,알확정
D26,더블존,14,슈브 니구라스,놀0808 49:27 · 놀0808 45:58* · 놀0808 46:00*,4,알확정
D26,더블존,15,이스케이프,놀0808 49:27*,2,알확정
D26,더블존,16,클리너,놀0808 49:27* · 놀0814 1:33:21*,3,알확정
D26,더블존,17,키메라,놀0814 1:33:21*,1,알확정
D26,더블존,18,콰투오룩스,놀0814 1:33:21,1,알확정
D26,더블존,19,프렉쳐 텀퍼렐르,놀0814 1:33:21*,1,알확정
D26,더블존,20,카타스트로피,놀0814 1:33:21*,1,알확정
D26,더블존,24,익스트림 음악학원 2교시  feat. Nanahira,놀0814 1:33:25*,1,알확정
D26,더블존,25,컨플릭트,놀0814 1:33:25*,1,알확정
D26,더블존,26,모페모페,놀0814 1:33:25,1,알확정
D26,더블존,27,시간의 회랑 라비린스,놀0814 1:33:25*,1,알확정
D26,더블존,28,아클루오이아스,놀0814 1:33:25*,1,알확정
D27,더블존,8,1949,놀0814 1:33:39* · 놀0814 1:33:40*,2,알확정
D27,더블존,9,1950,놀0814 1:33:39* · 놀0814 1:33:40*,2,알확정
D27,더블존,10,프리덤 다이브,놀0814 1:33:39 · 놀0814 1:33:40,2,알확정
D27,더블존,11,얼티메이텀,놀0814 1:33:39* · 놀0814 1:33:40*,2,알확정
숏컷 채널,전용채널,1,유포리아닉 - SHORT CUT -,싱0810 1:00:06 화면 003/062 의,1,눈판독
숏컷 채널,전용채널,2,피닉스 오프닝 - SHORT CUT -,싱0810 1:00:06 화면 003/062 의,1,눈판독
숏컷 채널,전용채널,3,쥬핀 - SHORT CUT -,싱0810 1:00:06 화면 003/062,1,눈판독
숏컷 채널,전용채널,4,그로스 - SHORT CUT -,싱0810 1:00:06 화면 003/062 의,1,눈판독
숏컷 채널,전용채널,5,네오 카타르시스 - SHORT CUT -,싱0810 1:00:06 화면 003/062 의,1,눈판독
숏컷 채널,전용채널,34,트롯프리스 - SHORT CUT -,놀0810 19:01 플레이 진입,1,눈판독
숏컷 채널,전용채널,42,러브 이즈 어 데인저 존 pt.2 - SHORT CUT -,놀0810 19:00 곁칸,1,눈판독
숏컷 채널,전용채널,43,엑스트라바간자 - SHORT CUT -,놀0810 19:00 곁칸,1,눈판독
숏컷 채널,전용채널,44,치킨 윙 - SHORT CUT -,놀0810 19:00 곁칸,1,눈판독
숏컷 채널,전용채널,46,무혼 2 - SHORT CUT -,놀0810 19:00 곁칸,1,눈판독
숏컷 채널,전용채널,47,월광 - SHORT CUT -,놀0810 19:00 곁칸,1,눈판독
숏컷 채널,전용채널,48,위치 닥터 - SHORT CUT -,놀0810 19:00 곁칸,1,눈판독
숏컷 채널,전용채널,58,팝 더 트랙 - SHORT CUT -,놀0810 18:53 화면 060/062 의 곁,1,눈판독
숏컷 채널,전용채널,59,파사칼리아 - SHORT CUT -,놀0810 18:53 화면 060/062 의 곁,1,눈판독
숏컷 채널,전용채널,61,사월 - SHORT CUT -,놀0810 18:53 화면 060/062 의 곁,1,눈판독
숏컷 채널,전용채널,62,히페리온 - SHORT CUT -,놀0810 18:53 화면 060/062 의 곁,1,눈판독
뉴튠즈,뉴튠즈,1,고민중독,놀0803 1:02:36 · 놀0803 3:27:27 · 놀0808 39:01 · 놀0808 39:02,84,표지확정
뉴튠즈,뉴튠즈,2,빌려온 고양이,놀0808 35:51 · 놀0814 1:16:37 · 싱0811 24:50 · 놀0803 58:07*,100,표지확정
뉴튠즈,뉴튠즈,3,뱅 뱅,놀0803 58:07 · 놀0803 1:02:39 · 놀0803 2:06:04 · 놀0803 2:06:05,113,표지확정
뉴튠즈,뉴튠즈,4,404 (뉴 에라),놀0803 1:02:40 · 놀0808 35:20 · 놀0808 35:21 · 놀0808 35:22,125,표지확정
뉴튠즈,뉴튠즈,5,엔조이 더 쇼,놀0803 1:02:41 · 놀0808 35:31 · 놀0808 35:54 · 놀0808 51:28,130,표지확정
뉴튠즈,뉴튠즈,6,응징 레스토랑,놀0803 1:02:42 · 놀0808 2:21:06 · 놀0808 3:02:40 · 놀0810 3:01:23,83,표지확정
뉴튠즈,뉴튠즈,7,블레이저,놀0803 1:02:43 · 놀0803 3:31:42 · 놀0808 55:23 · 놀0808 1:36:56,74,표지확정
뉴튠즈,뉴튠즈,8,B3,놀0803 1:02:44 · 놀0808 35:33 · 놀0808 38:43 · 놀0808 38:45,62,표지확정
뉴튠즈,뉴튠즈,9,디기탈리스,놀0803 1:02:45 · 놀0808 58:07 · 놀0808 58:08 · 놀0808 58:09,76,표지확정
뉴튠즈,뉴튠즈,10,더 라스트 리벨리온,놀0808 38:46 · 놀0808 38:47 · 놀0808 3:02:42 · 놀0810 3:01:27,74,표지확정
뉴튠즈,뉴튠즈,11,오버나이트 플라워,놀0803 3:27:30 · 놀0808 35:36 · 놀0808 35:37 · 놀0808 35:38,66,표지확정
뉴튠즈,뉴튠즈,12,레전더리 도미니언,놀0803 1:02:49 · 놀0808 35:40 · 놀0808 35:41 · 놀0808 2:21:12,75,표지확정
뉴튠즈,뉴튠즈,13,크래쉬 랜딩 랑데부,놀0808 35:42 · 놀0808 38:54 · 놀0808 51:40 · 놀0810 3:01:29,78,표지확정
뉴튠즈,뉴튠즈,14,콰투오룩스,놀0803 1:02:50 · 놀0808 35:43 · 놀0808 38:55 · 놀0808 51:41,52,표지확정
뉴튠즈,뉴튠즈,15,나이트시어터,놀0808 35:44 · 놀0808 38:56 · 놀0808 38:57 · 놀0808 2:21:16,62,표지확정
뉴튠즈,뉴튠즈,16,인피니트 에너지 -Overdoze-,놀0803 1:02:52 · 놀0803 1:02:54 · 놀0808 35:45 · 놀0808 38:58,64,표지확정
뉴튠즈,뉴튠즈,17,프리덤 다이브,놀0803 1:02:53 · 놀0808 35:46 · 놀0808 35:47 · 놀0808 55:15,48,표지확정
뉴튠즈,뉴튠즈,18,드림체이서즈,놀0814 1:16:39 · 싱0811 25:26 · 싱0811 25:27 · 싱0811 25:28,48,표지확정(크기전용)
뉴튠즈,뉴튠즈,19,슈퍼☆하라구로☆팝,놀0803 1:02:55 · 놀0808 35:49 · 놀0808 55:13 · 놀0808 55:17,41,표지확정(크기전용)
ORIGINAL,오리지널,37,머독,nolja_0825 8:13:55 제목 줄 직독(카운터 037/331),,직독
S20,싱글존,103,솔저스 (TANO*C W TEAM RED ANTHEM),nolja_0825 7:16:10(26170초) 제목 줄 직독 · 카운터 103/119,,직독
S18,싱글존,124,솔저스 (TANO*C W TEAM RED ANTHEM),nolja_0825 7:12:04(25924초) 제목 줄 직독(멈춘 화면 3.5초) · 카운터 124/157,,직독
ORIGINAL,오리지널,35,라크리모사,"nolja_0825 7:07:45(25665초) 곁칸(37번 확인 프레임의 -2칸, 3연속 프레임 일치)",,곁칸
ORIGINAL,오리지널,36,솔페지에토,"nolja_0825 7:07:45(25665초) 곁칸(37번 확인 프레임의 -1칸, 3연속 프레임 일치)",,곁칸
ORIGINAL,오리지널,38,리틀 먼치킨,"nolja_0825 7:07:45(25665초) 곁칸(37번 확인 프레임의 +1칸, 3연속 프레임 일치)",,곁칸
ORIGINAL,오리지널,39,"사이먼 세이즈, 유로댄스!! (feat. Sara☆M)","nolja_0825 7:07:45(25665초) 곁칸(37번 확인 프레임의 +2칸, 3연속 프레임 일치)",,곁칸
S20,싱글존,104,크로싱 델타,"nolja_0825 7:16:09(26169초) 곁칸(103번 확인 프레임의 +1칸, 5연속 프레임 일치)",,곁칸
S18,싱글존,126,니힐리즘 - 어나더 버전 -,"nolja_0825 7:12:03(25923초) 곁칸(124번 확인 프레임의 +2칸, 7연속 프레임 일치)",,곁칸
ORIGINAL,오리지널,40,바버스 매드니스,"nolja_0825 7:07:47(25667초) 스크롤 추적 직독(37번에서 이어지는 연속 프레임, 사용자 교차확인)",,직독
ORIGINAL,오리지널,41,요! 세이!! 페어리!!!,"nolja_0825 7:07:47.5(25667.5초) 스크롤 추적 직독(37번에서 이어지는 연속 프레임, 사용자 교차확인)",,직독
ORIGINAL,오리지널,42,데몬 오브 라플라스,nolja_0825 7:07:48(25668초) 스크롤 추적 직독(전환 프레임이라 확신도 낮음),,직독
ORIGINAL,오리지널,74,오블리터레이션,nolja_0825 427:52 제목 줄 직독(카운터 074/331),,직독
ORIGINAL,오리지널,112,시그너스,nolja_0825 427:58 제목 줄 직독(카운터 112/331),,직독
ORIGINAL,오리지널,261,파이널 오디션 에피소드 2-2,nolja_0825 428:24 제목 줄 직독(카운터 261/331),,직독
ORIGINAL,오리지널,298,틸 디 엔드 오브 타임,nolja_0825 431:40 제목 줄 직독(카운터 298/331),,직독
ORIGINAL,오리지널,164,엘리제,"nolja_0825 7:08:10(25690초) 곁칸(166번 확인 프레임의 -2칸, 3연속 프레임 일치)",,곁칸
ORIGINAL,오리지널,166,러브 이즈 어 데인저 존(Cranky 믹스),nolja_0825 7:08:10(25690초) 스크롤 추적 직독(3연속 프레임 일치·카운터 166/331 교차확인),,직독
ORIGINAL,오리지널,167,힙노시스(SynthWulf 믹스),"nolja_0825 7:08:10(25690초) 곁칸(166번 확인 프레임의 +1칸, 3연속 프레임 일치)",,곁칸
ORIGINAL,오리지널,168,에프 에프 에프,"nolja_0825 7:08:10(25690초) 곁칸(166번 확인 프레임의 +2칸, 3연속 프레임 일치)",,곁칸
ORIGINAL,오리지널,110,리펜턴스,"nolja_0825 7:07:58(25678초) 곁칸(112번 확인 프레임의 -2칸, 3연속 프레임 일치)",,곁칸
ORIGINAL,오리지널,111,더 레버리,"nolja_0825 7:07:58(25678초) 곁칸(112번 확인 프레임의 -1칸, 3연속 프레임 일치)",,곁칸
ORIGINAL,오리지널,113,트로피카닉,"nolja_0825 7:07:58(25678초) 곁칸(112번 확인 프레임의 +1칸, 3연속 프레임 일치)",,곁칸
ORIGINAL,오리지널,259,미운 오리새끼,"nolja_0825 7:08:24(25704초) 곁칸(261번 확인 프레임의 -2칸, 3연속 프레임 일치)",,곁칸
ORIGINAL,오리지널,260,파이널 오디션 에피소드 2-1,"nolja_0825 7:08:24(25704초) 곁칸(261번 확인 프레임의 -1칸, 3연속 프레임 일치)",,곁칸
ORIGINAL,오리지널,262,비트 오브 더 워 2,"nolja_0825 7:08:24(25704초) 곁칸(261번 확인 프레임의 +1칸, 3연속 프레임 일치)",,곁칸
ORIGINAL,오리지널,263,월광,"nolja_0825 7:08:24(25704초) 곁칸(261번 확인 프레임의 +2칸, 3연속 프레임 일치)",,곁칸
ORIGINAL,오리지널,296,윈터,"nolja_0825 7:08:29(25709초) 곁칸(298번 확인 프레임의 -2칸, 5연속 프레임 일치)",,곁칸
ORIGINAL,오리지널,300,위 윌 밋 어게인,"nolja_0825 7:08:29(25709초) 곁칸(298번 확인 프레임의 +2칸, 5연속 프레임 일치)",,곁칸
ORIGINAL,오리지널,72,웨딩 크래셔,nolja_0825 8:14:01 PM 화면 캡처(사용자 제공) — 카운터 074/331 프레임의 -2칸,,곁칸
ORIGINAL,오리지널,73,스위트로닉,nolja_0825 8:14:01 PM 화면 캡처(사용자 제공) — 카운터 074/331 프레임의 -1칸,,곁칸
ORIGINAL,오리지널,75,트란사칼리아,nolja_0825 8:14:01 PM 화면 캡처(사용자 제공) — 카운터 074/331 프레임의 +1칸,,곁칸
ORIGINAL,오리지널,76,1949,nolja_0825 8:14:01 PM 화면 캡처(사용자 제공) — 카운터 074/331 프레임의 +2칸,,곁칸
ORIGINAL,오리지널,329,눈을 감아,nolja_0825 스크롤 랩어라운드 사용자 확인(331에서 1로 감겨 6번까지 연속),,직독
ORIGINAL,오리지널,4,B3,nolja_0825 스크롤 랩어라운드 사용자 확인(331에서 1로 감겨 6번까지 연속),,직독
ORIGINAL,오리지널,5,디기탈리스,nolja_0825 스크롤 랩어라운드 사용자 확인(331에서 1로 감겨 6번까지 연속),,직독
ORIGINAL,오리지널,6,더 라스트 리벨리온,nolja_0825 스크롤 랩어라운드 사용자 확인(331에서 1로 감겨 6번까지 연속),,직독
ORIGINAL,오리지널,264,위치 닥터,사용자 직접 확인 — 유도목록(261번 밀림 +3)과 정확히 일치(pred[267]=위치 닥터),,직독
ORIGINAL,오리지널,265,러브 이즈 어 데인저 존 pt.2,사용자 직접 확인 — 유도목록(261번 밀림 +3)과 정확히 일치(pred[268]),,직독
ORIGINAL,오리지널,266,팬텀,사용자 직접 확인 — 유도목록(261번 밀림 +3)과 정확히 일치(pred[269]),,직독
ORIGINAL,오리지널,267,파파 곤잘레스,사용자 직접 확인 — 유도목록(261번 밀림 +3)과 정확히 일치(pred[270]),,직독
ORIGINAL,오리지널,268,점프,사용자 직접 확인 — 유도목록(261번 밀림 +3)과 정확히 일치(pred[271]),,직독
ORIGINAL,오리지널,43,피가로의 결혼 ~Celebrazione Remix~,"nolja_0825 자켓 이미지 대조(carousel_scroll_audit, 다수결 2표, 유도목록 일치)",,직독
ORIGINAL,오리지널,44,데몬 오브 라플라스,"nolja_0825 자켓 이미지 대조(carousel_scroll_audit, 다수결 2표, 유도목록 일치)",,직독
ORIGINAL,오리지널,45,블루이쉬 로즈,"nolja_0825 자켓 이미지 대조(carousel_scroll_audit, 다수결 1표, 유도목록 일치)",,직독
ORIGINAL,오리지널,46,록시아,"nolja_0825 자켓 이미지 대조(carousel_scroll_audit, 다수결 1표, 유도목록 일치)",,직독
ORIGINAL,오리지널,47,프ㄹi마 마테ㄹi아,"nolja_0825 자켓 이미지 대조(carousel_scroll_audit, 다수결 2표, 유도목록 일치)",,직독
ORIGINAL,오리지널,49,네오 카타르시스,"nolja_0825 자켓 이미지 대조(carousel_scroll_audit, 다수결 2표, 유도목록 일치)",,직독
ORIGINAL,오리지널,50,열정,"nolja_0825 자켓 이미지 대조(carousel_scroll_audit, 다수결 2표, 유도목록 일치)",,직독
ORIGINAL,오리지널,52,큐리아서티 오버드라이브,"nolja_0825 자켓 이미지 대조(carousel_scroll_audit, 다수결 1표, 유도목록 일치)",,직독
ORIGINAL,오리지널,56,E.O.N,"nolja_0825 자켓 이미지 대조(carousel_scroll_audit, 다수결 1표, 유도목록 일치)",,직독
ORIGINAL,오리지널,57,카오스 어게인,"nolja_0825 자켓 이미지 대조(carousel_scroll_audit, 다수결 1표, 유도목록 일치)",,직독
ORIGINAL,오리지널,58,솔브 마이 허트,"nolja_0825 자켓 이미지 대조(carousel_scroll_audit, 다수결 1표, 유도목록 일치)",,직독
ORIGINAL,오리지널,59,글리머 글림,"nolja_0825 자켓 이미지 대조(carousel_scroll_audit, 다수결 2표, 유도목록 일치)",,직독
ORIGINAL,오리지널,60,서든 어페어런스 이미지,"nolja_0825 자켓 이미지 대조(carousel_scroll_audit, 다수결 1표, 유도목록 일치)",,직독
ORIGINAL,오리지널,61,데카 댄스,"nolja_0825 자켓 이미지 대조(carousel_scroll_audit, 다수결 2표, 유도목록 일치)",,직독
ORIGINAL,오리지널,62,뉴 로즈,"nolja_0825 자켓 이미지 대조(carousel_scroll_audit, 다수결 2표, 유도목록 일치)",,직독
ORIGINAL,오리지널,63,헤라클레스,"nolja_0825 자켓 이미지 대조(carousel_scroll_audit, 다수결 1표, 유도목록 일치)",,직독
ORIGINAL,오리지널,64,인베이젼,"nolja_0825 자켓 이미지 대조(carousel_scroll_audit, 다수결 2표, 유도목록 일치)",,직독
ORIGINAL,오리지널,65,에렌델,"nolja_0825 자켓 이미지 대조(carousel_scroll_audit, 다수결 2표, 유도목록 일치)",,직독
ORIGINAL,오리지널,66,힘 오브 골든 글로리,"nolja_0825 자켓 이미지 대조(carousel_scroll_audit, 다수결 1표, 유도목록 일치)",,직독
ORIGINAL,오리지널,67,아테나의 방패,"nolja_0825 자켓 이미지 대조(carousel_scroll_audit, 다수결 2표, 유도목록 일치)",,직독
ORIGINAL,오리지널,68,머독 vs 오타다,"nolja_0825 자켓 이미지 대조(carousel_scroll_audit, 다수결 1표, 유도목록 일치)",,직독
ORIGINAL,오리지널,69,위더 가든,"nolja_0825 자켓 이미지 대조(carousel_scroll_audit, 다수결 1표, 유도목록 일치)",,직독
ORIGINAL,오리지널,70,이매저너라이즈드 시티,"nolja_0825 자켓 이미지 대조(carousel_scroll_audit, 다수결 1표, 유도목록 일치)",,직독
ORIGINAL,오리지널,71,크림슨 후드,"nolja_0825 자켓 이미지 대조(carousel_scroll_audit, 다수결 1표, 유도목록 일치)",,직독
ORIGINAL,오리지널,78,트란사칼리아,"nolja_0825 자켓 이미지 대조(carousel_scroll_audit, 다수결 1표, 유도목록 일치)",,직독
ORIGINAL,오리지널,82,디스트릭트 1,"nolja_0825 자켓 이미지 대조(carousel_scroll_audit, 다수결 1표, 유도목록 일치)",,직독
ORIGINAL,오리지널,83,슈가 플럼,"nolja_0825 자켓 이미지 대조(carousel_scroll_audit, 다수결 1표, 유도목록 일치)",,직독
ORIGINAL,오리지널,84,텔링 포츈 플라워,"nolja_0825 자켓 이미지 대조(carousel_scroll_audit, 다수결 1표, 유도목록 일치)",,직독
ORIGINAL,오리지널,85,니알라토텝,"nolja_0825 자켓 이미지 대조(carousel_scroll_audit, 다수결 1표, 유도목록 일치)",,직독
ORIGINAL,오리지널,91,금혼식,"nolja_0825 자켓 이미지 대조(carousel_scroll_audit, 다수결 1표, 유도목록 일치)",,직독
ORIGINAL,오리지널,92,라 그랑드 루즈,"nolja_0825 자켓 이미지 대조(carousel_scroll_audit, 다수결 1표, 유도목록 일치)",,직독
ORIGINAL,오리지널,93,까르멘 버스,"nolja_0825 자켓 이미지 대조(carousel_scroll_audit, 다수결 2표, 유도목록 일치)",,직독
ORIGINAL,오리지널,94,마카롱 데이,"nolja_0825 자켓 이미지 대조(carousel_scroll_audit, 다수결 2표, 유도목록 일치)",,직독
ORIGINAL,오리지널,96,포세이돈,"nolja_0825 자켓 이미지 대조(carousel_scroll_audit, 다수결 1표, 유도목록 일치)",,직독
ORIGINAL,오리지널,97,아드레날린 블래스터,"nolja_0825 자켓 이미지 대조(carousel_scroll_audit, 다수결 2표, 유도목록 일치)",,직독
ORIGINAL,오리지널,99,테일즈 오브 펌프니아,"nolja_0825 자켓 이미지 대조(carousel_scroll_audit, 다수결 2표, 유도목록 일치)",,직독
ORIGINAL,오리지널,100,김치 핑거즈,"nolja_0825 자켓 이미지 대조(carousel_scroll_audit, 다수결 2표, 유도목록 일치)",,직독
ORIGINAL,오리지널,102,파괴,"nolja_0825 자켓 이미지 대조(carousel_scroll_audit, 다수결 2표, 유도목록 일치)",,직독
ORIGINAL,오리지널,103,클레마티스 랩소디아,"nolja_0825 자켓 이미지 대조(carousel_scroll_audit, 다수결 2표, 유도목록 일치)",,직독
ORIGINAL,오리지널,104,위키드 레전드,"nolja_0825 자켓 이미지 대조(carousel_scroll_audit, 다수결 1표, 유도목록 일치)",,직독
ORIGINAL,오리지널,106,스타드림 (feat. Romelon),"nolja_0825 자켓 이미지 대조(carousel_scroll_audit, 다수결 2표, 유도목록 일치)",,직독
ORIGINAL,오리지널,107,캉-캉 ~Orpheus in The Party Mix~,"nolja_0825 자켓 이미지 대조(carousel_scroll_audit, 다수결 1표, 유도목록 일치)",,직독
ORIGINAL,오리지널,108,파파시토 (feat.  KuTiNA),"nolja_0825 자켓 이미지 대조(carousel_scroll_audit, 다수결 2표, 유도목록 일치)",,직독
ORIGINAL,오리지널,109,파이어 오브 데스티니,"nolja_0825 자켓 이미지 대조(carousel_scroll_audit, 다수결 2표, 유도목록 일치)",,직독
ORIGINAL,오리지널,114,더 레버리,"nolja_0825 자켓 이미지 대조(carousel_scroll_audit, 다수결 14표, 유도목록 일치)",,직독
ORIGINAL,오리지널,115,시그너스,"nolja_0825 자켓 이미지 대조(carousel_scroll_audit, 다수결 15표, 유도목록 일치)",,직독
ORIGINAL,오리지널,116,트로피카닉,"nolja_0825 자켓 이미지 대조(carousel_scroll_audit, 다수결 14표, 유도목록 일치)",,직독
ORIGINAL,오리지널,117,갓 모드 2.0 feat. Skizzo,"nolja_0825 자켓 이미지 대조(carousel_scroll_audit, 다수결 2표, 유도목록 일치)",,직독
ORIGINAL,오리지널,118,라스트 리버스,"nolja_0825 자켓 이미지 대조(carousel_scroll_audit, 다수결 5표, 유도목록 일치)",,직독
ORIGINAL,오리지널,119,슈퍼 카프리시오,"nolja_0825 자켓 이미지 대조(carousel_scroll_audit, 다수결 1표, 유도목록 일치)",,직독
ORIGINAL,오리지널,120,헬파이어,"nolja_0825 자켓 이미지 대조(carousel_scroll_audit, 다수결 1표, 유도목록 일치)",,직독
ORIGINAL,오리지널,122,크로스 오버 feat. LyuU,"nolja_0825 자켓 이미지 대조(carousel_scroll_audit, 다수결 1표, 유도목록 일치)",,직독
ORIGINAL,오리지널,123,갓 모드 feat. Skizzo,"nolja_0825 자켓 이미지 대조(carousel_scroll_audit, 다수결 1표, 유도목록 일치)",,직독
ORIGINAL,오리지널,124,슈브 니구라스,"nolja_0825 자켓 이미지 대조(carousel_scroll_audit, 다수결 1표, 유도목록 일치)",,직독
ORIGINAL,오리지널,129,브레이크 아웃,"nolja_0825 자켓 이미지 대조(carousel_scroll_audit, 다수결 1표, 유도목록 일치)",,직독
ORIGINAL,오리지널,130,사라반드,"nolja_0825 자켓 이미지 대조(carousel_scroll_audit, 다수결 1표, 유도목록 일치)",,직독
ORIGINAL,오리지널,131,가장신자,"nolja_0825 자켓 이미지 대조(carousel_scroll_audit, 다수결 1표, 유도목록 일치)",,직독
ORIGINAL,오리지널,133,패싱 라이더,"nolja_0825 자켓 이미지 대조(carousel_scroll_audit, 다수결 1표, 유도목록 일치)",,직독
ORIGINAL,오리지널,135,알레그로 퓨리오소,"nolja_0825 자켓 이미지 대조(carousel_scroll_audit, 다수결 1표, 유도목록 일치)",,직독
ORIGINAL,오리지널,136,앵귀시드 언메이킹,"nolja_0825 자켓 이미지 대조(carousel_scroll_audit, 다수결 1표, 유도목록 일치)",,직독
ORIGINAL,오리지널,138,헤이 유,"nolja_0825 자켓 이미지 대조(carousel_scroll_audit, 다수결 2표, 유도목록 일치)",,직독
ORIGINAL,오리지널,139,트위스트 오브 페이트 (feat. Ruriling),"nolja_0825 자켓 이미지 대조(carousel_scroll_audit, 다수결 2표, 유도목록 일치)",,직독
ORIGINAL,오리지널,141,업 앤 업 (Produced by AWAL),"nolja_0825 자켓 이미지 대조(carousel_scroll_audit, 다수결 2표, 유도목록 일치)",,직독
ORIGINAL,오리지널,142,트래블 투 퓨처,"nolja_0825 자켓 이미지 대조(carousel_scroll_audit, 다수결 2표, 유도목록 일치)",,직독
ORIGINAL,오리지널,144,어웨이크닝,"nolja_0825 자켓 이미지 대조(carousel_scroll_audit, 다수결 2표, 유도목록 일치)",,직독
ORIGINAL,오리지널,146,왈츠 오브 도지,"nolja_0825 자켓 이미지 대조(carousel_scroll_audit, 다수결 1표, 유도목록 일치)",,직독
ORIGINAL,오리지널,147,하트 어택,"nolja_0825 자켓 이미지 대조(carousel_scroll_audit, 다수결 2표, 유도목록 일치)",,직독
ORIGINAL,오리지널,148,네메시스,"nolja_0825 자켓 이미지 대조(carousel_scroll_audit, 다수결 4표, 유도목록 일치)",,직독
ORIGINAL,오리지널,150,라티노 바이러스,"nolja_0825 자켓 이미지 대조(carousel_scroll_audit, 다수결 10표, 유도목록 일치)",,직독
ORIGINAL,오리지널,151,엘리시움,"nolja_0825 자켓 이미지 대조(carousel_scroll_audit, 다수결 13표, 유도목록 일치)",,직독
ORIGINAL,오리지널,152,요그 소토스,"nolja_0825 자켓 이미지 대조(carousel_scroll_audit, 다수결 8표, 유도목록 일치)",,직독
ORIGINAL,오리지널,153,실루엣 이펙트,"nolja_0825 자켓 이미지 대조(carousel_scroll_audit, 다수결 10표, 유도목록 일치)",,직독
ORIGINAL,오리지널,155,아발란치,"nolja_0825 자켓 이미지 대조(carousel_scroll_audit, 다수결 4표, 유도목록 일치)",,직독
ORIGINAL,오리지널,156,포스 오브 라,"nolja_0825 자켓 이미지 대조(carousel_scroll_audit, 다수결 1표, 유도목록 일치)",,직독
ORIGINAL,오리지널,158,유 갓 미 크레이지,"nolja_0825 자켓 이미지 대조(carousel_scroll_audit, 다수결 2표, 유도목록 일치)",,직독
ORIGINAL,오리지널,159,B2,"nolja_0825 자켓 이미지 대조(carousel_scroll_audit, 다수결 2표, 유도목록 일치)",,직독
ORIGINAL,오리지널,162,헤스티아,"nolja_0825 자켓 이미지 대조(carousel_scroll_audit, 다수결 1표, 유도목록 일치)",,직독
ORIGINAL,오리지널,165,리무버블 디스코,"nolja_0825 자켓 이미지 대조(carousel_scroll_audit, 다수결 1표, 유도목록 일치)",,직독
ORIGINAL,오리지널,169,히아신스,"nolja_0825 자켓 이미지 대조(carousel_scroll_audit, 다수결 1표, 유도목록 일치)",,직독
ORIGINAL,오리지널,170,블레이즈 이모션 (Band version),"nolja_0825 자켓 이미지 대조(carousel_scroll_audit, 다수결 2표, 유도목록 일치)",,직독
ORIGINAL,오리지널,171,1950,"nolja_0825 자켓 이미지 대조(carousel_scroll_audit, 다수결 2표, 유도목록 일치)",,직독
ORIGINAL,오리지널,172,설탕음모론,"nolja_0825 자켓 이미지 대조(carousel_scroll_audit, 다수결 1표, 유도목록 일치)",,직독
ORIGINAL,오리지널,187,엘리제,"nolja_0825 자켓 이미지 대조(carousel_scroll_audit, 다수결 8표, 유도목록 일치)",,직독
ORIGINAL,오리지널,189,러브 이즈 어 데인저 존(Cranky 믹스),"nolja_0825 자켓 이미지 대조(carousel_scroll_audit, 다수결 12표, 유도목록 일치)",,직독
ORIGINAL,오리지널,190,힙노시스(SynthWulf 믹스),"nolja_0825 자켓 이미지 대조(carousel_scroll_audit, 다수결 10표, 유도목록 일치)",,직독
ORIGINAL,오리지널,191,에프 에프 에프,"nolja_0825 자켓 이미지 대조(carousel_scroll_audit, 다수결 8표, 유도목록 일치)",,직독
ORIGINAL,오리지널,192,유니크,"nolja_0825 자켓 이미지 대조(carousel_scroll_audit, 다수결 6표, 유도목록 일치)",,직독
ORIGINAL,오리지널,193,엑시던트,"nolja_0825 자켓 이미지 대조(carousel_scroll_audit, 다수결 2표, 유도목록 일치)",,직독
ORIGINAL,오리지널,195,유 갓 미 락킹,"nolja_0825 자켓 이미지 대조(carousel_scroll_audit, 다수결 1표, 유도목록 일치)",,직독
ORIGINAL,오리지널,211,네이티브,"nolja_0825 자켓 이미지 대조(carousel_scroll_audit, 다수결 1표, 유도목록 일치)",,직독
ORIGINAL,오리지널,212,야근,"nolja_0825 자켓 이미지 대조(carousel_scroll_audit, 다수결 1표, 유도목록 일치)",,직독
ORIGINAL,오리지널,214,잣,"nolja_0825 자켓 이미지 대조(carousel_scroll_audit, 다수결 1표, 유도목록 일치)",,직독
ORIGINAL,오리지널,224,제네시스,"nolja_0825 자켓 이미지 대조(carousel_scroll_audit, 다수결 2표, 유도목록 일치)",,직독
ORIGINAL,오리지널,227,안녕 윌리엄,"nolja_0825 자켓 이미지 대조(carousel_scroll_audit, 다수결 6표, 유도목록 일치)",,직독
ORIGINAL,오리지널,228,터키 행진곡 -미니멀튠즈-,"nolja_0825 자켓 이미지 대조(carousel_scroll_audit, 다수결 7표, 유도목록 일치)",,직독
ORIGINAL,오리지널,229,겟 업 (앤 고),"nolja_0825 자켓 이미지 대조(carousel_scroll_audit, 다수결 4표, 유도목록 일치)",,직독
ORIGINAL,오리지널,230,팬텀 -인터메조-,"nolja_0825 자켓 이미지 대조(carousel_scroll_audit, 다수결 2표, 유도목록 일치)",,직독
ORIGINAL,오리지널,231,미션 파서블 -블로우 백-,"nolja_0825 자켓 이미지 대조(carousel_scroll_audit, 다수결 2표, 유도목록 일치)",,직독
ORIGINAL,오리지널,232,펌핑 점핑,"nolja_0825 자켓 이미지 대조(carousel_scroll_audit, 다수결 1표, 유도목록 일치)",,직독
ORIGINAL,오리지널,239,디제이 오타다,"nolja_0825 자켓 이미지 대조(carousel_scroll_audit, 다수결 1표, 유도목록 일치)",,직독
ORIGINAL,오리지널,240,케이.오.에이 : 엘리스 인 원더월드,"nolja_0825 자켓 이미지 대조(carousel_scroll_audit, 다수결 1표, 유도목록 일치)",,직독
ORIGINAL,오리지널,241,마이 드림즈,"nolja_0825 자켓 이미지 대조(carousel_scroll_audit, 다수결 1표, 유도목록 일치)",,직독
ORIGINAL,오리지널,242,토카타,"nolja_0825 자켓 이미지 대조(carousel_scroll_audit, 다수결 2표, 유도목록 일치)",,직독
ORIGINAL,오리지널,244,펌트리스 8비트 ver.,"nolja_0825 자켓 이미지 대조(carousel_scroll_audit, 다수결 1표, 유도목록 일치)",,직독
ORIGINAL,오리지널,245,무혼 1.5,"nolja_0825 자켓 이미지 대조(carousel_scroll_audit, 다수결 2표, 유도목록 일치)",,직독
ORIGINAL,오리지널,246,비트 더 고스트,"nolja_0825 자켓 이미지 대조(carousel_scroll_audit, 다수결 2표, 유도목록 일치)",,직독
ORIGINAL,오리지널,247,카프리스 오브 오타다,"nolja_0825 자켓 이미지 대조(carousel_scroll_audit, 다수결 1표, 유도목록 일치)",,직독
ORIGINAL,오리지널,248,머니,"nolja_0825 자켓 이미지 대조(carousel_scroll_audit, 다수결 2표, 유도목록 일치)",,직독
ORIGINAL,오리지널,249,몽키 핑거즈 2,"nolja_0825 자켓 이미지 대조(carousel_scroll_audit, 다수결 2표, 유도목록 일치)",,직독
ORIGINAL,오리지널,251,펌트리스 꽈뜨로,"nolja_0825 자켓 이미지 대조(carousel_scroll_audit, 다수결 2표, 유도목록 일치)",,직독
ORIGINAL,오리지널,252,기타 맨,"nolja_0825 자켓 이미지 대조(carousel_scroll_audit, 다수결 2표, 유도목록 일치)",,직독
ORIGINAL,오리지널,253,히글디 피글디,"nolja_0825 자켓 이미지 대조(carousel_scroll_audit, 다수결 1표, 유도목록 일치)",,직독
ORIGINAL,오리지널,254,잼 오 비트,"nolja_0825 자켓 이미지 대조(carousel_scroll_audit, 다수결 2표, 유도목록 일치)",,직독
ORIGINAL,오리지널,255,위치 닥터 #1,"nolja_0825 자켓 이미지 대조(carousel_scroll_audit, 다수결 2표, 유도목록 일치)",,직독
ORIGINAL,오리지널,256,아크 오브 다크니스,"nolja_0825 자켓 이미지 대조(carousel_scroll_audit, 다수결 1표, 유도목록 일치)",,직독
ORIGINAL,오리지널,258,사랑가 2006,"nolja_0825 자켓 이미지 대조(carousel_scroll_audit, 다수결 4표, 유도목록 일치)",,직독
